row_hash,is_laundering,type_code
000447bf91c43c727f5f90c831dd0fa67d4160e1aa5e787f07dcde5836a8c341,0,0
0004a33d528e22d2fad9bcd0872ae50004d3a8b3981acf07e4ed7400d2c9fefc,0,0
0014c39695c7e09a717a4853d72883bdcfd65432d601316b55ea7c7b4ce15b3d,0,0
0016c136c1b13c536e8903346b784da18892ea190c5702eee2e34ed3cca55c92,0,0
00195afee377d6af057f4d585513bbfb41372efc16cec2a81d222dfc8c1807c8,0,0
003cd4ff10204c09b3987af64a397fd93bde1a41bb388a9112186824ae5be448,0,0
00404049b8beb04cbc62e08985278ba91ce5d1c8742c0d3b35c4726b63512c8a,0,0
0046e585b827b1b42cdd6e049c4c7f0d1aaa8ee2cc44d1432ce900f352a65722,0,0
0054a82a8c8d04455c49a2c96997a135b7c1e438a03befc26f7fed6681b9aea7,0,0
005734089af68e516fbd6da5b376539983319cba0c90b6d79614e96290c6dbc9,0,0
005ada387b60f737bf1358b251ae6447c5b7e10eab394e854bb20361a68c3f41,0,0
0068dbddde357ddfd70e216a9963613257fb7682ff3dddbec068953e309ca631,0,0
006dedf3b4bd3abb900fb6730edc2f38f9946327f881fb85de5e29cbecdc40e6,0,0
0073666effc6af58eb91d75b1c0cad18552ceff01f74b89658ae68696880261f,0,0
0077b1b05fcd24367f6131c50bbe8cc7360d8a1eecf8651a36a9e1e7da050e78,0,0
008b06cfd22391598228327dd05cc2442ace63c2e5957b6b04c7472364e06377,0,0
008e27d11d11404afcb977dd82c52f5796b7e804ba0ecebd0a8cf90bfb0086f7,0,0
008fe17021fa4450deea5f70298293bc941bdd1e17f581b6ff3aec4d9ce413c7,0,0
008ffb953c394451a0d7df95f267b715773ebafae3fce2f3fa33f90a5c67ea10,0,0
00911bc2349722125f831c2c63f136163bc3195c4f7e577499bcbf3389dd8b94,0,0
009c8661dd7f6a618168ff49254b89064fc75d93a5f0cdb3632259baa49fe271,0,0
009f33496c0ce1e2c53292caa7bc795c24d31b87bc9a851401e11dd5a935a7c3,0,0
00a10c14866439b7b35da1dfc4b44bcc058470cf58c9ba3e19061f091eac58a3,0,0
00a2db62571a8b16c81540625da6fb4931bef140ee9c019de4bd2ba610c8be3c,0,0
00b130ebf7c4e27e1418aa802da7e6682e2ed5624818d6563a109b95a211119b,0,0
00d5d7f446fa04072191a4d83b099dc75b87daf21081a93f81a2ad1cbd52a289,0,0
00dc4fe230ef0a4c66930f6dd03a436d0fa4470bcdf6b29107413ef9f410c086,0,0
00e129c1fd76082cf0569f6bbdd1a7435a35ad1aa2d30b98144246aafb5f05a9,0,0
00e7b6d6d630c788f284048f5657280ef9d3ee584ead896cac705bcf94d462d8,0,0
00f4dc36fad3123010d6d7a14666442d77bb579bc72ef3edd4a178d6204cd6b3,0,0
00f50cee61697b294b82a67ae358dabba65fe7f718c581a2305fe5bd63d92a83,0,0
00fd2fd1ab56d09cd3ac51a391ed40eb360e2476874f339f528d62e3aeced1df,0,0
00fdb7178a2bca795b72ce1a016448a8d21e0bd588a36eaf8cbd470acc23f8d9,0,0
0100e1483f68ce9f78247abf10708e9fc93da8640c2397831935dbc0753f3680,0,0
01055b8eae99d7e44b36b55d82392f921d5eb71534851281119eb141b5481dec,0,0
01100c5c0e5cff03e63615fdd0e703fae299b624ada0c6b573b15e8cb8e108cd,0,0
011054d7487dc5464d54ca4faeeb02fc1196178454dd747d2e256794343415d1,0,0
011160fae3c96a88985b66b8acd2a194c91fee1d469208b3ba2f9d5e35ce7f80,0,0
01235d5e590ff5074942a810e0b10bb003e0932d42a28ac2b71eecb627ca8c88,0,0
0124bc2e93d0249a4031b988b2f1ab9e7eea8901ae88c48df642eab249a5388c,0,0
012dfba19db8df14237634fd77b87da46c89ed2586a5c57345cfaf87bc1768ca,0,0
012ef9c724d30b16e1b6d34949661e7b72a1859d23202650413150c148e5c29b,0,0
013098d7fbb8901058a9778360009c8932735cebdbf53d00e82406cd6b84274a,0,0
0139c54230b71f7e99a3e8b99529f2c6d0fb33dc9db65638d3f298dae690ac56,0,0
013aa42672b18bc1d432181a6b0220e8bab4284a6fb067e28a9b9f37ce726dc6,0,0
013d82e25c8d5f46d151b7a87982027b99833ead47aafc40b33279f6669bef25,0,0
014be7bdb275b02f49c1050f1e270733d1d11c7ff7bdfe1502c19f3b92541766,0,0
015cbe877a54afb61d4ae536240a1c987c99da65b37585c2e881c3d9c4d273ea,0,0
0163543284f1e3d363f081e6eca8b265479d51b418a45edc338ab8aaef3b7e61,0,0
016a2f50a0b385a34073a08271d2cff5007020ea75e92e44c64d4c7be341deff,0,0
0179a63a53bf292430485f7cbe5c47420d852e7c8813681f47e2c06aaeb03311,0,0
017cdfa98f52d3d103ded454bb2e5a691145c7c699ed1df71769c1211d9b0183,0,0
018a8842dd6ca18aa52f61fa5f96734233d26d88d142488e9dfa12f4758693d3,0,0
01980a0f266556bada64ff714de3933a7561f38598c56d8544d3601618b6cbe2,0,0
01b7888cedc704f5ccaf1aac5a09ac6201557183f892667879d6fdb3d2b1670e,0,0
01c96a984cd8122973d64e5438c805ac6c10f0dbe7ab891d8cb5c0ad2b9a0011,0,0
01d191b2f3e23be941c208ec56f829d0a0a51cf6e0724ed78466e181e82d3043,0,0
01d9adefe2216304c76d6edb7293998f17b78a21f3d217d2f139dbc7db66e699,0,0
01db8aef5d3d0130f869ef42abc0999aedaeb145623f2a535bf2d88921330797,0,0
01dcdf740b6b7d182e479ddb13e130ff6951c0177ec8b9df85d91121ad2f45dd,0,0
01e04cf0bda1d165e9d7fc107190b4912edaa8d6fd0980d559bc705874bf7089,0,0
01e4e05c65dec2f86de5c7ce5a1dcd31419917eca7ddc31bdfe291ea6b49d919,0,0
0208fe9fbbe551e30f9fdc4409a8458b8c7e9a14d0842ec4fa33a46b440fe9e5,0,0
021f2fd8b3c56bcc6bc65e4242f3d1adae8352b9c854930d4c083e3d87f56113,0,0
022cb2af42fae3561559a083b24a1eeaeb63924d2f90c9b5db69055328005e65,0,0
023625e61a6490b48f6def4ed20481d529fb1f581ab903f978d6d146884096c1,0,0
024765e1bbf9d4ef9251850db8522fe4a2a659d4ce41bee918cace886a1d69b4,0,0
024a882fc0c6208ebe92f7b1e8199ad5b8d1df08567a7e203f349fc505a8c06e,0,0
024a998dc03fdcf7eb4668ad7448785b07857f8cbadcd8598f448ffd51094b70,0,0
0252b8a7b66bebe2de032b990fbea378168bb447f178c141c998b2273197dc2c,0,0
0254ce6889f53d8d7fc12d6792aea768867a8d54a410c501a5f7e199355738ec,0,0
0255f0da3f5f5c12a7a81c7e40c328398ad61f95aaeb85eb487a5098c2f6938a,0,0
025614a678a423639a512d663835902257186a87888904c144d0ba24280ec8c9,0,0
025a2e7afc371a82760002da5ee149ac6c874f0e312e50b86b604f64e0e179cf,0,0
025ada73b918be89e586122298d9e786102f8822d067616871f9ce36c06ec095,0,0
025eec9e0e3393dbc9ee1856fc3bc669abc0e0331f45d97939e7552e95d98853,0,0
028bc9cf59d9082aa81cc538a2b23a4e8159a3e0adadf3b31108e72b2804c4ee,0,0
0299639a625e096fba18fe2172095f59b0b8ef556997adfd25962db07b9887e3,0,0
029bb13ed77cbb24467fea085ed158f78948ba21525714eed56e411be6ff6a4e,0,0
02a8a548fc6166ae9ab85f29428781aff01fea737cee1f26605b32b1d4dd9c98,0,0
02a9dd41f9a9b0029b308277e0f5e74f43f93f286e26a28bf4a3b028287d1136,0,0
02ac4c26b36edc15dcd4bd27ad320d5ab52afc8b9f9642f3d94d06d721d41e32,0,0
02b401a98e30de6704264355ff592a6f4b0cd41d6290772c4a078f567fe6c56c,0,0
02ba8cb6740c8677940ba6f269874b4730fc03eed536484ca8dae88b3c20662e,0,0
02d42bae00ae7b93b98c07ffae6aed27ccc243504f2c713bd8baf76a6c388d84,0,0
02d4ce07d1360b0565c387b680fc1c97936828a86905dcc1223ad35f60d195d7,0,0
02d612c225c8dc749bcab8fa92d712372ddf59226aa772edb8257b0e7d280aaa,0,0
02e7b4f0097824c6a70a57936c506284bbf3a0b3aa60f5fd846127b3a90b42ac,0,0
02e8309dce8d79d6a3bd99d4118e1b23cabc748d84b5be20b02e4cfd513c69dc,0,0
02ee7eddb8b3ebb78e1dbbb6149477f393eb5b1442322d9f5b9bb448cce20663,0,0
02f41358ae9e4e624d6418a9da572a1a5dc9593be77262eeb008b7dee5e3aad3,0,0
02f5940533b43514ad33fe6a728db1c2364b0e5f67caae8cc375256d0e545502,0,0
0303ea88644e80961f3f850ce1f9f765d4a5beb146c562a8b1feafc71424218b,0,0
0314ce7ac22746a263fd00fb4d669e0639196a9a932258837ff63dd45c878800,0,0
032d667c118e8c941b2fe86685f5c0d02e06a55c3d7d6ed5e96c8859ea83293e,0,0
032fd487a75ea558685959ec9bdee00f43069927ed4b1b5aa5bca0ccf98e20dc,0,0
0330a8ee53d177df6078c940d2e2944b499b46ceca5ed1f682037b6b618ced49,0,0
0333e7b3d5fc391cd9ae6300dbd4ff53496f3bfd8b3ba34e4cca6d1b3ff27cb2,0,0
0333f752fdc792d897e0bdb7a957c46b9a512f0cfb5c95149e9b11f5a2dda335,0,0
03413acf5d5fb5f34baefe34ac6dc47b32ea85b7e0759c4a70fd0b51a4b24c91,0,0
03418cab5cb113f972cf82040baff84564fb66db2bba05bd27e2f23bec0f8140,0,0
0347fe0f779d7a3f57efa8cb29269c1cf1fe4daad843a5b0a55f1cbe052b309e,0,0
03577892d4d5eed9a844e27d1a6552695504b4eddfdb222e52e97d7017625199,0,0
035d25e74c889fcbe8c1e9d4443ad400815abf91b980d53979874761a75e3e3f,0,0
0363fda48770d654c213b7ad97360d26b5061bde594599b43a0ebab46a5fdbb4,0,0
037baca619663b0acfdb3249ff1688615182dabfeb4ad329587960f4f0f1774b,0,0
038889a36b1502390ebb018c48bc338c4755331236a05c71a7e80a5e59c72df9,0,0
039956c5a4e7baef372b8bb750bf049d67ec1efe439159f1de7278f27396e60e,0,0
039b035ba3cb25ce3652e1925064cd44c1ff3aabce3ec205ae52775c212cf59e,0,0
03a5d568bb7d424b07244f2164c48322e69a2583b17ff6812743bd50dd1a00cd,0,0
03a818194026c7e02fbcc5ccc26ce9995b5e34950075fdb29ed63c03efc3fec1,0,0
03af9fb35a62cd4946d6875e3f73e8163262f113e83503a7efb258e00be44e75,0,0
03be9a4abe662c468eb61c71beee1dc72b2dd866df5c933cff45208dca094f8e,0,0
03d14c6972c0e81d680d6cf46b3de246162f5268ba79a0d92603f81183de5c27,0,0
03da979ebb905ad429c93669d1dd5c209b2560370b0078ce036e3b75a2be3798,0,0
03dc70cd82a086ef25b0c7699ad5292dcd316410a20ea0c3922a1e45b28bb297,0,0
03dd28983a76cb9d29ae5e2c5a1cdb42ab71aad998d7756c5c909100c21363c0,0,0
03ec2deb23bd20086897ab1296e1e307d5b26d509356d5c2d4859ed7d358c04a,0,0
03fc82965596f9f49e682a71fc50304e60967eb619054f994870ae2c41c482d9,0,0
0407f794beec0e2c273ffaae6e085550b70c9287835beacb282460cb028af39e,0,0
0408da65947d8703dbfcb45a8ffe99398f95c8349b6e996996c294ccbfae5414,0,0
0416df1bbf7b28dc8aada1d3eeab9d7612fd34e2b7770e56bc58a5e5e33123b7,0,0
041ca4f2b2d2e6bbbae8b93e0f6ce3836bf81abee26b76228f602376e1e45f77,0,0
042737875b15cd35ee2c5caf17fc101f63db4692a7925b481964fe1ecdf3f9fa,0,0
042f540de0058a0f432c99d4028ede851e0172731aec8309fa0b0d5b3317806c,0,0
0446885b1092f1690d5d1676125850ece6d97f2fd948759e8d3340e03a9b9f77,0,0
044d6476d5277189948e5591c096116d19bd6d7bbc1a50adb979e6e4c955af7b,0,0
045c79054ab9e6aec688787787a1c5a5b6449dda8e228153ce28109912103682,0,0
046bf1e4b5506933164e76e976f496589ec94d6cb0c31a49b66afb651e7c7f2c,0,0
04741a3587c1511bfca069361910d8742c8ddee1399165c0e6e5de68b8516022,0,0
0475f0b9623494c34bcf4f30f0dd6e8b44cfbc79b20a4f8e7038a314d15c788a,0,0
047b1877e9ac52981cdc521376e1f268515aaf17a7f9f4be139b0d2300f5a7cd,0,0
047d1365a507f8040c3d948714cfabdf9e8ec6fcd35014b482fcb2b3138fe3c3,0,0
04819feb08928b628883d6a1dbbc20da0cb13da7816f625ff1720466b37a7d0d,0,0
0486c633dd28992f29b53fea0a71ae1c1c4f824b38c646e136005f7787fbc0c1,0,0
049583669bb0ec267e99c5cf20ca35bb89742872ebbd48ef5dbaa63278a1a08c,0,0
0495e750e6ab7dffcf29633aeed395e687dd28c3f78f284fd3de3ef6ef32a3be,0,0
04983a37a15b8ba6fa9dd8029f2e60f6708fa5073229c7e88c9e951f68880e6f,0,0
049b961190e83939f2952ec02c9eaa8b35fd0f858390004e99ea9d6aa1042eb3,0,0
04ac8157d526e7923e3bd997710e488451bc5487193c49102abd5e530cbeb379,0,0
04c5f4531d9f3c01aabd4082b8e6b459dd80d637f35cf918b69aa0d671639000,0,0
04cb7603b4238534422625cde638ca07df08802526229e0138f890807682c64a,0,0
04cbff0842783e7e54b609a78e44d3c17ee7c12d14d88b8d5a1d06d6da38700f,0,0
04cf87173eba118798b1c23ddc4d37af8f0c3be97496526468e3052226aa6d3f,0,0
04d6758e41c1a8fd49233ee4505c77bba45d302d005d68a0ce4fb733e7ad8681,0,0
04ef3602f07e3bf5fa6b574c2f9f586cde4e4acb59078f52f40444d2f56dd02b,0,0
04f1263535901a5152ed884de7d3d15f626eb62107c0f82a06bcd094329b979d,0,0
04fe9c8e3043bd9b075388f986a8d56ec32ea2b5db3c4f7377ba5ed828bcb8ad,0,0
0505ae3110f0ef60096773652916d3b3cda64016fcf6a22836a5d0703e0c868b,0,0
050a4b3df90e2fe65430ea0bb3f6ac3734e1f5d6186d34e11be9e3644252afb2,0,0
050aa2ed6811d83fbf9e834f6fb4c51a19997a2988a5d4cf95d3efe39c2de1b9,0,0
0517e459762cd88006dcfc9b6db2e8bbb4ea7597fa4e9ccc479c19582c24e8e1,0,0
0521bb7390bac73b05616539a85818860fe7058bfae0e98a5aee8b29aecce170,0,0
05255825260bf7b59b123b820410d8444508fb58949b5e5b0113b3895f3da741,0,0
0530e2f702b39a19c71ba7fa9fef96f685347b273305936c5d47a33a5e560bfa,0,0
0533a755a599ae23efcecf3d2e80b5996256e9f0ccad41dd7d11d528e8528f98,0,0
053ace30bb5f957fa31710279330f08db99a557c3de386d310328e78e942ae90,0,0
053b02dc38be399dde25cb799cb7a03f755a8d6d0a77300749888b92a0497398,0,0
053fefb1888f97ca32370801e7922d70eb205aad1f0ee53ba903ce5d301c1106,0,0
05409d7c69cfc80b3fabbc6abb9418fa5c458ffc95c7bcbca6259b346b44a741,0,0
054443a258fa449d9433b78b63f5ed60ac4921e56331c3dfe97da7ebe25dd8ff,0,0
0547e63c9166610b1f66de3422bc1d5fad34eeb1f1b8f4b836f95e2d320fb186,0,0
054de1bbbd4ab78aa192c6f123242623232849a5b7e817b802f91c26efb4fed2,0,0
054e1ce4957eb701ad69f5246aa5393196fc9babe013dbf6320362d0dc1b8c5c,0,0
0557222e43fe5fcf32bef2b4aac51d167656d60a8a1b9efee18be032ff8913fb,0,0
0562356f82f86a04dfb05e9652d6fed65f69dd95191c883ea8bf2b3136d90158,0,0
056ad7774b375db497f3d6ff6068061791890abcfd10bf8ef2f0e366ae27d245,0,0
0574d9bb4af478d93ebd08eceaa9b3564f6f42605e0ac426b4ac63a8fa632cad,0,0
057cfcb4a3b7c2e3976e41e6f3142aed8a9e07ce675096f704cfa7ed6f15dadd,0,0
05911c4cb2eff7bb6a0364c530159fe877233227eb779f5bb365ce6647288b35,0,0
05ac210fb956a6d4de83d343d7a8ff7a451c41d33eed3d13f555e9260ddebf9b,0,0
05bd1e502cf8eae919a2c411b2d7d0b7b998a41c96c83e09caf2121cbe11ab70,0,0
05c54d719fb624857293bed15e043933876b9a546af7a2f65af23b2a908105c6,0,0
05c68084f2838393898ad6b7302ad6486e5d5618a9f505994fc749a118a735ec,0,0
05cd3877ad3aec41e52b82e0ad951a8f0d3e6c750ea3761588cbf95a0e319156,0,0
05d00796c7c32321579a5c54e9bf1360fd6cf17c06930824b79c0a0d17a71b48,0,0
05d8b71ba2cf6c4c2d2cde1d0226c757cb95f5caf411f24e331f89ff1065105e,0,0
05de75d4ae9f7d095a0c4ed73889ce5b5ff90c0e3ae9831f29136751b8078315,1,6
05e0f9c040f691bf94f8574a73f56dffbcd1da92d04d126cd60a38ee73f6a01c,0,0
05ee6364c4121417aa426c2f09e86e786975d045e7a3493c006492a8803a71fc,0,0
05f135e814bf8abbc3eb6d790a7b75e0fe41e1727c3f840c25f4c0b62374e0e4,0,0
05fadfc79143381d5d8c1de3785b2a3dfa15b234b0f7643ac9ecb79d24e44e16,0,0
05ff3b1374255f6e8fa33f2e8ab65cfee6d3dd9f29bad98f3a64a45ca0186df7,0,0
06006bb909256fe3554db48978f653db9755a4bb50fedcb7ed8a38eac6463a7d,0,0
0601c0c514cb4fa0d3576bdd2bf2aa39ddff3de39736f195f178b794de1ad776,0,0
0608814f455c73377a1f3167df8bc6cf4f467c7006eaba76f69b4f7b808a3f06,0,0
0612db90f27bdd928c71689403ec3ebac4b7ea8f78624903d93fa11e60612cf9,0,0
0614e0bbd5f34f6812deb8c8daa3e1e6306d433d07f01cfe69b77d04986cdc24,0,0
06166368a9f4719ba6df259382e775860961206eb1c5c55f6d4ac922ea3ab6cf,0,0
0616a9b0aae23f635b7172c1459c3decf9b9f723b817444e967bd01f031742e6,0,0
062a139e0452434c55c05af1b257127c0c63a6c59a4c1fafd9de1ed5c587caa4,0,0
063da2b35feba9379736ac3d09d14fb655709a8b3dc47b2f34406bc1c70fd212,0,0
0647bd490e367cbbbb2d482deba2f86ff4152a115cac1883bde83ec8407ef7a8,0,0
0653e2aed3d85d6bc5317c8e6546383a5fa3e66bd5963fd36b51021436ed1c9f,0,0
0655e2a72934579d134008a63d3dbb0f5d51a76b6a62de1732d5f89febeba429,0,0
06870d5bfe8085541c8642320a5b7adc834213b03c8f8e6e4fe85cd22028149b,0,0
068b3eddab435adbe576ea40141ee56a939713162b2b05540c9dee95cf16f9c8,0,0
06af96a91f1fb0db3146bbf65c46b19886e3217c0818b92f359914e71ef74f43,0,0
06b3294f1e41d2b5e077b31ee35aa9f15d85d83273bb470da8c3e57796f3aef8,0,0
06bef3758b3e99b7685d3e4aaa4f1e7d38db55abe86129f2810487bca59bba3c,0,0
06cadafe1db4cf7055e55c77d2902cd09d443f31537e3711b75e21604d33d35a,0,0
06d3c1d2f9c56b3bbc9963b68622631130570b13d4b7f165910eab058af137c0,0,0
06d6066349fb0440b9f2e9c9864af9b0dac39c32042589d085319d433c6c9dd9,0,0
06dc645c6af7b710099e7be05f28869a70c9c297da1e10fe60326c80c4c555cd,0,0
06e348af6b02846d97bef0079fba1487d61dc59ec50a593328c24d6ea0b13e34,0,0
06eeed00932c8cb22ec7d0443304547e1abe9091600246397088bcd3313709f5,0,0
06f5df96012a60d25d560ce4ab78de7128879d48dbc2823445124f96fe26fd49,0,0
06f6e8c2705c00b688af56bf2454ad59265bef1cdfcaca48f431fc3bd07f99d6,0,0
06fda4fbf655ab651ab060268523a6ef86498f7ab220a1608cac6db0a12a9e19,0,0
070b3a678c1a32bd90767f2209636bb7711057d4fbe9a1c190c498c5ab5a33ad,0,0
071ff37338507271cd277127dbdc3127ca11e88846c7efeffb8c43d74d4f09f4,0,0
0722e05052bb3cc376ea7f9db1b2b1ad895b08f307c5b68f323bd79437398597,0,0
0725a9bb6d62d7087e26a1d489562be300302e1b420a2a3ab99e5f63393c3b48,0,0
072f5e574b9b516ba36de004f47591b394b0969c1a07f7e76f3f58a49149ae46,0,0
073140baf5671893414727098c2e30a76f96de45ad31a915ccf09651d48e4546,0,0
073affe13cbb865d0a97e9c40662fa829a793d8056b54471915b366948580718,0,0
073f2078828fe554b552ab5dd3e88a0d3832109c140a08e720d9fa5128155558,0,0
074053ea185c5eb5f412e731ab901baebd54aaa37b039314da49d7a0d567efbe,0,0
075015bb45974797d6033f829618fa0aeb748e44a8b2265dc78ce7f1eb897b92,0,0
0754d00144b580a20308b1aa6a103099d21b5a4ac47356715f2125f34fc089f7,0,0
075605f8a3cb7497773d122ae18e935f5922ec5531eaace38d1df7935bfb316d,0,0
075c8906b735ae82b87a2103858d540668c121613100c0dc75c83401e27a2b2e,0,0
07657c60f7f243dde6581ea15011adc2d36d4d859f151b6ea7fbaad58861e367,0,0
076f3f0b412d819b27bf354f9f98fe0c93cb215ccf25afe27cfd1d221b5dc31e,0,0
0775367d0d5f44b589825759e3b2bd4dac23c907f05214a4f573c16242614b28,0,0
077907104af3ae35b5dbd7f54f9b74672e5d5197637590c1c48c474bc30d50d0,0,0
07837fa81fec4a63df31f0ccaae25eed255dcefb29c5d7b0cc2c378a285fe048,0,0
0797e29bd2d5df13173dea62e2593a5fd9abf875b34fe65c8428a7c52e707bd3,0,0
07a5396d1577338c3ac3a35736bacc13e542c48e4806fd63e643f7ada5fe47fd,0,0
07a6c23543947833f4ad6a2f99bd15a86ccc5c04f3b08950350f2e8dbef02209,0,0
07abf02faeb4778e0238a3f1a31641529bb1d3ca6faeb3675daba596c0d535d5,0,0
07b555df529a44cc197b9ecc9408ca46dff85de38c2a5dbfb72f777a7d2cc2ea,0,0
07b834e0f6e05cd7c51739af81df6a2ac06a11acf17baa9a16b8cc691954a225,0,0
07c80d667380d06e3712ffbd47d919f58c063d2386846261b5bce33083bd8b45,0,0
07d962697489021bdfdadbfebd7783bd80eb4189a0c34574a81bc026352c96eb,0,0
07dd2212c8b329c6741c19d05d6818b63c931c5ce31c48962d8cdfcb62ba673b,0,0
07df56ebd6233d3de02e06ac1624aae3e9b6dcee176ae2cea7cba6cf0f4d8121,0,0
07e1f29807779d2b0b1d9191d83741c9b5f878f24a4653f2f3d0bd6cb2d8ab88,0,0
07eb367d32d0eec009c5f684a8e4537ff02bdba4df33e3426536f9c31ae643a9,0,0
07ecb49901525d1e7d6baa9d286df5a9399ae7fdef7e34ae7be13bc61b81e269,0,0
07f83eef483124d7b84617cdb2960cd92d7623de035357bb167b11ddddc6b46f,0,0
07f870240efaf4cf5fe1a0af6b08d9a7098910e72a80ec011c3df600db392477,0,0
07fd0efc2d6db61a5f54dc6755474c2a37e70a4e4285afa8a8501829569e0ffc,0,0
0807bd3ba396e899176d875e8956ef57f88a5f22615c8b08d677242fcad98d83,0,0
08094782b2fbcfbe82f2587dec6ff95957882dd4a7ffa4f3163ee6cdcc79e00c,0,0
080e5281ef956c3be3e5f5b6ee20640afdbfe27795454590d93f0877e87efd63,0,0
0810e9b16986386b7eda751b258ceba6a863a1295057bdfae98b6c438b16f1c8,0,0
0811e80d6ebe7f9fec17d961fc78d431c303472c84618a7066e73532cbdfcd65,0,0
0829272317f79b60cdc979e07e112a64aca58daf66c071dfd8587d4f6c6ff583,0,0
082b884343577247fe6fdae2c5ac6754391e598d0904c8cf14451985b96609f1,0,0
082c2f0ec16e48a08e7f3c2cc4e8ad296dbe541295a16f7bf93c1da0718ffc07,0,0
083192fb8d2b6d7cc9613c2702efce27db3059f550c81531a71eda369f3240a9,0,0
083c3e43f0ca15be9e454c499d082f67bf8ffc6366dfbc502f81ae7b6ea6d924,0,0
0841d1f7006df736041bbf7497538eb1aaff8a8d2f074ef1b0fe62e6e0c0e6c4,0,0
084982e71a1e823801b73e642ef25d59a71dba54577f39640524d99898c0f81a,0,0
0849af11c62f3a5e397a657a5dcf949704529f9f13935866dbfa83c285283190,0,0
08551ad277b70a1fcbdea3c9abe44c968bcd7a446592470b61483f3c7863980f,1,3
0859a5b91ed5bdc4cca084e081106ebf8c390d594fa41b49ab880b140c4a5619,0,0
0868beef176068d3ae864fa51ec592b85d536dd644a3375f28f728357af9029a,0,0
087255e9cad436e11e9d05a11a502b5a860ae9ee3f9d22ffdcedc0797dac83ab,0,0
087b0b6d21b7a82007e9294586e100cd7d98d81a00aa9fae63cd7187a52aa9d0,0,0
08809d2de65632e120011b9a37867f64da082f2d2caf2121193afd9f46e17bec,0,0
0886ca321e38e00917f886bf1d19365fb6a5d0f6fbadb513cd58d14e03eb4f21,0,0
0888e5caaad8d557124fc8244c35c1937f72ebdda44204777752df711d371c6b,0,0
088bbf1ccba5dfceee320de9a43607d7fd8e2824ebaad078d528d64a13d8d9a4,0,0
089a041d93702b955a3ce8673ccc6249addee9d4f8ca3882947b751e9e1da195,0,0
08a3d91463f2e6b7235db2f6e68ca81346c7fce1d3865766cb9406ab4b0a61b6,0,0
08ad4a941aca9e343746dabdffe48d43d44e1e8fac6a971f66f8872e182d27e6,0,0
08b937077f4ae1a26da4adf57d061387766c07dfa5e88151ad75b7a19b18c24c,0,0
08ce18fca29a180ffc47b7e2e5d8e7ab09078a742f36921f5d51d13373dfb17d,0,0
08d0aca6aadd81ac27cadd81fff8697f53f61cb91177d668b1aebe48cc2aae01,0,0
08d22e71f9495b356ba08107f8bac8e936bd3041d61c8a2c0823a9c65f6b551b,0,0
08e1e601ee04aed8acfd327a09362e10e13af2977e7a62542035fe35b10abd60,0,0
08e8eb8668d314e9c86083054029ed7a50de442211ca53f85f93d835f1b30bb2,0,0
08f691774044bf534a23b13bd7f3392d1dbbf04ca13837f2429d0a0420e2656f,0,0
08fe6fa4f21e98368219cef5e5a255e37d901ba5ceb07620bd53065be0d4e046,0,0
090108cb3ad7ac1e98d6bd49694062c5ca0ba19bfae877e22a30fc737677600e,0,0
09030efb309607f0bc52104ed9f9e11def83b068101a747f82526d2d0d886bcf,0,0
0906bc9a65bc3b47436babfc3ca3382994b92a26eea5cd8d05f170b649ca4aff,0,0
090d5761e35b8ee3be281532bfb4a637b305ff005a84cece365b7e38f0766170,0,0
0913432c6fccd29bad4471ddb2b6f5d47ef8292339d447bc6c128ea1cc953873,0,0
0916221e00577bd27d4ded6e19298641b66db845740274fa8dc84844d7f9b2e9,0,0
0917259630d2f1ada36c6a13a4d34aac494ed40184d951933b90956685e0336d,0,0
091c4aa5e3534d0720426e916b33922ebc04bd8e749120bed8c0866075db40c1,0,0
091d579cf0f1c5a5ecab862535bd98d03718ba7fd7a0cd44797fe7fe595d7334,0,0
0941c8dca4bcb6fc4977c7ee55992e16cbf2620416c5f0ad1b4b83f7a84897aa,0,0
0943ebdceff855a78fd7a690c16dce7f7c0a4320338d50c45db26c24970cf77c,0,0
094beb23dc20761b206bc2e7f61dc3f08b526ff42dd969ada4a703ac9c7357da,0,0
095781e8bb164763ebfbdc0b3dbbdffaa8e37e261d3a47db5c7aad0e8066fed0,0,0
095f3197f02b287d7a0e4bc669d8da47583fc43fecf128cd5d068b8cc302ff79,0,0
09696ca40ea12c9aa4af59370907690eee4254432197e0e87b921031cfdd4829,0,0
096e36dbf072b23b0cd5e3aab6d503d1fa1a74aed2be63ae4a4f30aff1d6a16d,0,0
096e90a2b454f3eac1a666e3eddafac9754271ca03357e1e66e87ea7e3b8c831,0,0
096f938f315561327cd0eed28a718c9466a0a8a79614f0553725b84e8a9ab633,0,0
098442a2ee6d51efabe6b2edc8ae67269275c437cd8bf63ac1e732304951a544,0,0
098c3ca296d407cdde41850eaa5b79228e69db4a6ae6ba34b3cec86bbf11b672,0,0
0993d7b6a7be26dfe5a5e236c14c3c8246cbfccda39df4044901d64ef880a2b5,0,0
099a5c427ea258560c76801baec653faa9f6bdbb0eb7dc27065b9a1b89c0981e,0,0
099d18b70058682694346408d00d1371b3a5b9764b1ef3bf79908aa984a72af8,0,0
099d680fbd33ceaf5fdff6564b30e049745881ba20fc7b7b3f43c5618bfdbed9,0,0
09ab11840e45755691849aaca6ebcce23ea1278925ac013445050d520e238076,0,0
09b1ead095a181b149530b1013a578a653c5570131ac94949948d709c2a9b98b,0,0
09bfc7274d52ec6a430fbb6aa13ff273a95a4b1585700404cfb88f253a29c066,0,0
09c1b12dbe62c592b98db69b90b29d48e2898a066475233009e0cdc254dda391,0,0
09c3dfd5b2ba8953ec323266412dd93ae4a483d197b6a843b1317452cee7a283,0,0
09e70d3d436b3c6471d0aad2e584e3d8d5bf8512d1452d8c4d34079f737c1b8c,0,0
09fa83f7fb6534ab9378d288b863ece8f95c87e3e0210920461cb0f3db5eaf0e,0,0
0a00c2603fb9e8241e9b90b62a5b75a392acfef858ca8358e7171d7bfe132636,0,0
0a028f1f41abb37861550502148342def9974e1411bd082166e5b1f9c226b658,0,0
0a0f35b504cd1f738f9afeef55e95232cb30111d5c8960bb93084d6e7c894e66,0,0
0a1c2b7fac84f259bb7c44232bb8a3e419e40f5e443afd475218f37cfee3ebe4,0,0
0a21b95c3885ae05bd6cb67e5e9348a1716d62cd0816c9151db36116d5d5b890,1,2
0a2c1ed5805ba7ba0af8b59a9881634326c930f57f6b0b5a01812bd66be0e5b1,0,0
0a2cdfc94e38fa4be44cc6d43c04d0309b8ac81c2297c74d93edb2f62595f94b,0,0
0a4b9d6f9506c700b8b2e1dba7e0aaf1c763def40804e111431a96a0f3904a11,0,0
0a6864dec3f44c933b3745f5030a73d36d5deeee9a033e3ed0a439e915c78ea4,0,0
0a6f60904803c14e20122d184124d3a40bbdba27a1762a9cea5cf4856737f29f,0,0
0a74f8196cd9b2eb8cf6f7497dcedcfce8e43eaf45354b12467e5cfc28ef114b,0,0
0a7f3b54e27f0de2c3c894c0ced406df6b1163db99a9494f004bd0bc7a00b89a,0,0
0a80529ecbd9118b20e946778b8f9209e762ec6f450f4b96bdee7763f8ea2575,0,0
0a83f75691a8a00fe3dcc1a88783c23aa9b2e6d21ad3a4dbe621ea929b327b0b,0,0
0a8f11bf37cf8f5784e27ad7f203255dde82800bb8a159735c9a60d87aa5c7cb,0,0
0aa1a269e2497c826029a0aa1009954e319120c3a2bb5fec5fa064105e688227,1,1
0aad65061c7c358fb429a27126e13109d69bd2e87fb4d1a07c1eb577aabe192d,0,0
0abe71a5d6287bdba0e98c60dd752d3a29d5ceca5f469eb3ad3f5de6ded7bcdc,0,0
0adf1cb408027020dcac8f6adcaa0f6a9259f1193634c23da024a75d3dd4a416,0,0
0ae292290a5322272e267907c4a8a0eab2ff968915e907b594bed1ff6ceb9bae,0,0
0af12c3b1b52899d678d5d13583179d6c7bbb7682915e6ff2add8ac31f4e45e4,0,0
0b0377c7f5bf10f0ba0373007f5f70331332680d42fb78fe1bbd33934bba258a,0,0
0b1ee8cf9124dc386a1582d2e4e4b0b6897f81cca60ab4525e353263fbc1bbb2,0,0
0b3192d89e2e4448b90d6cd1a3e6fcdac6eda29afdd7ac40ae65d4c7e1399e12,0,0
0b4054fb211f702153bf49c3b83ab294545ec919bf60690ade6e1fa44fac4765,0,0
0b435e2c3c98d3c19be5569921cff135b2bef8371b4b9da65350bbc9e495a87a,0,0
0b45bbd47bf327e8da04ba8ee7c1c20a4235fc26a668f30bc01678b59fe6c53f,0,0
0b470b618d6edf7f216a71930d0fa5161ecd6a8e052c4073e6190d8810f263a6,0,0
0b4a1300af2b6def6092cbfc705982f1af75024745aa72f747202264eaa687f5,0,0
0b5c2fdc5d9e7d74c5a8bb1228f441d237c301194dd6da0f334e49ba3434ec01,0,0
0b5eae0d176cb8d87fad6ee7d636026d0a37457b2408df66a84eb7b42b96d34d,0,0
0b627796e5d4d72aebff6f9ed6784e2a0e46f251138da83d0dbf152139500a63,0,0
0b6d05b627ac213016e762892c262fbe1788e2cde4ce64bf7fe8f129fe52ae08,0,0
0b6ea708cd13e3372103b84198b08c3b96366923635fe7bf9e97f7e0a647216d,0,0
0b73e1780c825b1396787cfbbad04257c6c892ebe42d7dd9c5f6108131edda3d,0,0
0b7fc84d36f65248137ae3e11018eda5ad4a67e88be39bff0d9a6bc4cd02783a,0,0
0b9ba94f5f6ee661a5b6cc786b75b0666f10416b59c87e4135ff7c7e800dee94,0,0
0ba00bd7609a34add19354ac60080756dc7d4327c0f73617d4ab9b5466119c8e,0,0
0ba12746df0139812c0b708e1dac21f9c77bd3b5943ed88c938b0c93dae98c3f,0,0
0ba3808af894a12ba3018f558742b0bde5ede50cd18d4d85d7eb78045262d40d,0,0
0bb328aa4f2a3c443c7e367c44e4d5105a0e6330132a1c1633948b382170cdb2,0,0
0bb898e1ade42cc236924a6690fcb137271dbfe26cfa161dd886466160b90ee3,0,0
0bbb69b00db0349dfcfc73fa384e361ca208ba92415587615bbfa104b3cedd3a,0,0
0bc88bbda6b1b45a8703c2dade2d6b02aa715c4775180d1c6c530138a684d3aa,0,0
0bddfeff9db3f8ef03ffa68961e61e4efc6032c56257de80728436a2e5531c5d,0,0
0be7a31030eb38821c3b469b19f393bf454d201ca91d6ec0b806f94225b28a6e,0,0
0bf41c6e825965ad0946703968a8f8a640cfeaece4b1ec26806fc587d873c66a,0,0
0bfa0ff68e064fe576032d9a9032e5346f502d2e2a21b50f9401391b01e2f3e8,0,0
0bfa86c13d206dea03f0488e296e51d4744883e375173b1fecfcfbc3ce8e8ca5,0,0
0bffbfced378b11acff843f9f0957d8926e3e94ffc296d9d0bb1d7cc7b6c4de4,0,0
0c04e78fdee5ee52c567e98245b05a5bfd560b7c4c7f546ad1db827009c414c6,0,0
0c0cb6584d58c877ea200bd991b0476d976412fb3e7d4c7a38065699e1d4cf3f,0,0
0c20a48484696a36caaf3e4c504c3ab14604a91ada4f18c3fb3b31a6aa060c03,0,0
0c21556e0e280951483a3ecb45ca69eab12304a8bbb55b59845021ed7b00b38c,0,0
0c2354090a34371359713ede9ce2e03dfd6fa677577f30bbd2428df753f523d6,0,0
0c26d6c2ae94bb6ec9644f81f3ce025a8fb35a1fce934ed5b3bed279ce30fb6e,0,0
0c2af87ca8ae1a03ece0e60a795612e87819fc88e669938b244919c6a05634a3,0,0
0c30e8f5335103ed6aa57782e0636b60f0eca92d8b8de90a215a2682fc480922,0,0
0c387644a94842e197653c82bd885ce7c3d3c65249e76a1a547406ef90768200,0,0
0c45ee5db74aaa5276f9cff10dc6100aa71a5eb3b2ad1bbd678f2ff2295de801,0,0
0c463667fd6825d90548d1dcf9531525770f94c4fc7b38194417efc2d88095b0,0,0
0c4da7e1dd65a1c016e4ddd6615433deac63c5bb12fc5a028c3759851b99e753,0,0
0c6677499b4f7ebb78168b4c42338118f29ea45ea70cca50b64628b054986651,0,0
0c88a0b66ec4362d8b5ab716c76bfe8d8770d8a531aabe6a91dffedb444a5e83,0,0
0c89bfa3b87ea539fca3650828de32c5ad9c6666b7f565bb30311cd4b124cd5d,0,0
0c8ee9558994079d948d972399d7745777935dfe31eed1748daba39f70abe347,0,0
0c90c192f8ebd99074b8d3231e27107af1727ff7a56a57b9521b16d22dfdc9ab,0,0
0c969d22678f0376efdd3b7b34e6f335fa641f6e8ee6fae22dd6cb7dfc007f15,0,0
0ca51e39dfb7b46e6185ee1489a791531389f0f1540552ff50c611b678325331,0,0
0ca882e1ffd7fd9e37a64ad0bd79fff577c8e27079f06b4de842e3773de9dc61,0,0
0cbe352ec64d2298990099e5de856092741f34be454bca54b14e36fd08063f0c,0,0
0cbf217e244f096e64dac3593bc80cc48839399276e0728e26f3ff2d94ca8e5b,0,0
0cc23c00a52fdcbf6273b9c85475ac9c799c243e23455bf176d7c30d4c408ff0,0,0
0cc3b0f2dd01ce49ed0a76488bde6a948c0526e27802787dfad519732c668646,0,0
0cce4ef69cb1f77567e67276ff34fb4a105e783598ddb4623f5387cce8dd3b93,0,0
0cd905b161429307de4d48d52c255d60bcfeef2be54c96db85dc38dc5a2f58c6,0,0
0cdb9e05bdf9f38739e7c05d1d2fef81e80a43800757d0144edd4bb2e518a2e5,0,0
0cddc74560f31ca1912e35ded44f61f66c670ad2ba4feddf0f882c0cf0fce941,0,0
0ce0adf2b3c9eed413d9fbb0af0c247ad813230f7279e2ec23ece11e42038d58,0,0
0ce223863aa8eaebcf8dc03ab2332b8ae81ebc1fb86fa2a1043b9bde44dc8908,0,0
0ceb2f92646648b5fec4b58999d6a117bffef777a8db44d58136a3d52cf791c5,0,0
0cec41699ef1f045dc3c0e5c887297ca2a4591fd4d4acd1236213c722c2f7720,0,0
0cecac0deb78567f29d2adf37fd2ed90d8c88b0796a03b1c246d629217c87e79,0,0
0cf1edac22027bfd4a9cf85f076fef63b3e7480ec5cf04851ae447bbc4340a7f,0,0
0cf4f7664ae42269dfa50f89e79b5e94689cf33f74836d39292660f16d36179d,0,0
0cfba0fdfe4b575385dc9c0e010155c54bc7a1b21c90fd6a05d1d90aa42b1715,0,0
0d067bb13d6a29d6f51ef69e63b17c7cdf8ab0ae0b0000cccbea9a56569a1883,0,0
0d10c4d6aebea6084f0a5a14f19fba8b6f47bcc4468321d38c51ff23f57f204f,0,0
0d14fb969f1287da4e79f50cb17384150799977e6352db7eb51cb55cfc511abd,0,0
0d210a40ea934511e6e88b030828afb246c2f3ff909284baaf9bc468f16ac5c2,0,0
0d28cd0bec5ca5ada2418585e28e4cd7053e392e5d8bcb9671f0d373c96d2189,0,0
0d2a5d2fa65957be21cd0ddbaf75ee9b2887933aba9ba2a16c29d027f50a2bdd,0,0
0d3c3f7ca2704959db63c5f210aed49a10312f71d778e2c66636433092257224,0,0
0d3fa6b81e9440ed79c82ae99ce0f3a2772b20a2aa353e5efe2a7457f0a8dbf4,0,0
0d46f25ac80cde4e1482788b89acd733b0534fa142cdef0b22c218bfb9ca2656,0,0
0d4bd67a38e1c436513135442f106ae6e680f5061bb76770e0d06e1c0be5a2cb,0,0
0d4cee785c896cea7ea6c66feaf60b2b45f54bbb11170ee14134cce6528c787e,0,0
0d52103e29daefc7320fbc90145392828851c3dc3a9e4c64567a724a4cfb083e,0,0
0d5351179682332c51f1c369d572fb6be73cda1d75ef2753fea1eb6b1d52caf2,0,0
0d56efe5e375e5c7478bd68f5cdff1819478729c825968ebb91131f95051607d,0,0
0d6888364db6e2f58506deef0cd6ca8270a11a1eb07da1a3b68b917db4f2b9e9,0,0
0d6dcf1d08133ab1390fdad8f42da2fd72e4dfb53c8bb25aa5c9ca1d90e9d555,0,0
0d810b1bf1050c11cdc5036a8dc8272df8a8cea23e940439e15c08d35c7a8d1e,0,0
0d8183d0bed83bdfdb5ab1c45232ff3c257b19dded6aaf4b7989febd54e2c9ee,0,0
0d81d9ba6e546ffc95e8134e459d415ff19ae69b990efad8064a52269ba830db,0,0
0d8cf44111f746b4dc2861570059fc007c0ddcb82bb7e97fd791024be18c0999,0,0
0d8f920acef4f60335bb18bc1d3fdbee29bde82155a2997a9a2d387705dcaea9,0,0
0db8f599a62f492a039f4aa80ad7ccba3f8550d867ed52d7ab72b74d305d804a,0,0
0dbfc091439206c03d4b1a045dd50d4d4cb6f82703ca5edceaa3070ada6d86a3,0,0
0dc01466e9c0708d7c906458d6c751d458ab6bf0be170d021daba9caaa66e68b,1,4
0dcd18fd7bf7477d0fe1fd9220f70ba7876cf33ab27b1390ea67868c4db4eb06,0,0
0de44c4220e1539d9af0975284be2c1f215066901e1e84190ea8f3e40a04ea65,0,0
0dfe5d1385689822f6696665fbd37d136a9ec37f12f7b9e8493dea0f111831c6,0,0
0e0b428d6fbf9db9fd2085b5fcac3140af07d443872a61b91bbd42279dd2626f,0,0
0e0fc127c2d07047ce0cacf42153724e4c543f3d8a0bbfa195ca0f35f36d5f3b,0,0
0e113cdb3908669b720e458879e0f09d6890ae1925e6c0d12eee5f21c02ed97e,0,0
0e1e001b767db72c4518eeddb38184d9d1ee4e16af442655f779970853cd98cd,0,0
0e23324cbf21d44e9597025d31cc9b9b6f2390a0f6c226087c04d1502c76b224,0,0
0e2418339b784aedcceb4561de39085e78a0d5975b013f8d8be5b1cb48796045,0,0
0e380b85bfa89a88789bc0bc5969730b8b9fec4722e81b50c25cd1aeeb3fcb4a,0,0
0e385a5f8402271d22b4e3d2d19fa8f9d4c01352862e14fb031fdaa05619cde9,0,0
0e3cb544727d251c9038f9857f89c2bb133c92b0aa8ae330e41ecbb0882fe6cc,0,0
0e3d404ba937ca601a4890fd01b0d60119a41c3b5c0a750c6591193f29397e22,0,0
0e40b435e610bc0d7a0485fe5e26e21690b76a421abaddfb8d14526cf4754a5c,0,0
0e4afbb11fae415a77f70ee0dadf633bb29602b5256144b2d79f92b8765ef932,0,0
0e4cfe71eb2ef3afae670bfe05a29980119f967067ad5e7abc94463c77284e55,0,0
0e627a4973c66268300cf6c70db00275cd4bc4b4400e4f0c0e165ce78af326e9,0,0
0e71f9a7d4b850389ac46743a9b0b613549a37f72fb3f157045056cda1315f63,0,0
0e7cf1eb501561ba471c2c20d97ce6f872eda90f5c17cf648330593d8a09ee15,0,0
0e7dbd5cac81315c93230cd407461f1f0bcc98b2d4887116bebe5a4626a0dfc5,0,0
0e867f82299872ccb2139a9fe3fd3fa5116d6a468314f05e26ab94b8b84407cf,0,0
0e899cec1a0ea0451db957e7dd78f39baed52ac9a61cb7d7541d9a290e989f4c,0,0
0e8c1af44cf666f97e0e76b273672e518de3f290ac130ef1e65705656788d218,0,0
0e984b994535994cca23b0fc6b212b0ef124780ee4134f3835a64f1a950a7ce3,0,0
0e9b2c9ea9f37389b0d0205a4318af5a7042f77a619deece9a69c27db88cb098,0,0
0e9da9199e466920188bc4c3083aa7781e16785ba1de9108873720821c1d1093,0,0
0ea3e2e5b2cac52538a9aab7a80a93c499598759179f20209e87555572d54967,0,0
0eaa44d07b8e64705bc6bec28fb38cc5d76f133465c3f4fc9944b21647db800d,0,0
0eac007747b228b2f2d4a8ac53ed1bfe6905783e3cb717feaae89a7bccb06197,0,0
0eaf02faa7ed5f1d450b7422a51fb133cfe4b55738c1f9c8fa00a178ebd3aa5f,0,0
0eb3b27908b1bf44869c6193855cc8eb11992ec62a1455807400be6e10eaaa34,0,0
0eb800fb05a1207e8f3fb47c98d37203c6ecbf9515428475124fba55dc16c4a6,0,0
0ed6ab7464dc61b97a7239d2d8b170cec2357e406da3d90b8ea1f8f07058d476,0,0
0ee6578f9bb5725f52fc84906ecec6ea01529ae790eb75b4e31ac69c57f1396e,0,0
0efb2ae7bbcb78b702210f0576b4da6ed2215397cf0d4ba9d4faf3058c0c13f9,0,0
0efeecd9943b6d64b0139261d1fd2db79f7079fd46d77ad916665f0445ce806d,0,0
0f089aa03164b4886dff9c6f01326642f496380df5d21034ec777c0cd884dcb7,0,0
0f0a151127ecf4a89ec0461f72d2bfa85d72eff62ff108600d5cc96bbd39b6fe,0,0
0f0b15d72f06d87461cf956a299c40ebcd5df1a716bf10c86be80ad9a5f8ebde,0,0
0f14bf48be42b6439b8abb71b521ef0a703101911ea1ce3950d99b6736f15cda,0,0
0f19ab70a9c1ce07e83cab04c7e069cc0951e5ea90ec727b1a8d80336f8a97ae,0,0
0f2506ee776e7fb0eb1fc1a036e21bbfb1e1194bbc5227748090282916afe3b4,0,0
0f2eb8ff25a9828d5de7fa807a0edea04413e0ac57aa4cebb645ba9f6676a09f,0,0
0f316ec016982ad20e8d7daa797e2f5dd4f5753600e039cb1e4e7a26ccab4bef,0,0
0f3ae09a7f44bf8e9fb73e4089532a060b360f70c926bb275300ac1eadf83c14,0,0
0f3bb18bc39c42125688d1336972a9ca3dd794a3bf7711a173186928dabcdaea,0,0
0f4121acbb2c768e1cc1bb377251c17ad6f83601edb85f3323d654e885659333,0,0
0f41511e850394aa317c5d051bd169b05de2c04007d7704b28dd24b358578199,0,0
0f4d14cfafd16109c7f21c358127efac73ebc7b6511b820610ca3c633a54c64b,0,0
0f4f570529307a92eb77e6255f7c632f7868495cc7a15e674e951e783665d84a,0,0
0f80b34b6097fe87f94fe537403fcd729f4796771d3be10234685f53f4cf0093,0,0
0f8a16b71afbb0c6a640d067e892dae9127c833ed7cb8af094e855999d9eeafc,0,0
0f8b3b0119541d86abcae5c61e060a43c0e47792c7819ddbbc4524e99721351c,0,0
0f9bd03eefca046b0a6208092ba52ae2c23af8d876c09264f5fc6a4b380986f2,0,0
0f9d3b9d4d6f8345a93c832412c8c74cdc579cb2214b578790f115b60b0aea7d,0,0
0fa44c7957e4deda0bc48d5166b47e346565ac73d48eb16a66290a1bdafd643f,0,0
0fa8dce6432c2663584b4357a958950616de8cedcd92a562db07b7e338a38d4d,0,0
0faa62fedf33b2c8fe9bb0d93936202abcf7ec7ab5107ad1660a911f1f2a58bc,0,0
0fafc66386bb52ae711c9d6cc563ba1837a9124754531f4b116180115f8008cc,0,0
0fb10e223b1fcc46e2d7916708803cfcde5f82a4aeaabc4ec26e31e1e8a0946f,0,0
0fb68bf53682e6b4e52252d4e969049e4053ce4aed8716691fa7e4715bb2eb81,0,0
0fb76ac2785e90a773eec00b435983c789e95ae304b6a0042cb09f1b431ae1b2,0,0
0fbcfbec7f0199ee6d2701149806212c921dc854f598e5ac35b3df3ed19b1588,0,0
0fbf946ab7a8a77878b7568c327ee2a4f566bcf435853e4544a4bab3e380c774,0,0
0fc702cd28a644c29c57286d72eb5b57bd73b45e7aacc7908a1dae1828a77d5d,0,0
0fc93f3f28ae51dec179cba67182586d9f1f305d5967f30f259f8589f41ce7c8,0,0
0fcbcea41a9ad1a5b5177715da57f6dac278cc8f12d3371ecb9c00777d84a4e9,0,0
0fcd437baa73619463e89383d745e49dea0756f2d9968e9249a532301a1301d6,0,0
0fd09aa532f4ec98d3b8a0cc1c15efb5644af00e95ac875e1d2ad42d21d9a68a,0,0
0fd1fd0d00e651b5a927dbd959bdee14567b6d718296912f562cabca94bcb1e3,0,0
0fdde3f6d5f10755c138d109a1ce28812933ad3c9cb44186a228d1f320101fb0,0,0
0fe37ea425e0a493b1623f375a9ef1588729176f071c25e8c578df5b6260b2f4,0,0
0fe67d8b9a0cb01dc992aaf8fcd0a9a0c7d222e151ae78f76823c48b02f834bc,0,0
0ff8115ed13bfb7cb91ea9a63a2fbfadd9e976d6d5b8313d3bc2808715adde4c,0,0
0ffa30c8df8e76166e7fc44bbf9d3601384dd8455024dc476a2af6b6982589fe,0,0
101e47b619611ab719f0834847272f9fe230942ee6124f59f96d6e2ece14af49,0,0
1025dad28e6b6af983ba4d3d71dc25405742ee155580c998f565e4385b0649c1,0,0
1025eeb46ac02097951c7fc8ca2a341750856ff840753012fe0e396256df081e,1,5
102d3742b436cab2988abd7c0ec3cddbda267b3be92e3a286525d9c317e5495c,0,0
1032aaf8cdd1e51cc0ccc80de3ea973517cd5cd0e6ae6313f522a2eff579f520,0,0
10350adb93cd389843125322b3402eb0a7800033d20911d9693328e05e6b5a0d,0,0
1036ed3e16fdf29de4e6ec2a5d99e087ab0b548e1da3d5ac8da8006e0412f3bf,0,0
103d3edfc503903198fb8dff32efa2bfb3ffaab678b080af25294a5261662d28,0,0
104004881a9d76aa34039c6eeba7a1e05cab67a7315c817ddfd0837540bc8d0f,0,0
104a8393c4129c5f1cf700b221c52d41f1f0b87e604f72278d43edf2ef5acf19,0,0
1058a1f281f7079d460dc40d72bf012a4137a20f4bf840f3b56616c3b7a30eba,0,0
1061c8676ad11987ef9b33db47c2652a0973088139a969a4b6817c76c0501207,0,0
1063789305b7d7c6b47ff2e882839a304b784917cccec19a064c501304664855,0,0
1066f871d202d92a3fb3126f19bac76624fcd4b0b9177808f6825b9543905f11,0,0
106cef5eeefd970587fa307981e762de7cb6b5134456f305217ed50d23da8134,0,0
106d6a0e22963f2cd0589806e0a20fd67edcaacbd0061a4ea8942dcea56f350a,0,0
106d779e4e5df52b423d744078d92cb48729678d53221f0f94a741402f003dc1,0,0
108071e4f8e471bee925a56eba32d026e4ad39b1e236264b65333e2cff663466,0,0
1091fb56325bd44d64472457a8a7dcaf315e5a4c21e0e81d3b5182f29600219d,0,0
10945a461e2428fd440362b01db32599922a925d0c56193f7dfb31316490fea9,0,0
10957bf0b48aa608781d4f4c93cddb768eb315ccba6243a1eeac0536ad8e0de5,0,0
10973c709d6f28d69a643d52bf4831b79388c97339e13599f5129c648c7be56e,0,0
109ac6bf0358e230031e49d2a2300b7393126eef80c796f9af723c2b7d338d24,0,0
109f6fd808971b34dfb5e7d56c6a2aebb7a980fd5d3cd824a01cb5c3e75fb481,0,0
10a1ee18f391036bf225557a9b5f4a663fa8c1278c73dff1a39d4bb44083cac5,0,0
10b055eb7c3323fea856a2b188890fae98fd1c2395c52a19f6281493a2163711,0,0
10b894bae7dd02cdd384eaa4961d26c4ffd64743b7802719f33e2d6c1e001b67,0,0
10b976c16b589718cbf74d140f140b667c4bb776847ca770c7f9878de5a03428,1,4
10d6b0a1e369f27919b088e140e55e6f4d56726f0b899c6c23fbe08496d6d65d,0,0
10d8f8aab83f574d7b9955b9922be7d5c144f42e056e8b0b20f2175dd94e7d3d,0,0
10de27b2e1628befe884743a7275063a8945d42e73c113fa00404672584081b6,0,0
10ed2bfd7f494a298b0a6c5c542ee0f07557051be21f9deb05e8aebad73d9e9e,0,0
10faa53e1961967a3ac13ce46f9ff4fcaad4cd200278e4f37a08b0cef3016cad,0,0
10ff85e61d0cbe711fbcf2872cf014d09dcaba11bc3e5faf57dcf81414e2139e,0,0
1107a618abf4abc36c6b89991095d2d6a569f1a5d8525c14e6f9832cc9aadc3d,0,0
111a26cc231f27149562cde9f03cb0b31af1cd48467196779fee8f1f111dc457,0,0
111d7b53060b41e2e07b8e443f22389a2e76b88270c5ab544451585b4c807f3b,0,0
111dbe5faf6fcff375d53014370667c66921d21930223af779ba53e20da66668,0,0
112897f89217729350b3fe40b8390e588b328820667ae6439c8f5c9fadda9258,0,0
112b4663058d366249514f2247f7339d925f7aa04c1801c799e0517b4e754891,0,0
112be81972057be131f642b69f6dbe0e8debb7b17089aee06d9df29bc89a6446,0,0
113ed7edf141a10960ab030e59410d60be6add73a4b94677dab12e3480563811,0,0
113fce342736fcaad6c8c6b86c87d8d5773abe02923d4f6d24cedde74ec7cf4d,0,0
11410923d7f6098a30e849f7f5e10aacfe0fb88df6ba78bab92b677b0547b571,0,0
11449012de78de61665a63ff8af4e7aeebced338f6352f9c0f6762eb315c3fd8,0,0
1149b0ac4a1dbefae2c3e0d69175a0a1b2e27229370bfd44836adadd98d39175,0,0
114d30cc490467e76cd3d89fb37080defdd190273851100da59c12f79f3d5b5f,0,0
114d560ea2b46172c7483e40c9c78d3a853426706a57cc53c92e6c7e915031cd,0,0
115440cbac2439fcb5a84643bbc7d5ea904fd8e2f50c3094c6e10a3770c6936c,0,0
11576ba377fc49484877bd4c64eef2dbbfaf6361df922ff897dc33357ce9ae22,0,0
11604ad0d0fb4814384ac371370b2e5211b4e39a455b13f7f55249b1f13bd602,0,0
117e63a7bce9df2e8e48a1c1bb5f2eff4c2a4fff1dd18193b374990f9e863802,0,0
11935e761fb3973bc8cea6b91b0962b6c383f988a3089bc5bcf2b0b228086470,0,0
119970357f5c08ace613643513d0112382ff68d3efddc25a457546f109f0a0a1,0,0
11a431e9fb3e5b6b66f7d8404ae8110db13af3b0282cd1c479e446a21b2fc729,0,0
11a509d742e5d0ef0e67e71f6a9747189cc081ccaeea77344c08a611b26ca063,0,0
11aa0cc7c762e622e02af151c9f91036067f9c2788838231d121818194c57ee3,0,0
11aee5f01e963c1e37931c479fb4f216dfd6ae79908b8e104b732376f26f5d0a,0,0
11c1c9061d04e7389da2022a94f7f08e9c92800092f11dea810faaf180c69676,0,0
11ca09bad4ccd08e643f4f0a43be4355a51ae419b9b5776bc03f9217f8cf83a8,0,0
11cd7d3ba5749044515715be8df24ddf4960f130748571b709fcc79c954cfc3a,0,0
11d01a1214c30d0ce00ee7380194876f24e757268ab6d022d158f2956333484d,0,0
11d44ea01b5fd1ae01f57daa1d8dc37b581aa6171580ecf8e01ed01c3c6e267f,0,0
11dc7f25d1760cf72148980fe86ac4baae5df9a083fdb672f0eee9d359349329,0,0
11ddba358131ed1ede6eed5dfda8f6acaba2bc75155f2eef03fda5501b057c47,0,0
11de4a3c5b06b9c2ae3a2047ebb54d3ff475d6723a990c48e84c501ed71be188,0,0
11e7fe0e490c9659a133253122600bff017f2b128463731a7741d12b1033fda1,0,0
11f0d31a55bbd091bc75b17b75ab6ee7f43ccdc13599a4aae7da7e9a056810c7,0,0
1202c1274bb436831fc1fe305a21b4a5b9887d1cbd58a09cea3f304baac96a49,0,0
121229e4ddf7224ec59307fc3148e4f2e887127187741defe84a3804cb06cf38,0,0
1213e26d6170de81556bf27cafad32fcd926d95e4b81117412185195dd48c819,0,0
121ed1ed8ecd166adbda33612dc73dab6ed1c2d2de6411796ef507a90f641e7a,0,0
1223fc44b27028fd9e8178a9ed322f9471a3a52991696e0cb0841edac2c56a57,0,0
122539f73297dd72c2ca4813ee493dc636b34e169bf402e0356610c35ab5e324,0,0
123868f5357d23d6c3699f5396c40674091f9f1f7855e12526678d489b421778,0,0
123941ea57c616553983244f8814f0c6abbbfc3b46e65f2d79f28d04b25e4792,0,0
124042e90971df7c1f2566ac4443b4e3bd161e15d00b4ef003c456fe62b8ae45,0,0
124d97c8dd01174641b15e02c1c260d89bcfba503bed04a7a46839a66c845de4,0,0
124f30eb0750eb79151389873f026435392f4b275bae5c638f0bc7607d72537e,0,0
12571e48243a3cf83c3e5bd1962b0aeec0d5df4b9ccea907b6934037dad2f6c6,0,0
125840d29d33582bd9644cf863dd2d6491d5d6d50055c6f832b9dd5a401b07b0,0,0
125a582e7847012a795f767d6f5df98185ca835093c08a74e4efe0c1313c759d,0,0
126403576b85878309319bc5b19e2dd8b31cc44da2610cdf2d0a00ac8345d114,0,0
12726a9f075f20c98e2d856446e3cdbe6de7431bb222c236116490c6bd8c5a3c,0,0
128278157a6d397a4906b32773b6d8bf5d58bd61f50aaaace43529e0ad98ddeb,0,0
1285b1be89d16ef2f618244c672683d2362935230cedbcaf14919383a448ff52,0,0
129a6b183614163dac67486878eb469bd54b56c23c49e60eb4c52b90d9b95214,0,0
129c1f89d179d97d7d45fea5818653e1067be62886d0f6d14d33e30bf342b871,0,0
129e3fc8f72deca3b461fe9ebe04801932c3c53df305cb3b91142f961921ad34,0,0
12a48b6f0a50e4182efad2fbfec6c213c646612ff58a0d3f80a264a92ba973e8,0,0
12afe7e4945f661d25049617138b9ceae0d1cb1fe7473749547253c44484776c,0,0
12b8cbdb32a89fdadaf1fe6980ed9622c8af9134c3f34399dc29ac41ee4cfbf4,0,0
12c6bef0e367c0178bec9e674a281ffb74b4cb2bffb8fe986f6d6ba9e459a505,0,0
12cd833dcb1413fec335a96ac8c8d3707f10737ada0823722cfd6670665fcd07,0,0
12d3e657736f19c96d2e0df31ab0e5b179f07d49919a9107647950d2058fe2e7,0,0
12e2dd513e3655071315340b1819e5a7d489b6cd97e2086d695797f7bfbe4410,0,0
12ece24dd85720d0a9ea7e75a4347c9f24aac9423dc2b4efcf23874fefd86169,0,0
131028ca822943204c2f9f130ebaf4ab91b46e80447544bb5e323cbfab0cbb03,0,0
13134b5325466d4263a659f9dd99f9ff653040bd7487b4560d34d65c5f72261d,0,0
13228f3f494dbb8b3a3f3b3b0bd10d49c383ce6cf67f476fc1f56318aeb24d97,0,0
132aa0bf0289f493f70e9d5c27adb5726851bd99c55b8eee6ab87ecf4fee7bfe,1,3
13390fd0d2fa72dce66a204747c680d56a91432ab8ce686ba9b662593d79d9d6,0,0
1347d0bc9255fdd01fc23940d8802776c390e8a2e0b88e1c5a3d5a927e6bc77a,0,0
135081c7c8bd11d986cd35abb1edd3c59fb25df8548f190db99b319ae909b830,0,0
1361471fa031556aecc7d01b589768d1b74ca6c9fbfad7bdada78afe0ce77982,0,0
1361c2bb6ac93bd92435447e82b95bd870328aadfc85410c4e9a962fba441081,0,0
13686c6ea13b1e621a82c3130d1fc2ab626f02b9c57a74f8c2463899e0648fa4,0,0
136c2c9d3e82bf817fc93b5c81531a5fe6b2eb7e944a1219e551a9a0184599e8,0,0
1371fce279c0c5f6f6e290984b62396c75bcc56d3b8a0aae5081d2953b53d1f1,0,0
137260f5a2cb27538415755efc8505a383fd2fd9686043f4d9df8001fa4ceb48,0,0
137c95477b9d052ce5dd44856cf089e679317d8126fbfe5fde2d391b5debfef4,0,0
138125b5645e2e51c4d19b56786a0197ac554e24d9b559b61d9a664215f63e95,0,0
1388778d65d75c22026f494f192be31b1eb44dccbd07bc2c63792dc361b1e07e,0,0
1388e90d8ae3790dd6ecaf7b6f5a499b919d2062c5127b36d302512ebb004a81,0,0
13b4a90a8f24373299591dd5214f8dacbb7d684051808e09345479b5b8f2faf8,0,0
13bf13dece5b8a331b79a3f737580017430f5eee1f7bfd539abc569980373182,0,0
13bfbb93b061dff316bbe3706810fa6008707b2894297e97b05aa19dcf4a9e18,0,0
13bfe9df2fc121874be8e095b5518f78b006ff02ab02454ed92f4a8247ad3da7,0,0
13c46e8addfa9b0ef5576837f1778dd2eef817ac6bb7786cf334a495773bb6aa,0,0
13c66f596c19aff880bb9b3e36cad2be11b23d6a233abe70bc1e97fab0c5cbfa,0,0
13cfcfbb23a6b033feeb2288bbda59e33c61a9c89c5438c1db7ca0a1c597c3e5,0,0
13d3166529a12c2415aaca175f38ab3818d76583297c7909dd97cf72ab046130,0,0
13e72427cd409431236d834c6b5e9aba98c0b65ad4107991ef87a724b78919cd,0,0
13e94dac452e3b38f2e6fffd8e7423ea7cd13f8495b98dccae86f81cf49e4e4e,0,0
13ed38ca02061a9db3a2a3e36334f114954e86491e12c74a8cb2c2678245d822,0,0
13f4133f9891e9bafb81bb0a0a9401d62e75554bfd984d979c81ef77224c4d30,0,0
13f9789af39593cd177d83715c0fe3da4741d15ca27358facddfa1d9197b0012,0,0
13fb1ceec19864047b8ff8d1cb21be831b3f47c89055bf28c644c5677708a0b9,0,0
1401e94a52f4858ecf078821c7e3f1dd3a73f6cd26c762e4c9f4a4f4f534c7dc,0,0
140abccb222c832cda23dfa5ef3605846d4fad3af891fba5bb5baa0bc07fb6d2,0,0
14147b97b998b869539036bb6c0073e9c08c0c13ba43195e87e03461038a6e35,0,0
141db56de5bbed461b63740c3cbfd28e3b1faf1a7c8af1623596661483ed1e36,0,0
143e58dc269dd7c4a3c6975ab77aa100da23b900cc48535d26b536ee6d9be948,0,0
143e70c4b0cf65eb3eab33693480cac68cccfad2853e115147d8187f4ed2e83e,0,0
1446fbca4335443453a6628b14bf06bafa43541daaec456c73818af09baf3011,0,0
1450f2dcc24db3ac3b5c3a305ff6fb23aedd13a8396708b34989ef238061175f,0,0
14517329fbdfc226159144f106c50ebef530fcb35f692bf56ebe759ddc3981fc,0,0
145ab908c7a0ec628e525b538b11f9af1f5f792d112fd970ffe72b97273bb48b,0,0
1467ef35fc2e8fc8b514f3f5ddd5a0f70ff9dc7d7ca520e87c575ca297bc8e33,0,0
147115a644c0e9fb1a61ea89285fe8f56fa4ff7d3281dd86e95f7010623e0089,0,0
1476d82d7ae74a6a9c5a3f6dfdcf447d69f670bf1642b3e37246703b03ef5f70,0,0
1481eea1a56095ccccef23b051e642200d1ef7d3ec50002cd19088acb8064b97,0,0
1491bddad1aa8079c1ffb09c0b0f7c0259fc126b62ca776c5208160e6bd316ff,0,0
14981ba79f1ff868f6a66ea46f91757d9a81aab67143f2a4bca29ab6b96bc7f6,0,0
14ad007d2878dc66724995e0126134353d2d630da956dea840fb5289e819f2a2,0,0
14b84a336cd2aa284242cc71469960d2d04535dbaf8432e9a5ea2272043d108f,0,0
14b9d6285cd6fcd7d05701e3b349e012ce3d70c94696ee51fe1d0fe1f32b61a1,0,0
14bbacbc408b3cc933dfdf4a027cec3bad55fff4cb29f47a60bbc5cded51802a,0,0
14d7787f5a8da3a794d4c4e42a0e83e7aebaf9e58291a7058731b99965b292f5,0,0
14da090bb4b5799664d1c2bdfa820063759272215b51a41fbb4feba981708117,0,0
14f66cd00b209e94b81499c02e5af7d2c6cc6b1632160b1f73e58e20b676470b,0,0
14f6bc98e4195fe1dc8ff3d35bfd4361da8dcac2fd0064f9f51cb65802b1df97,0,0
14f91e8c506f54e55ec0f10637ca7a979e671c37c53428dafb20e604574aec29,0,0
1501403cfa3ad17aa22f6d3ac44b78e0854e94d4d785d060b76bc41efa19453a,0,0
15045a42015f24b920a0afeb7444fc45e2ac45dabc023d9e7086ecf26ed63455,0,0
1504fa0f9bdb8debe84cbe828778fb58aaf7ed960e52fc093a40b2bc18f8140f,0,0
150f585c86a026e830117802c3787fbc56f948f85cc02f56b791a7a36386ad7f,0,0
1510461537738f3e2abde91eaeffdb869459b235d186006e7e7676b88e20604f,0,0
1512428d5bcfdd5b1e3bc98fdca77410966043747bccc5c21a942b246035c1fc,0,0
1525b595c32dcc9f04b38f65648eef99360745acde8bd8fa7a0911a0e2e9b01e,0,0
152aee9a9b753ea634331cc8274ae6ef30707eaf97b97126ff051aee3cf99e76,0,0
1530c2a4e40bb3de20801bad436e54ddb6b7d3adef440d1d8cfc307c31c35d95,0,0
15376aa7492d5ee51f7968a3d20164ac6323ced0424631f3e9b6ff0dd8eda6a3,0,0
154220279135058f50d436f60b118265d85a74428d844391f7cfe01ea4cd0f1c,0,0
1543fa92b3f6b6969c9f70ae96c467f6a19364b2a3fa8e7732e442a6849697fc,1,0
15489d0f81955e80549edfd31ec4ab47382f172e71a21f4ac4532a06ee6ae5b6,0,0
1557746f6e4d1039277f30f94b0c79700f9b72c71139f7a8130171a0d3a49aa3,0,0
1558d09e5106bb7d3faeac77e6bbdb38ea1bb5b923e649d5668dd6c6f1f7cb25,0,0
15693a056169591febbe32cfec892ca5607b0054093914f89ae2951270285381,0,0
156b3430506ec7758a6415676114e7fc01a727c2332066ac533985c248d8a0f0,0,0
158958ff57c431d02763a4d5ffce68413bf1599a52497787632614bc409e729d,0,0
159c829bafa603d65cb509d0e3466ea1eaddcd6f5d5118aa3683249c37009db3,0,0
15a23417954d91b9e9bde57ec6631637ade63bc968585ff27db7cc806d3b2822,0,0
15a28dd94112437f2fe2c690447a79e94fde68c441652475e0e3050fe95e9c42,0,0
15a3012048f7000a9b24dc8d20f7b2ba448f3681ba5f5a81ec072ae41bfd647a,0,0
15a56ed448e0872e6d14244b12adcaa22da5512bd714e3cfdd4a6ef9d8f70dbc,0,0
15ab48ffc2582312ef3afaa8ef1037a204dc41b221777e2e399b4dffb95d3993,0,0
15b9de0597e724aff86974b7d468cf0c3545c4393c90c092ad99132d73d5f6be,0,0
15d9827dd4a96698bf896dfde941fce0f7a13c537a73b0a54319fb025fb0aa2e,0,0
15e52644081f5265d600450ef17dd780a30db2a26d140df39dda718676e91138,0,0
15e5abf6105f56c10f0343e161fa4cf3e3111cd3f7f38aa9c50f475bf572c7db,0,0
15e6282c559e2c29f30167e8481e3a347f085afb9d8743451ff879360d420d27,0,0
15e8aed0dc6593316a2ef889143910ea146e12babc7ed255d16d72c5c91b5e20,0,0
16013ba981c7470d35db1454ced4581804fd589b493bf6851b2d258294c55202,0,0
1602b644170876d2dc8f1956a43a437baa666659995ac7adc6270d5c30264d99,0,0
160a51fde25396c5f16639a880d6f87c0c36cc81fb678f013003336bab6fdb3a,0,0
1611baf931a491cd5f4c3f2b08a84f6f606eb8a6007c51e33fa94f01be64f184,0,0
16180ac13fa36f8a8e9149b4c0c309f72126c5596dff0b2cbf26feb297cc4406,0,0
161e9bf2cd0c8556492d54aab53aafd2d8376711ef6f81a5cb26d645705f9a7d,0,0
161f02934793cf44862d489c2dab0a6e7496f1202f80265fd1046ed3d0e6ccff,0,0
16289fc13537fd594ea7d8cd9fbfad3999ec2a5d7e37398d7e0ebacb6915915f,0,0
1631c6f5fc3d38ed4f12898cc8bd7ac8b4258efe2557921b1950a1526bc78b9e,0,0
164156a69d98e5289b37311e487d24c4400baba5c4ba8475c8becda2ef5dc76f,0,0
16615f7b1bff3da7fd3234cc03f07a8fcd47ddc78f1577057153d976cc18789d,0,0
16741b28cfd4285fc6122da23445acd6db711a0d2ab0cd5c2c0a725dac1edfc0,0,0
168222f4fd5758e43ebfae6e91de6bab1c0d437ca29801e53ad94fd3c4e67c57,0,0
1682dbd98ad73bf6d0188993bb9c1f9eb452787d55365e273f7ba73e8e44e7a6,0,0
1683d18005990470968355d82c40a00e59968222bc6239ed8ec333908926523a,0,0
16881dd7b30df0886b6d44baf723cb89c33dc3cbf5fdd5126032adfa99464d45,0,0
168855c173f208f7103c99ed4c5c0bebc485e8cb251c84e1a44596fd7b89a75a,0,0
168baed454864486a0f8530649ed22b85a6b9e5805aa0d818d97ad55bf434dcf,0,0
16ae30c90faa02733c7ab3b4a1598f840bd74307acece61e425cce3aaa4357b1,0,0
16b3ff725a9e332b8847e25d561c7e5e003966e0ff95e1a7712e1aa0e93b9c7e,0,0
16c3d49133b36e6c6e735441b92e50050bffd848aaf3e40c7550f516c42f3057,0,0
16d7087094a05eeca4e73afe60b76cda067ef1f378333694baeb3ac61f93efb7,0,0
16e8d0a383a632ed498d6bb61e0f2472f2d3faf2bb8bdcb98a911b58ece9edf5,0,0
16f39c909627d89dc24617ff2ec48e73c9dac318a42e7c9388363d605d365da4,0,0
1703c91d3be2d7a52b94185232a9d11534a48bd1079bece773959221723ebd74,0,0
17098e3579c43cf21390e63248a189f784e4a019b0cd7abe25d4358f3568d4b0,0,0
170a158a4c96ff8145a760df6cc14fd8798dcf4f85055873fa153ac79527c2e1,0,0
171b8a07f5a9e50e793ae6545643507d5d89276ca1d1214565868e267e7c5050,0,0
171bbcb04badf69bc84f13879dbe29bb490b25b16e67ff7604fdb49b457098d8,0,0
171bc109ee054dacf8ae6d7ea2cdd1bbc7fc4e9c679e3d0702b07ee2ae1cd1fd,0,0
172700e89946ad7c7ceeaa4878f50a0ca65d0894e23f3ae259f41e1bef347bd9,0,0
173140c67e81b3df97c1b9300db00f5138ae7451fe3ee2bb66ab53379d7e874a,0,0
173e63903c489e44435ecadfebf85be4c85635eb8af7b54c47aa88581019d685,0,0
174849b651d312b6866d1397aba35869436cd2cee48a1804656628cfc8fb5e8d,0,0
1749d39b6928a4125ae1b3c58cf43531af31ccb83eb472bc1db5372986dbdd04,0,0
17527aba18cd0d5b7d17c1bf63317515c7b4956eb5c38207c65f770e7efc4c9b,0,0
1753b21381451b4d70d84f1f6d3de911d88ed2c63400822fc945e117bd1f3457,0,0
17660f8187306d90e952cf74d1eb1ebbda04d05556af362b7ac8e8c2291f1dcb,0,0
176ec88486d680e9f9484d0ad3119359ef46326792edcdf35027ead7e706b1b7,0,0
1774b06cb10d18571903a8086186b84cd9afb4b58f7721fb8abe7cddfa61f5c9,0,0
177fe50b1223c94172d7f8cb8edb66249a96e4a67d71b398158d83c9460ae946,0,0
17aca305bed2f4dc86a4a76871ac8186d8755f6a751f0b7034f558b6e77ef13e,0,0
17ad3b29384c19a8f2b4c62a6dafeb1c86d10d4f223095d03aee2de335d55d01,0,0
17b09c23e09f8a6062f2521e528c434ec98348d27eae5d5dc758ba49c385de80,0,0
17bb7752bd403688a1863eeb3d1838602f39897a0457fb98f95c15a676ec4f3b,0,0
17d2ed0df065f79823955f19030965248311277c7c1a065a495318f6ef1c28c6,0,0
17d4adb546f9dc4ab381c834803b0baf44c59a62248a453f46a198807e84fdc8,0,0
17d5abc0a6c66ee55d3352431e54990712b1c50b3f33558aecb2ad7c8b30925d,0,0
17df0e852befe142fbb8e1b5ccbfb120a008bbed1803e009d5e84032084cb177,0,0
17eea4934f2eed66fab8e8377aa50e18f1f7e8814e255f86e4ed06a54e790567,0,0
180054c7adb04e3227c69357f1df1e85974478e15723678ea4ae0ebe33cadc4c,0,0
18090f4cb5a5b0ee0a3fadd0acf8271bd66f3fc55d1b00615b964f6bcacef6c7,0,0
18242e5187770a382d9914542d0639d31b8494936a49d06314573182e0bf0598,0,0
1828baa59ac6f9b2b1c863ded5a68ef37115a17df60d94a1fb40ae0afaeb284f,0,0
182d35db18a709b4f88d9603b47d3c739f18fe9ecb10bebf4cb13847c86fdfb3,0,0
182dc8dab7ab2d49ce2c2b490350b9a92b05d370edf0acfea725d1490c180850,0,0
182e0f2c5e078980ebe694c33132bdfc6c7dee1daffbf5fc1c8440aea8b766aa,0,0
18345f28abdf41d6887831e98ac39ae6f4f65794d895db6e9018c877b2c718ac,0,0
18380b28dab7f5785c0263a70b639bcceae75ba71983d3b447fbff8db6e18ab0,0,0
185032e7728558871a8b2f95580855419605bdf942830f6602e9db797dd72a8f,0,0
18530bf26a3d86e9ef2ba083214cc47ce4f6995fde35645af2543ed901062a7c,0,0
1867b03d74f1b531085b44ec93a780faeb9007e4afe0c9e210dba1d349c5e848,0,0
187baacbb5b48b9c38b0d0f221483b7cb7f85bfc63f3c3fbe1cd3a271184d0b7,0,0
188923445b92b846329d14fdee3715271535c64b62123cbe2455001811e728fc,0,0
188cfafa318784afcdb428ea38a688e7165e8368506b671956226d595cb0bea6,0,0
189261f14b87ca39abd79cd35e9d744cc82c3f7c20978a80a3627bfb924dc66a,0,0
189e406c8bd103fcde2d3c31db1a84d19cc16ed5a22cd492973d9e3ebda59bf2,0,0
189e556dfdc1205189eb6895cb846865927782371bda75f03782a462bb2ba6a2,0,0
18a17562ac358a01fd12ef0ec407816468a403a676dfa1dad69fa7dd9a1df9f1,0,0
18a7e7aa676b080b7f6f325fdf92fc39129be0a892f1356a677ab8ffe7fd740f,0,0
18b9fa2dcf3ffff47b0fec58712dc8af7ebcae331d6cd450fa4c2ed8c783761b,0,0
18bcd4c70b9c0158e4baa837de232ad5e14000a1359ef06ce69934cb14ddc2f6,0,0
18c3576f1df188d1b8d136c902fb29e8d49405a1ea46d204313032fbe841d4ed,0,0
18cd7f788656ccdf6a5a0217d4025cd3a786df7007e674f363e22a9c85594ac8,0,0
18d8e3c2de08ff71ceffe0a0ee95ccbbc38e78d5718d3dcb7d3f2880e66faa62,0,0
18e17a31046f78e9a6ccaec1a43efea4051ca7882a08240794d6654a623265f3,0,0
18e2134b1f767124195fff9c93d2fad2bb3fd5a946f0bbf5a3892c53e3e005a7,0,0
18fd0f9e2ecce5eb4edc7df7dddfe4f50686e121b480cb0275933e564130af21,0,0
190be6537a1b7ad88e29c74e6d915e57f46d27229b4a4c4ca203640a16cc032f,0,0
19102d83eede2d8911e8c394b840a6f9e43ae6bff57d8decf17900f20968293c,0,0
1912443d7ec211cc21f1cdd323cb6fe8844baf6d6ee693263189fa0cb51a2a19,0,0
191dab808b7a0d87f6d37fd59045832864332da91a237cc34e66752eec56b343,0,0
191f53d47fd70eb3ce221d961370db6ecc478d5b3cde1556e5aaf778869d7e88,0,0
192346a815f8e9ac1014eb30116c18542c25c713996e844026d36d19900c82a2,0,0
192942b71aa4a459c8bc88662c942b79c031dbd8136c435e45684a314bed20f9,0,0
192a39115a7ff2ad9bf0bb6470832e2b76229abad73aff65e388a6672a7f3a7d,0,0
194496e24d44cfc080ec24f2f0f8753310d05376534f860aac7e18ab671d352e,0,0
19482821adfa2af47ef9de115b4563fb9817091d8a677267a035f212f2623c9c,0,0
194e9deb05444c17bf8a4f90cd2884b93f4bc93a7998884f5d85ca00fba29bc0,0,0
194ef064b62546a98efef511a71796d14c28f6a8530629cac20af5992dbc5222,0,0
19721a6c85eff8a8310b30de7233ff6b08bcd42ce05d5dfc37fb4658e348bd34,0,0
19819f120c858a0fa943f1e339b31f228dc22b57c2eeb8043c4ca7d7a2f5a197,0,0
198ab7f2a10f7ae432cea252cde0b0c0dbf060528aca1268bcd634fb35c96a61,0,0
198c78f5bc748220459b93d8f8f676408724ec40cbec8be68fd48d6abbbef105,0,0
198e4a5638240b040c7b3778fbcdeaf18f3e1182ee610edade74650fcc47589f,0,0
199317980d4e9e478ee52529d716047fed7063bfcd2d4e2c66b9749691e03acd,0,0
1995eaf54d36ab33fd772aabed3281184ea542a914c1a95e8662ea3e2b0320b8,0,0
199815cec5e95c4bbdb3738160b62d2b03ea5ea631b3c684a2041c46ee6f2593,0,0
19ac7de103550116169d106eee23294947ebc176ee120bb27383f97dd891b2ff,0,0
19ac979d94e3e7525648c10f562f75f54dd6a0a794e492d9f32b832af07a90b2,0,0
19bb9a2bb420db693d1903780e991c7b1452c47e0f5957aeab94af6bc3df93cd,0,0
19bd21105e4e7387a06201409e31f7f0923609849f2d1802505526e09432f69e,0,0
19c4c6bcdaeb2a7177cf18033cd489e1ccf549d8edaeb5cce17247fbd5052907,0,0
19c9aff64cd5fd0fb2382b6c3868eafb88771cb347d242831fb615fe7131c55e,0,0
19d327347d51aafd433398392702f1de4cff2cd3a72e53f9f56d4c836061091c,0,0
19d51fb91858744929305025c98b77a2640079ed7006e1efd9f64701bcc7445a,0,0
19d8679412b5408f4a1082d4cb37f0614cd16768931370be19c67e648c8a35ba,0,0
19df8424393725304a17e3dd16f0b62b5451167de6aafa1b93f53b9754f23775,0,0
19e2342336f63b7f9e3234915d7986e8ea042337691a7b3cca126d7f7ba0daa3,1,1
19e3f045ae270c3b7fc0010e7df167ed5b7b94e281d6b412cc2ce5a6776b9300,0,0
19f6fe3c98a3c7f3b2a53b9252dfbbc8b2f7f3de985293528fe03ea5840a2dad,0,0
19f8a1c269eb371a455b9f12ce83541ca3e60918c211fe859655e5e71e09458e,0,0
1a0326534af66a527fb619d61aa946110eeeb6af506615de7b2500805d80d235,0,0
1a0e707156e4066eee9a53e2c84c5011a3e6b2164102bf76960106e63f203fb2,0,0
1a27bc369d99416e30f1227b924adfc1edb7dca9307092131bb48cc7bd7a0757,0,0
1a2a0d5584e6aaded1765d67a0f75791a8d073813b106b5841519df1d4666936,0,0
1a53e89bdd171b2ed5422ad93dc396db62b3b3349541eaa63ef0209239525ed2,0,0
1a5f8b53c3bf5ac84b3da5a65cf9ad2cf10fd29f362cc0d5266609910c522933,1,1
1a69e35ead07811567cfa31e99a7806bd60e355e95c4f3e18ad6cdba672d6da2,0,0
1a6c989f6ec1062ce5318239350147b26ce82066d7220278973470f7cee740dd,0,0
1a78b4f6ac2c894cf29b50ca44842f97a712a0e497f9eeed96747f90ab2a6ad3,0,0
1a7eff66105e2c18aa18126b1eb6a556f8e222ea3c987760d1f5975d70f91ebc,0,0
1a82c05142dcd9b2c6f99d783720d002d8b9c9134871ef5e46f0089727d849de,0,0
1a85d792a1f018fa7e56864c540d43456874449e1e223a8aced3247b9e2bf93e,0,0
1a996674e556e6164516705d1868f17efaae0dd1abb81cf6508da46c2606d39e,0,0
1a99853060673c4b664e4675e85a47e06a6f2b5573c8e912a0d76597cc93e7b1,0,0
1a9ed44a85ee7d19ba8dc35328bc1bc1685705fc686ff74a5a25d1fb7cdb032c,0,0
1a9ee331d2f3e07968f5c824e1ad94537a7927a99befbddf557800d2ea698378,0,0
1aa376a17ec8e2398495d26a2b96970cd946a92298b0d81d233395bc6a232b64,0,0
1aaeb18bf674d0cf9bdcf5d6971d64ed72bfc9bb955f9683ed0e24acb9886077,0,0
1aafbef5d5d6b85826ff678db18aa1e13c5c7feb60d4c6a23ff904c3d88482bd,0,0
1ab880057e53604d23fa7443840357258d432de30c29fb5ea8cb3aba477529c9,0,0
1aba503d0b7054fa66ee12301c910f522768c295a02aa4afca57bbef2d360a59,0,0
1abfe640cb84c4b5dce9a494240ea2bf64af71844e1facdea38325985d6682d1,0,0
1ac0cb6037e1f991678dad8fd1bd8a9e5903bc92d33b721e05526c7c67f656f4,0,0
1ac193d627a0c4d4df0c7ccbac0fafdd87f12cfb2a2828c2cefb43af31c75957,0,0
1ad5ba9ed27c9521c4a31aa71e5932d6942694341bd5096d4e43004269065db4,0,0
1add5c5642ab45cf71a52d7409433d44ffa0409e7cfcd28d01cc4f1e8a16c3df,0,0
1ae2c201bf07d9ac7cd4f012648d086a174bffb527b2d39a7928f4808395c743,0,0
1ae68176ab4a6a70a45ded0b3647159313050bf578d21ec385394cf805574ca2,0,0
1aeee06a25ea1d78c2fbb2275f83d27c208d14458bd9e0fc6f70532a291e0b69,0,0
1afa3ebf68fa93fb13d61a15cf4d696d18121b7918ccb3bae00fd9a32732e19f,0,0
1afcfcd8684d2205dd8bd85b6e1b425c2d3f92fdd9c1250117eff6b09aca541d,0,0
1b015bef44ca39f6774d875940899c16a0d4b686ea0491aa66fbdb4045571ef6,0,0
1b09c30098be63786f49e9a10b71e0ba743d8f0619642bcb5643f146d4305d4e,0,0
1b0f6f3373044dc88549ed120b3d21d724bdff1fbe8b4b865db2babcf920f1c4,0,0
1b11e506bda5e1e7b6c0485d8a29f2fa582c522818f349c801b1caf249a7d9eb,0,0
1b1f314edc85b7312deefb8fd5865eb9a14f2efd64915170e9d0fab82c4f5220,0,0
1b2e9217cf7a8e902eece9f35ae5daf164794a6525868752ec077ce1b59ddb91,0,0
1b439957466bf829e378c20c4e99ef884a812e2b3ee9bf25738b2b83bc33bfeb,0,0
1b43e1c3536192a6458b551cbdec14bd87db3f1f6bb974413a91d90c66d1f452,0,0
1b4c68c10a10d85027552d40ac4fa6f3aa981f63c4f382c3bf8b51bc25a051b0,0,0
1b4c97ae2180b3d8577806aae6347291c2d8b2480c8fc9fa4d700f8449f3e5ed,0,0
1b50fc6221332d1429540aa4785d3c542dca9c06905ff6c1b32ecb5e02a398b2,0,0
1b532724170673473a440e0b88e923c096f48641abf70c10efa7ca9bcd0503fd,0,0
1b649b148beca4e432adedd551d2ec7bce402694f8a32b96094975b1807abb8d,0,0
1b733456f0e3b322949a0272d3e0d551324fd8577c21fc33add1ab9c2cd65cff,0,0
1b88d90a26ea26afe7ab6559f5f8a9901771239bc67f54597b09ffd89229bb1c,0,0
1b8df831ed4c9ca79ca00162fb475d1754128721d70c62048b8c90eea3ec9a29,0,0
1b8f5f61942b7e327dbe58cb8d3f053c5b8e6c439d0bc1457e2758cbb142ec05,0,0
1b993d8a21d0fcefb5b634688a7705ea75d929348d495443b07241a3b8acb23a,0,0
1b9ee2203eadf51bed003dbfeadafeb0dc26971395b43766323f137a47284a5f,0,0
1babcda9e8dc94300917c98d961bbf306f68d0f0d1938b54b0e3abcc51f2e047,0,0
1babd0f55c1f01710e7f7e6ffec33f476e338b3659907f7a466c7dde545bf550,0,0
1bc60fa56adcee2b371f80561fe0652478adbad62dc06ba11c77b409ffaf8ca2,0,0
1bc614a3da82ecdeee726454716884e360319f4402a0646e9bab035308c68f8c,0,0
1bc86ad808373c151cce8432d20d19fe7fec4b92ce339dc428de2ab0462e6b2d,0,0
1bd0524f49fc3cc27e84389d5a88e8299e2d278ea1484635fcfeaf1ead8d0726,0,0
1bd168e1550e7c01331eabde62e53fca5af232fb7d057b82f28cb02f345e8ff9,0,0
1bd5cbf7abb5983bfb19fd9660289e2ba026ff5c36f9a467860d8be055ce182f,0,0
1c059138ae38edb5dd1cbc4f432a2e50d684286049242af322f0fc0f33c039f8,0,0
1c0842e4c5434f95b74e36aa32b986cd706e7ce82e28b21d2fc4dee00d83ae4b,0,0
1c1b55dca24c2b4e0255d0b7971d30df865b7815c97aa08a2b857400e05d5d92,0,0
1c1f90540ba47acc3b4bd8cb3625cda73ed750d1f6d5c9f78675bc98fee8d66f,0,0
1c22d6a355f1fb8ea2ea27bec9156b6929a927c63743133c0ce2aaa85f520ed5,0,0
1c240e3dac795f9641f4baa4c5dce16497579a8fdfb8059bdbdabf3ba668adae,0,0
1c25964224a6aa029bd57ebab359e45b88555d648c8a700881f55fc565f7ba58,0,0
1c2b19dcb65dba6f46851567d935a897b547a7e470b9ff2006ad307c50bcd54f,0,0
1c2b6c2b2e30c67b8238eb4db0d787575fe4c05216c204b1052b91639699181a,0,0
1c332e81f9dcfa4b455b3ff2d9c1e7a075e44742d1571d52f92a847e2fc8572c,0,0
1c338729fb7dc175ffd402935eddf03b18bbad8fd455a3e5ad88ad8a5286a30d,0,0
1c3a472d207c35df2bb44a4d2042d6bbcb0a9f1d4685807429d0cfdc6be44af8,0,0
1c3be5bd053e6bf62bc11df7f750d040c01414bb07e3d7c4d6ba2d609be8028d,0,0
1c46f28e3235d4d07d598cc7effab638ec43fd980f2ecfdf607ab5456d2cefdb,0,0
1c49e74e74ad99f97203aea0677eed2b9e3215dbcfec9a2f0979cdf530836613,0,0
1c50467d5486703a1b005d5374edddc4d0adebf56149d20fd6e5d8b993c4c9c5,0,0
1c63b65785d8b34962094b369c6cc52ec06dea699e848326e3063d7496af2754,0,0
1c781e35acf4424b5ff91c137c0b036f3047de218e06ec01e0c52c4688258690,0,0
1c82179c8fcf50bb35efe85f3a98d4a97038938b677c363cdfaaf8f9140c3f14,0,0
1c833528f666a9a241113e4e84925cad0d8782fe02525bf4f8fb044d60b96fe8,0,0
1c8e941c0f64561aa291eff878f0c21240f99b768815a1296b557adfa0fc14c9,0,0
1c9aec90651bbe29e47209162972242deaad4a06feca42e2806e27fc27719c97,0,0
1c9c309ec0b0c3af158ae8db09127a9e807989a7224f27a8a8dc84e5254e71d1,0,0
1ca0fe5861bbde1955b38fe03808e2360b1afea6aaf7bf62bb2de0b3c1014d22,0,0
1ca286eae652a097b6daf5eb2b3c98d4290e328303388fbbae63a22be55aabdf,0,0
1ca30ee24045183da3915d4a0c12630b8690fab46372804ce3ac601fa704a22d,0,0
1ca3dc2bc04aad9861554c6afb51cd58edb56728b737150fe514f5ef801bcd80,0,0
1ca94094aeb35143e7335fee0924c5cb3fd0c367685d76b68bacb1b6e3cdf477,0,0
1cb56c5f9bbab0c65bf7bffabcc57361fa0d180f4d3cdfc0bb8e3240bd22637e,0,0
1cbeaebc8b68396645af31e25038617743f9e24e2eb704c3567e2751348630e1,0,0
1cc0a7fa18e19d5e9c5f773eab0f7f5962b8e791154bf4b9e7cc6e8f1534ea1b,0,0
1cc1530b7438bb328d36fc848c461872e44d62bbed4b70e31c0f56e1a0181d44,0,0
1cc193238f4fb7406eb4748f7072e2affa9731417b8540dac6549bf5ad84c26c,0,0
1cc1e8948f145786dd1e77a225c5aa212dd28718e4b2ff168d8c87a291aee109,0,0
1ccdc0f4b2aae1421c6c83dfa602a0e08d939ce676aacc5d305a1fe853596043,0,0
1cdddd5dc203bbff1693fa48f9eccb66819394cfa630039f133417b6305df0cc,0,0
1cdf6bb30e4d74cacac89e70c1f2be5b23d438afc5b78e5f14cba25440aeb617,0,0
1ce5ceebf39451bb79459d06b21dfd034d0001537f3dc20627f2701e66033a88,0,0
1cf180668728ef1f471b8b9b2aa88bb956600ddb3c57dbe6057b1ba48bd1f1c3,0,0
1cf7d1c3cecb21b95b0c20e94d35944283a9104bcad6f583522528139b1b6d24,0,0
1cfe02af5e1544f52cae722cfb144e24cd1c563c93c287ea92f4bd0a91d4a772,0,0
1d0de2ce2009c2e0101ce09e672697beea265843516f66813ec654d7b71643d1,0,0
1d0f6d02ac8aac311dfcc67a9e5d1e94e12496c385f92f34a06e14902cd458fc,0,0
1d0fe24c31a6d0a359ed10176b303e974b10072239d5432e78fcfd00300e0a7d,0,0
1d12a7c3908dfb29e725a19cb1d1ddeb0a7dd9df16d7724a0ab8f133659c2405,0,0
1d14fafc02524bb8bd88a2e92e84d0157716df0d18a9e3a44f52fb36a2effa10,0,0
1d1e40bb8727236cfdce41aaa39b779d7a1d73f1472e462d8308546d955aa468,0,0
1d1e77e16dd1b7b3aed3d7613b66d93ffdfbf3c896f1a7dc4b731c4b393bac94,0,0
1d23fbab4112e96bcd9e6a7974ce44c30515e6a9373c3f1c3c8ce4181d4be8ca,0,0
1d24692e648bc1ec3a4f19660bae7b536e77811eddfb9a0118bd7ef9ea7c9f4e,0,0
1d29c0327fa480e647d95e4707675a213b585033ecfb5146cc9ec27e538ed1ef,0,0
1d2f53a51b33c3b65fea3f85204828af383e4d32f301b7e44314c6bdd01e35ad,0,0
1d334b9e8b8ce4ab2ecaf921e2297a30c19f73262a4e66416ce8af0670325a13,1,3
1d3547ead16fe69499fc04f2355c03be7631c9b18305a90f43733e3393a7febb,0,0
1d4ac74328709994988325e8c9b51bfe282f9bc02996e1e3d1d0a8dba3d4159f,0,0
1d57897ad004ff2a5f9fa12a600d86fd11909f39019d54bd6560245b552d5f45,0,0
1d635d82027e6bf1a40b052d6e54044ab5e08f39b260a878fe58a7cb9575c530,0,0
1d65d82e1b2fcc5f0c7544da5fbac6309f85f266021f8cb81a6c525e868446f3,0,0
1d81896389e274027c397f0a08d8f6de48908f3bf4b5db66ebc865c7f9dc6106,0,0
1d821f93d0d04c3c4990848c6a50c015e483a66e66107c1a6413fb3b63bc1230,0,0
1d827c791b19d69ec6169a4c0bd57484b64f72c69a4d0f07e9538ab67ed8bece,0,0
1d877ac475450ea981149b242d8a67492f5760bd9833a83f3ed8b07b7974080b,0,0
1d8eec3f0c8877f965ef0816910d74a700e490c7cf7d15981ab93e43fd59d78e,0,0
1d917fec805ebf5c812958e51d3d2470e47bb4893f1abc686b4ea1dc9e4aac5d,0,0
1d9b46105609b78dffa6bef91a69123710da665457720b56298a770c0372c946,0,0
1d9e1371be3e6189c63706f8f6bf44e5af12d0de65e3328219fe525fb862a1cd,0,0
1d9f83ad5665c7981ea6d1f60bc0d88bb271e79d7878247b787ef9f08ff12e9e,0,0
1db591b4ba6e2e4a4c00891aae6225b2ecd0568fc6585315b69851b8ac4c75e6,0,0
1db9339172ae27fae15ee934bfe3d93f23a8688adf122465b9a32893697bf240,0,0
1dba8a54a31da02bb2e5a03cb3d433432c05c0441b2924ec007186fc585e7690,0,0
1dbae2e9b608da731d2a8e267e8e627e5662a54630c93e7759f9aabb7e115a5e,0,0
1dbb87cd9eef2180f337b7823168cc39fea6c6025b382914b4a136cbb88cf232,0,0
1dca85f4ff627d9f4da402f28f1d7d8245810cb3dc710d1f8eac7166667fd4f1,0,0
1dcb0d0640fef6c05e197a3767f8c8d9204f57d5640ac2e1e49fe6c8d95ee38c,0,0
1de0b95107f11b7d00e9a4b9b6004d292519489bd213315f72f759a60ff6e60b,0,0
1de32c54b8e430dd6e409b2fc5c055f21e0835423916c17375fa7c023baff3a5,0,0
1de74775dd152efec5c600059cb1b302e57a131ebe1f0a72e152c97f2a76c04c,0,0
1deed2cbee83a837ba3368f2d6db31cd2cff7583679ccac23decb579947b696e,0,0
1e0ce2cb67d5ae8418da97040cea705093f1063dd673f756aeed69455876815e,0,0
1e10d20a3839a908e0fd8f57e59779c8926b83088961cb5f495179bfb90c200d,0,0
1e264a5f80852ed718819f0f8238d12c2a614ef8242b1e7f2d27446fad0fc895,0,0
1e307df527835745fc4778271d14ced5352920aa0aa94f0ce73d00ce3d1cfa88,0,0
1e34d4768c385699a52b58ec71f15e65f3f0f92d4859ddda90b24cd2cb48d112,0,0
1e3cf5641b0bfa93219838046ca490729e088f02ccf4e0e519235dced0fdd41a,1,2
1e3e9b1bbab164804f16b6ccf00e914a31487f438b0393747cc0582e9ba0aeb5,0,0
1e50ce73ba63fc98ea5b2e6a662ed426e675c4376ac29ff9b5b2c0a7dcdeab3c,0,0
1e527ba0366e475f7001d4c1e7c252e973a460f6211321e9b9c204854b7dc660,0,0
1e567b655b95b8cb2a60bdbe29e0501258dc85a7aef70ad358227266a17e038d,0,0
1e634c8a1ecb712ac0cefb60dbc515774ca8cd0435edf70ab860a1de5779c009,0,0
1e6577481a806c46d103311cb229da03b40185990b209b775889af3d38513483,0,0
1e706dd6f92067a5095ec2afefdb398c4e7931b8e7dc829e194223ec59f7e189,0,0
1e712b590a9e9e80c3f52de1acb16bed75014301a58ec8d0c236e4d47fe026ec,0,0
1e7181a24bbaeb649e64433237ac864ffab65f4a79349c28d094416ddc4b382a,0,0
1e923b92669eb25b6aca2aaaae25da7de381adfd42e0d5d9cf8e5cf68cec45c4,0,0
1e980e42de3488fb84b06757f0f809e21971b8fd04d3082a6bceca639772133a,0,0
1ea6bca9d824af6e3826b77148a99de133058354d6bf1f0626492171f3ee8487,0,0
1ea7d011b3fdaa2b3a7c2504fb6f383a131e4313688f10de7c5ae16e3a054416,0,0
1eb90d37658ca069cd81c44dc2ca96b5262168ce6aa4ec93d9156aa5e289fbfd,0,0
1ebbe4e95bcf9a3b2e5c834dbcf13c28789b2b10bff6eabe976f005d0a8f78c8,0,0
1ec48d370637b79b042ba8f626b26f79c78b80671f0ac5b4a7b49c3fa861989a,0,0
1ec76f6265b53bdff255fa52a45ec92d1b1a4e683d6747ae1b33e6c289c0a308,0,0
1ecf56b20e56038824c2bf7603b91d6fd6105a8e2b746fd11575874272d48cba,0,0
1ed0108573b2e1b48145005896d12809dc9661ba54f5515fa7e59cdcd040b6bb,0,0
1ed3a76d42286dbe60d26626d6fb7a0ef296e174d2a935bb177c6ba72aee5229,0,0
1ed763d0a84a26661e60d768780587ca35ca1d6e6ed710ac16a838a9f51b481a,0,0
1ee08aea63934e750ddc65c12ff7398f8b50c1056eb4b76f4d326f06608340f7,0,0
1ee6ceff9e9ed62ad40e33044315aaea93517aea2f47df1b953988da042a17e0,0,0
1eea8c9f1794377cebac95fe8e5120e2c980f5369369e8e64dcd6ea3387e0f24,0,0
1ef64e18eadc893f931450db9dcc634c9b521fd036efaa7de49c8e5b0a14693a,0,0
1efd371fbeda2687bd6c92e66d8818da386b98ac326a467156bcf2792fb6865e,0,0
1f0dcfffe5da545482ae88ea10eadec78178433a1c8e45efcb279debe3549e67,0,0
1f137b8c4576ea15f047dcc81019ed18c1839d89752be77afdf2471e46ecbf58,1,6
1f30d4eec16c3232768cf0229f004928b4f3ffb3672339a859cbf855dd5bbd32,0,0
1f30f1f5ca97811676b06cb7e0ace1c37175b3530ab3dd0ad98554d28109c33f,0,0
1f377ceecf8ec8394e643164f960fce9f967495da5e373f9be7bac4d936ea6da,0,0
1f48af41aae0506cb0b401a3b8ec005bef18c96c706c383a5066a3e4b66472dd,0,0
1f51258adfc7ff6ea2bcd2b77a42f9bf6db40e41e9a2b176a89573e892c7547c,0,0
1f624444790e114b709045dc4d46874a3299e51aa5f6a293217ce774afb6fb93,0,0
1f6cd7d9e20e76efbfb76f420a34392abc12c69600e1bf218579cbf82d66f520,0,0
1f6d17d4da7beebaa6c1ef37f1081ab286a123675b95fc402df5d5186eb7aced,1,7
1f6d5d9a6b0d4d9e1e1a808db4f905318fddc69d320ac5aed62c857c5fd17af2,0,0
1f6f9b88f9614942d2f8f19a03fc54d200a2125e88b0dbb0f141c821d796d3b5,0,0
1f727d02a8b8e9229f8d8d1de0f37eb7d2c0b41e2879f5ab12b078b6ff03aa25,0,0
1f777b1c11c5bf8b8966630958a82103e55cda2702a5955fb4276386323a7ea8,0,0
1f7dbb302cc6f257b99c1670549d3e1dcd2761d36b0d6097a2fcfd7571d61e9d,0,0
1f88f9bd1442cd48c51eef7138c0b5867ca49e3a8911b6b1bc718e8f79d6fdc4,0,0
1f8c4d16a3e81261d48175bc8cbcb09fe1afc648dacb7c2d4efcd51155cfe891,0,0
1f8cd24c5883f3d12ac3a14e643c1e89d1dbb8fedf3f6d0c2345410bcdf07d16,0,0
1f90b79b63e25e6ecd972f882350166bb1a2e84873f0f699da98551a39dec65e,0,0
1f99cfa0337b2f92cc649ef47c7585b59eec25d9a1319c4b9bc606d479510aa3,0,0
1f9f780d5d5c8c04dae5edfd5369d367c9318bac8517a32167804ea14d48ae2f,0,0
1fa068610a1967d8eb861596f7658c50cd0935c9ccb7d796a19c88c786441123,0,0
1fa14f3417e22f1c81a984056db13f2f872f93ca0c617bddc3a465735fd4ed93,0,0
1faddc8869f8ca3ab25f2ab466455f7a5877929cfc05e19342fd63a7b16d1c90,0,0
1fb3038ca1e6e47ad72985be1d9dbb3f3632b842c36de5f6cbfe5f241b2a0bd1,0,0
1fc1e56cdbb1a355d693fc984018ccbe74431445f3c6ca3aa59c1d91f1b5c2e0,0,0
1fcf1f35eb7a3d3639917efbd34f1bb8b8c7eec187db7fc2654f5c17968a75bb,0,0
1fd0abcf721c23641d05d9f2d30d4d07982bb3c0c4609e0ce3d3128a1ee887d5,0,0
1fd77bdc3a1be259bb41f6abef019bd3bd0b011f889b57b8683522dac88bde78,0,0
1fd9ffe6d0e28eaeb92be742be44f3178ec5d57b87e574300fcb1962800cc8b3,0,0
1fe37a3aeec29be21a3ef81253fd93c04108932ebb21bae4a17116c98c4a8c7e,0,0
1fecaa2d82127140b936c37a151fac9359733a617c2165a59e764fcd5b13f479,0,0
1feec012c3dbabec556a3449ac679fb6ed7b4c07b3d8020120ed925c90a933b2,0,0
200ddfaa9195d284a93f5cd6312bf5f92aa21405173f29d9d703d3da8c44612a,0,0
2016129c80e892d6892154e01d179b0ab41145053bf495d3c028f7aa5f6df39d,0,0
2018f0647317a4f7ef70dfc3b73e9e62d42581a443294c4571ac1f36ea3d8dba,0,0
20254a4240916f769e085186c00cd7f03904ec804789130c09f992dd6c60f2df,0,0
2026753ef2e3fcef0198fad2430624c0849fe630defc1d3d399dc7c96c301c00,0,0
2026ab9b2fc402e6fd45c912e9ee26913d5bb2c1e5baec35247c38c7c71efd92,0,0
204362b51eadfa9ccd7aca58a6caf338ef54d42e3f0d5c55b146c3dbae5fd7ec,0,0
20460b4016e36ac3b6a029be7a1bfda6408a66e72c04cb01c445293fc90d574a,0,0
20576340f6d1d5c129ff53fbfffe908a9285afe34624cad6a9369f01b5d94866,0,0
206926c70c3736f64e81f80e9a21b92ade3518adff69a906be7989b591c70e4d,0,0
20726bbd8be273164d469bfb0d02744b64fc988f0a60d0dd16bd30a0687e9dce,0,0
207e5ffdc57a9eb84c844bfb87100cb1df114df0084808a4fefc5fffc663537c,0,0
2083c660269e98780f5578504baff94e34774cb31ed763fc1bf219dc5112e16d,0,0
20903634f9ea1f53e91e3e9a28d6025427da1a832747ef05975661c92781ab3d,0,0
20973c9d05894b5be85a44dd0b3721fc9f2c6cf9bcc0068d3c16fe57533ababd,0,0
20982b07264f484186041476bd9b2a69db9eec26796a32e5e51ef1ebd66e5345,0,0
209f486df8f323f3d2fb1901411ad73b8d03faf6d894812e93901fec3ec326cb,0,0
20b3a5a97501ead4d243103483ac3644bf5d9e21af586f1129be64d751f79c75,0,0
20b4574e46c8f3e3993ee3f4bd588c5265bdc319fcebc61b71262843a911cf2d,0,0
20b62f972e0dd1572ae2919928d5b34b2de2c59af7be8c64982a7fc4f1360189,0,0
20c257c0a466bf7fef00f3ae2a0973641841aacc17374e741b5eddd9d501ecf3,0,0
20c7abc59ff548b9e4cee542b73555d704ff01b570413fcd4e5f30e2f6bae1f5,0,0
20d5960774370eb8de02aadf83a220e1fc10d4476ae75837c5d7230d6ad58725,0,0
20d7ef2eba47e261ee12d1813c6773c6c608fa99424043cb67fa2bd132b1c232,0,0
20d9516b23ce1bfa174ea6284045ea36d10a10e835ca2babf9db1923a216451d,0,0
20ee8576b3af5db20306ec19c30b3fe7f79008726c64e94e89cf3330c85e5182,0,0
20f17f2f938b310870712671081ee6cb14790d565dfa893c46943917c8a2c3bf,0,0
20f69b4448c5df36f6cd92597a3e61ffbea6bbfd928ea0cb91b0e1d50ff98420,0,0
20f908969dbf8ece66c752c2e9d832d7ad4261de0ea566d422fa48ab699c8080,0,0
20fd7801933550f62a97563e060b27dd417a52260ae1cc03ebb8eaf2b8c067fd,0,0
2101177e876c93de605c0507a3550157c86856dbaac3d160b3a2ec827e5b90e7,0,0
2111f7cd7031ad061e29de8db1ead5682a4bbd5a70b80d22073dbcc31f6effae,0,0
2112d51bb7d811f0a6c59d9c5f297e551de979c2172abf43b593a5a27bbfc4de,0,0
211f75f3e461b051d961d627026c3f0962383cb554b4e5847a341efd88d88a04,0,0
212443ad5893a5699f07276b3c04368d7a70eb0791dd48a50dec1797e50c4a19,0,0
2136bcdc39d5eb5fcd271108a06253c9103a171b2b5cb6f05fa2d790e06bd133,0,0
21429e36b42d886267ec60a48398294792707931717ad957d663d373a04bbaf6,0,0
2149e76fc9d985958de9f58356af5e3b09d3903c520951d2ff8006295319657d,0,0
214d1f21d94123dbb00c692a021b40b64e9535027449526fbf4d4eab92f423e9,0,0
216076f4721dcc0ec3da18335bde11ddb37e50cf6895f0f42340350d58c2aed2,0,0
2167462343a272b88fe2f3ca359eb24bc3b47778d5d6ccda8ef7c97aa5d4c32e,0,0
2179a02993e7f82239fed43bb3339db0cad91d09a1f498b8d95572c9b397652c,0,0
217b0b41a38bc7c2dd9b3610d412c88532c149b5ac8053b6ccd4a7f1b41edc8e,0,0
2183bf61cf73c7ef1df0c72a5d4d47adca9a10ed327fb3da1f5bd1fccab5d282,0,0
2185cfc7e1a0a3374687f2073d87bf1958c4ccc63a1d377a99276f56f91a549c,0,0
218793b194d567626a076291fb1194fa2689902ce452227158b6d7b9454e8cbb,0,0
21a35d528e439016f01216e86d53df1d510b16783020500805a981cab78c070e,0,0
21a7ceaf3fcc4e01ef0165b29fc1ebad183e4eb5710bbef4c91650e2b275b024,0,0
21b052debbbcc8726e5eda8f8c272581e03bc80429e114bb0680be9791569b35,0,0
21bb93dfd2bcf4f2eea74b8ace6cb87f697ed2cecd6739b766735010827b39a3,0,0
21c0c9b2a4756cf847e4a3c419ae10373a97565c215cc77ae68c60594a39930f,0,0
21c96ea375cf929847b0ead762f03078054c9b2325ed1935be3edfcaf5745a92,0,0
21d09814ac8c9ec7181665ee41aeff85367f2716fe1365af8eab76bbcf37291c,0,0
21d0cdfa039c9ba092ef9db9b022652918975c1504339083338216855b69918b,0,0
21d32b23478793ca5c318b9acbbb741d7ed808f8460aca3166ab2325e29bc4cf,0,0
21d3306100fe0fba03fb12031582efe4ea40c360b12d082fb914f543a07ac06b,0,0
21e44c5a5c44cdeabb39550f1300d8e85f90234618323599fd0c8d4445ac3856,0,0
220d88ee0a82257a0dd6d45d66f6a62188dec883884b697140d90f05f3cfe19b,0,0
2211886196eaf91edd020cfcaac65d337a849dd9f3fe7e9b28ee57d2534dcd56,0,0
2211e41b873e267416cd902fad50d00f2180e9ee20a8aea9692b8dcdef94797c,0,0
2216da710f636daadda7fdbd2f2c0e89f4bac421701b90640c564f8be28bbbc6,0,0
22192089737b91c383d8cf05b7d385be99ee270f4845f81d6ccca98db698f062,0,0
221a658248e4a3b9124b59dc16cc56a9dddc0a036a6d0b49e4f8688ef2255705,0,0
2222072370f80f05b77cfcc475e160d9f120baf7e249e5c3342bd0a44969e67f,0,0
222eab31fa3866277536d59668e6b8f3d9ea886f69c66e8ef583b03089b416f9,0,0
2231061a2a25d172f6681821cb9f66f2b81a1222b4272a89138b1f9b1e1e8a2d,0,0
223d8a1df580cecfd1418556773382bc7983920a853ac4bd105d3df47dee3d4b,0,0
2249948c9d7d0a6d9e4bbe8889fd81974945053d4f1428df5cf2799994447d26,0,0
225e5bff7101fe45d6a0b3409a95400d6fe4cef643cf501128f528f77fabe914,0,0
22607779f395fb1ae96143629d9a4e0a18b10fbfda24ec1e04012c1e613c6cb8,0,0
22617ef622a671099e806b730c271381ee2cb00e8d56ad83f72f4829d875da2a,0,0
2274293ccaac78c9f5da975d7b673d58d71bdb4cac9d7ff62da8fafac11301a8,0,0
2278fa57e402c4bc291cbaf8eda399682ca72263886de33fc70426c31cf0850b,0,0
22867fb8a5e98e177ce8a59750553b64067ae13640a10a2bafb2508a05062077,0,0
22883f760f47cb49aa736d0883c79e8283ce768657ac2d5cf95351cec9a59834,0,0
2289dd97feca73e7671824e8001077d66b8cc6921bf563982026cb13045e25ac,0,0
2293cdcda4f91f8b47964aaa96ff2d649b883b3a633f1b53c529df0c7f0dc5db,0,0
229f99c894fda4eab28f9ca86a9b48840acd9876bdfac0a510f1dd7f13b5937d,0,0
22a1597d8258f8323626ddbc2d2db3053418cec31743ccefca638b7208f02439,0,0
22a1aff9acdc8f4d81dbcc29779dbf2b79f9fbe64086baea69798085b02e277d,1,4
22a438a1dff02c287096763d093091b793c7780919dd867e82aede0109cfbc70,0,0
22a45073ee10d3a1a6548c23ae93606cc093af3d0f9e385037b62d1f49bb6447,0,0
22a493752c882b7302e0e6f00597f20b6400081402ed75aaa70f445b73ef014c,0,0
22c250103930c19265cc295491ff98b1eddaa399ffbd86109ab91c9676baddce,0,0
22d22aaba10132a8cb929e6fb9877eb4ccaa39e6674970fbce7d80d894b02e20,0,0
22d5ddcae94b64dfdf3bc8d8f45080300be2c92cc534171fda4ae64b4d6a84d7,0,0
22dd29f530b83b6a0030d624d7dea65d2436ea6b9de45c22de98f6a81008d696,0,0
22e421d8a18d18022f82d3d6b4e078b6a20c94dccfe20038db83866c77360016,0,0
22e6cd8d184193662297827562c156e6498b2b13da1afc7a3c6a988a5256a6b9,0,0
22fb078ba79b7c67fa546cc06307f0718d52c7e3cea4412e22b6195d77b8a2ef,0,0
22fd39e93cb2a95c53db9d78bcbc43e84d3093b791435b90679b72dc679e89b4,0,0
232694e9f85ff078766f22128581582b6f05df8246f64201321c7ed84c8d6d32,0,0
2326bf11c03bb7e6965036e3b77354427987111e2f0820064ca663be9cb3c92f,0,0
2328ec74274a6c16c54528933691afadc2249677b5aa715d78ad3dac217c6fda,0,0
233ad99f693b772000c1ac38f42d99423cb9bc98ffbb9253c1bbd59746df593e,0,0
2340deeed15ca324f20b3bc68e526375a5c043493c99893c81b8ae952bc512dc,0,0
23433f54b40074d8b537e52f857b2f679ce5d86bc48ffbec793d4b031e5145ac,0,0
23473a8f386fe1f4d9bb97e50d67b80bf1266897a1179a9ca7717b4650ed9000,0,0
234826652f1d5ccfe4441aedd458102a54fe6ec5459d1fb0f6b4e2aea77ffd4e,0,0
2349da10af810a63b4db6f2962aab41964ffab1e487fef74517d77352edc4e5e,0,0
234af420f9e0fd6500428aa55de57066a8feea6e730ce236d19ac9902b79a33f,0,0
235434cf55249d75e105f095d7e830960d37675e3c6f0e025f61679b91dbf8bf,0,0
2356b4a3f3f8bf1682d56093d66825f2ac11fd88c49036b58ccf4628e6caded4,0,0
2368a2becf158a6978bcb090e86dd55c1d948727fa48fd6217ce56bacfdc07a8,0,0
2383409a9513980e950153f2552ff2fadcbd3ee82909cfafe079f4f12d4be6a2,0,0
238c0208a2e6d5efa3b07d56f6b5ab86359a191ee1afec048e50d4b7fb10e0da,0,0
239319417b57235ffce035fd1927182d0f11cc31aee9e67a9df1ff89dba9e6db,0,0
239350e2d1372755dcba3a77c58d81ea09bc4febe50ff04400c92fd08e71d98b,0,0
23948797d6aebca62e81c70ec72b5144275d3b7c2e935b815552aa5971610a39,0,0
2396ff161efa52d4086575e3c519b754fd93feb751b2853398a5a25135be5276,1,2
23a8772f45bab8087162e2c07d57c5dbdacb2438bc4190a7d8b45dc1e5d6b77f,0,0
23afd0a5a5bce7ff60799942b51034a28f468803cebaeb7f72e732e38db97afb,0,0
23b204066d7fd8e6f89772cb63e0ccef56453cf55198d11131e1adaae8d7ef87,0,0
23b82babc1fb8ad4d64f0ef52e0402ae9d4b22962b9e0d81ff7d491f77fbe8e5,0,0
23bb445b127d41abf91fcb0c3d77f9ffac7fd5db38a487c77c665c000dccb023,0,0
23d5e5de7f6862ecb116a8a740bc74ef8eae5977353de5cf082fa9da52210fb3,0,0
23d94aa2347ff4b99713cab8a6706bc40fd2d5247ac2f4b51cb46cd8dea65be5,0,0
23dc3d6eefb7ead7a3442322b300836348730b9ff79c0987818eaee66c832564,0,0
23e3a6f2565732f8a0d7189e845d299fafcd39b102bc8ee7e7872be52e646396,0,0
23e760799e6b70f64b4dde7395eb49d7403ed3896aac5069a906bda276ecf907,0,0
23e93ac347b9cd302df4e89d2844ca378ad0c64de6bc819b9061ba75db51bb2d,1,4
23f43345aac263a894209b6deed25da3454fd024ff5250d77400ca9a455092e7,0,0
23f844a6eaad1a7f9c1c543fd33ea4814297796a0d9e6a5d501b07b8e56b3287,0,0
23ff2ce08e70cbb4670451d15f613fdaadf8cb322644c707211de8e66af9e073,0,0
23ff9e5849b90bd94c9c26482905b9620f02db611f1e1b7d923773519aad4c87,0,0
240f3926cfaef0ccd25e5ed697877edb0aa5e13b6d49355bc4fc071f1a998649,0,0
242857e5b84874153bafec287c34c77b6ee114e448079975bc0f479cf46e6a48,0,0
2428f27d28facc8c271cbf858df731f9336a928b7ca71b8d1425de03a6cd04aa,0,0
24329fbbf5d75613c52a245a9fd4dece4f58bb24ed4f16cbef52c8875add4a87,0,0
2432a346a9ae5cb4efb3490708ff95635063b4dabc2ce8b1d0c99c5104494ab5,0,0
2441a54fb5f6dba2cc908ae85a2c44a4b6a6d15e28a21c55f42139f0c363eba1,0,0
244702c5faf352aa8934eaa2d1726564d3940ba4beb91149ad858bd3be6a2388,0,0
2453af798232f709431baa251513f2e6acc3eba9c51508c0b944242e652f97b9,0,0
24553de0e9b7b1f3c809451a802fa4d1e8bcdd4dd05fb5359a1b9e8b7b192616,0,0
24579a3f21ebfca349072d8473c6f0c78988a50766d47ddb73f098d49cec07bf,0,0
2459583e4eac8cc872d48d92ba77d65e3d6284857a1c0766f95ee42a86ea5027,0,0
2459f1b675821e20fb16fcb08dedf42f9c1c446eea102fe1a51be4cd665200ac,0,0
245df0127714186eb516ea829792efc15722253ec0097fc028670f156accf6b1,0,0
245e916f40d9894d2ad84ad4bc92f8153f269a4ded1997e356ae190038adbae5,0,0
2462fbc96c85ab22e4320a24985f17ee4b8087f474b2fa65a2ffe278cea127ad,0,0
24746335958cd413cf2fb9b4d99bc2c81f9a8d03c271d9173619e5c1fd819d40,1,6
247a826172b2ef29d47437602d036aef8a71537d04c3ee9d58ace9298f565295,0,0
247f742bd4d2740b1906734d7a40ae62530f6d07e51dd2f023eab1f8d9a8c79b,0,0
2483c42091c674d7490ae19b7030f8d459f3589e9b9c4e68b12c569a3fd7596a,0,0
2486ec352db6e278bf6c349db9becaf80aa09260ba0ea55bbebbdb54dbaaa123,0,0
248ab569004306c3da83a477c0652b129c1d63a6b18748099be59d8a24e19d35,0,0
248c219bb8a5f5977d9a55884f502367a7c575c6342029e5e7f2ba8c8cdb8f27,0,0
248cd764ce952b37ffd32a0f4438edc7a93538b4e0d517d7da6ac01ee8b47d25,0,0
248d13d21b2197403f7a9dadd432d93f7867da394a4732e3d154832c9f64c209,0,0
248da2045dc5dd0ea91bb9eeb7659cb94a0e415c4f30c680d233d62d952f95a9,0,0
249a60deef39d6bdfc15e440eb70fe7250a515a1bb8f59b6d053d50afc7648d4,0,0
24b22f9d4d2256653fa90ea5b168cc75bbe78c641a3bb10716838ad80fcf2e24,0,0
24b6ff6cd0bd2724580ed94cd288c13e0b3528a414c08bfcd3f743ecc9b1a846,0,0
24bd2ad3b250607ce73354959a22115d43f95ba10b8482f18f18a4bb8439a9d5,0,0
24c800c14ef306ce83563b63ce45ad224090114c117f8aa3c68b58e3bfea9969,0,0
24e456c52e42a6807fc959835807d0e879e247c0ca6b77761fefe6a831621e81,0,0
24e98022e18ba9e0cfc66002cb793439b2e42d3197e31e85582e5e57280a9db7,0,0
24fc90fdfbf81e80a98e8b72e63755cd19314fa0b7c34de4d43df5738e310d69,0,0
250189e921fb2e7a6d243fc4b2d3959ceaaee0fde155e86c0e3ed53e4b5bb3da,0,0
2507ed4b60dc7d7823e8e06744a692c7ba5cf999b0ec1cb1f8f79614b55a9b36,0,0
2509682b7870a3c70a27b2f49683d02d91d2dff440c1afbf2eb28b504b7e8634,0,0
2509eab3ca269751232d99f310363d5c2b601f575b46db39ad62dfdb4f6d92c7,1,1
250aa4102077d4c0347f6a27fb6fbe55f39a960f23568341c23d8773f859a386,0,0
250bb1a169122ac574f625205cd36d0c3c3df34a4b9f46fc950d44a3fb7f230c,0,0
250bf6ab45cc6a6b2ea3421d51e2f6aceac2628f4a077d806a5e3c4b73e3cff4,0,0
250e24f2796c83c693561ac4a5b16f36c4d3b70856bf3236858fed267ab69adb,0,0
2511bbf4934266c6010a75dd32275834ac48cb575a608cf22b43e9f986e43ee7,0,0
25161ed81a6db710b2071e9ef9be37b74caba9d6cb3551340d3a74f239a7fab3,0,0
251dd0d9b877ad7040c8871bf0ce1c30ace32c96d3a7779a839ea47c7643cf6e,0,0
25258e62a9ac43bd9aa118ee62c5391a51383fcdc97c2d0e7c22dd13cc89fdb0,0,0
252819648a14826d226a940b4208943c2bc06cea402f394d7d172d3b2bfd6d5a,0,0
25527c0f82da2ddb56d842046002b71058777d34e4452707f4ec2afe05b75b8e,0,0
2552f212a26e96db264ee7af5453cc7b8974839623564eae025eb48701c3593d,0,0
2557d42d9421f28344a5bb7afed24deb13c98b6026df7d9b7a3612c0f5e87be1,0,0
256ed08bd0d94f5be018366250d4e6bc25e85e958502473599b3ccf4bb55b8c1,0,0
257ec60e217424bdfa434c2f67e7f2dc7a398666abf57dde00aeeab02bfebe2f,0,0
258a094deba51b1f3e06f04e851fbf3882e5ac79ac4f9894dff2ecc914aeaf71,0,0
259a2373da0aa28a35cec395540936ea9383b372f13b8891dd2886ed63dbed95,0,0
25a039596c410e79e3e1a4159ff33739fd887920f01c9392dfdaf213fa466bd1,0,0
25a6816090ad2e499ed9e135287bd87051c158f51acb193f32bac9990aa03f59,0,0
25add138e0b5042ed17205adb8ccbcc3a59c2616a3f57b0cbce61606f84f2248,0,0
25b1e69338ec7678414767809870f6436fc22ef6485228bf9f8db6b24d1df481,0,0
25b47d6b5d80642455365d29a17cea0294322969fb1616eeb90f9486e42da2e6,0,0
25b5ab9cf5762dc9b85c02f58fc2f915c7e49ffe9933b01279f131daa7ff8e13,0,0
25bc1b401ccb2b0fae642d430dd61f4df5397ec4d2b4d69a06ecd939d8c08550,0,0
25d86e4141e91ce50a65de0fd2c0dc20e392035b82bebcd19b1d4ec14fb23ac5,0,0
25e1141b08c8b32b6d34d61096aba8183c2572379e968bbce7dfe94b0fd0afd7,0,0
25e30e98ca08b74ce3afe92a95bb899cc2d87f913ef75f25b5ac2ef7f7ba7f5f,0,0
25e7ffff28797581525b82b556459a92c741da5cf0577d552774a61c2e221f5f,0,0
25eaac14b17d6b274bed71a33b29b12594234f39b17d30b3fa803d230c310ec9,0,0
25f0d740fb0d18da7eb81c2d3a8a51ea2246bf5cae20631923e3796f26b43410,0,0
25f20e40fb8d10387418aa86f8be721635fedb2aaa5d97917a07c61a6d582197,0,0
25f8ee43af9315d7cca62b3c6869a746b9890871d5cbb7339a322004df1fb789,0,0
25fdbad81c7fe45d2834a4fe99c96ccd72b5bbc242468403d34d5173fcca5d75,0,0
260831e08aff5c265c705deb70c5787a2a2d7d8a9896fb178978fefcf057b7b8,0,0
261607a1c0859c52f352d57534721156f0163e07128f4047487713a06423673e,0,0
261e223c03347eafefc65e1aebc8b4a75b3810111fb50c186741835d3b3224c8,1,1
26201c9a39b34f1d110d00915eb9df2073ff87b89a7dae2230ae77a1ed4cf56e,0,0
26226dc41c7309e5eb2ee77aae09329c9355e0f9ad70143fbc3007ca26489dbd,0,0
26257b52fe9556a08affd6c1f3b5b8759a0b522fe61f15b1bfdc7e8b33a5e5e2,0,0
2626e1ae3167cc316b8b61b734a30bc635c031aae115e96d181f0646b4435f3b,0,0
262bea71855fe6849e849b5c3c17e6f4546b544fed5431aff10b0b12f71a615f,0,0
262bf17a4620c8fad5b1c59c80e1d65611acbb4960fa2c8901cc607bef97dfb4,0,0
262ef31ed6d0e93f8930bc2378f740134e047c3b21b10ef14a1ad230e792b7a0,0,0
2638ee367a1ed4d6fddbcf6c912aa234627d37e78a09b22d44b10202c73b21dc,0,0
26391a81646361ace957fb45487f7faeb9b9e4dbc88a8e6c6b7baff994df1322,0,0
263ff93bfaec59e9b2b64dc67cf7752bc38d1b11fe9fa4106b3a9a3875199751,0,0
264304abc575650f971940c2c1a3e966baa1227b4b20de9227f81f9e35522290,0,0
2649133e74d498ec8db5b84434d1575999a752e76e37304e905df44b743c49be,0,0
26499b777e71674c4c228b21ce0e6ede0289376806600097bc4eb282a2609c58,1,7
265733a153a18e5c231657bbb6b1eded0dcafdb7755654109c2d2e4d19d450da,0,0
26598b1a2a11c0e350937c9a3ad396a0d16f17e7b21f6c526bd18ffe115cbb1f,0,0
26695c73b19e700e70c21eeb6e49cd5b962d34ae5184599c6c0a9d5fc406953c,0,0
266ab8430a390f0a84ec277bac9501e965fd7cda6696c3b9a8fd102b3b54c00c,0,0
267367125f9f64bd4970428a264b7aa1edcbe536757d05c1fa1ab8b581981b38,0,0
2685e33546faef84990e53effe429f4e7709fe6a35fafa8a52479518a3fe12ab,0,0
26885bf396f67c86bb8bcd0f3d344a13880801e32aa545718363b2103b78cd70,0,0
2688b31c092e259bdbe99e95549804fc858d8498fe9ef315c2d3de94c882cfa0,0,0
268ec2140ffb91ad479d16da20506f8b1ce4ee832dc0020e8379df6686df8228,0,0
269220e0546e54959acef8817d11bfc0decf51940c5055cc440baf1d18f1eabc,0,0
2698d7bb3ca4c61009a91721de82617180f35286a11cdbdeac2060e6f4ea115a,0,0
269e00b54b2d04bbf7799eabd927332b6b863c43fb1d99681bd27d21f1aad14e,0,0
26abf24251e5cc581a9f0979343f12a06edf4cfd36e1709655419dae5e8b09a5,0,0
26e869d103ed4ca1cb058fb937b1b470e899fc29cfa5729bdcecae6e9da38c32,0,0
26f3f23981b2861ba6406cf9b5b807ecb88639d382ff61109cd089980e5f6596,0,0
26f71b292d8a8d411dc5dd55a64fca9228ba4320d3e96f5d3c6a9717bce4fe01,0,0
26f74c22eb111f5c241c5b7ce8209842c50af38d945c3951a3600a99ae8625d3,0,0
26f7e817f88012641ee711ebfc2a8e3ca2d7a02d938f18284c9ec5c95487aa6c,0,0
27058d1dd44f0b54cb841b65de5c9442da8e008d19507ec597f05f414ea0e124,0,0
270680993140eee54986fdd6e13fa7c92058166e80326f519fb93f272db0e8f3,0,0
270ad438f8e851821ab76c62658a462a66a856e5681249296fd82652e6a4a0b8,0,0
2714963092691f5a002419118c6b8dbec7c0174663d2a3057ad0999aa72e0a0c,0,0
2714ae523269ea66acb25fef927f4e76da147b062b18e66f58c3f1946a18208e,0,0
2714ec098cedd7126f13554732eb2b9c792b0bcfe0c11762868ed4a3fca910ba,0,0
271e16cd2da168073a6ac8847ea310938606531585165f659114dc8d5d68337b,0,0
2722f515d7c7116df3af2ec42fe13e4f80b58065e783df0d5287bced6219b209,0,0
272888b2358d8fb9535cb6562951cdc33773716e3cd07ae67c18e83ff534fcc8,0,0
272ffd8caafa234984d2162ee1695f845faf8c89a3f1ae9cd5c4cf0fad220067,0,0
27306fb4c52807650361d0eb285ae8cc6540a7c17ef5c54d5806d851b897a507,0,0
27334aaba7d78b5ab34ab3d4859a283afefad68dcf7cd75cdb6548fcc4441aa8,0,0
273c0e2ec62f4c42ea4a0926392d38662ea07e84941ac84fa5f64e14480f8396,0,0
2747860075cf609e8b8c5d447192525bd84aec1c2eb59f4f2b2bff79ea52983a,0,0
2765d1c739fa56404f4fb02c913ad3386ddb6b3ac745471fa1463c7de30b982e,0,0
2769f2e2960855b38965d6f840e122e3cce6aaf93c2cbf89ced5c84598f4c898,0,0
276c6145d371d18d1ea4db94ee41eb7ce01bb5ec39cd95929f4f7c5d9a22352b,0,0
27743691b0b156474034ca0e84f696ff3cd6b58f42386acd0ccbdc8e2c1378fd,0,0
277b3f8a65c5d2d4443414a9995787cf7aa5567c40fb7832bda9d80f0d79ee9a,0,0
27a3ed8909c87b85363e69464b5abd2f8645274bb17950653a5382c1fb9c3c87,0,0
27a7772442487cf75d0c900a005ad937e59ec9bdf93b87660163df35901dc544,0,0
27b93dab9ee04d11a1a66cef46f44e544cdd447d441d6828662bd1824e46c1a7,0,0
27d2761fd0555c6f282293d1620cb99b679580a4701b68790dfab4be70381eb5,0,0
27ecc917e7b91e5b06e4411ee9197d096114b49bafed91e7d962a3203cbf5866,0,0
27eee5af8da5ff1563ac9783efbb928df3ea880ecbcc805465cf6cc9f3bfa881,0,0
27f7a2fefc1670929e9e486c555b4ad5df687dfd732ee10698a07f7b74de3f4c,0,0
27fb6bf5b16a9fe32a0b750c7681d2b7890e3cfc0ef5f19b7d9be9e08cf9395b,0,0
27fefb3bde5e52cf3be5fdc6a8f209914bd77b9e360d91e7ef31debbe9c9ecf4,0,0
27ff2f93a0f9a861cf562a685f2047e4381fbf4f3cf881e60bb7dc8b36e270af,0,0
28042921555bc945441927d02b9d6004cc36524c11c2557d7d2de969a873c179,0,0
280a46f4a07584df24dd66a2ebe9bace73659b50eeb46fa0c4ea1bb06ae79cb6,0,0
280a5e6593c3423a85cf4369c6b01b60bac849695d802a7fbfde5f238fe8bf94,0,0
2815bdd931e42374a465a7b83166bafff18afb13e11096b58b6246fd82766260,0,0
281e80fa2fa6ccc40b168206d1f915d3e4ac333cb73e44c3476d57296decc56d,0,0
281fd1d40eb7ca8f70078c2d5d708acb22a5bb9fe74671ff47c77b2bb8dfa617,0,0
2823c39220563779d90f1bc313fd8bf1f879f6a6c52bfc6215807b3c28f7accb,0,0
282673efb69cc6d99b9bb9d49500f1abc71f839f56a6c44d3412a056350ca238,0,0
28303ff4b7c589ddb7b96b753950dc78332dafe7b90d72371fb27075d0b48c5f,0,0
2832e11db3fe016febeca3042ae8aa5b937653cf88e0c21ead0a3649cb7f0da9,0,0
2834411eebe7a58d6fcc264876630b2f24d6776730ec3e2f10ea6b0cca0360de,0,0
2835dee22df846d4ab334d994d7580a1af63f26bf6f81824bc2a3d85fb73a6e9,0,0
28491f5498b09cc8009c003c717960e5985aea9b450dbfdfdbfdb9a2dc6f77fe,0,0
285c0fb9d3c943921180da289b4dd75a3c8be294c370c8eea6f487b1b975bb75,0,0
286ac0496bccd8bdb1325393d94757835e861cdb3db13ef2e6b3a0d4bf2f283e,0,0
287b8305bf46bea8534e9ba8a63c2aabc1b2330df309f31e29d6e9d0f2555c25,0,0
2882321860cf013b7e4626e461ad7144ea470a1c9ee00d78befaa92cff8064b6,0,0
28895f427e7c3a2ef3720844988f30368e49af9956cdb385e0b57499142cde85,0,0
28927619f590adbbeb21915acce39900ce1fb3f5bc6bf0d3c9a829edb0b9263f,0,0
28b23ebbbcc717028ba284ce2ad595c75832b5af30927a90d0f31821b335f721,0,0
28bce55497d1673df6e895a5eb986b061432540cc434a344e534f08dab10490e,0,0
28c59fe882484367bf6283c1420085857ec9104f5e2e1f57339de9299117d1b1,0,0
28c7416021c07b895110038cbfbd7342f81bde0832daa458af50df424e3fad3f,0,0
28c786ed2ec0b9dac9a49a230824d461ad16824b2345446ac76bec75e5d6d4d1,0,0
28ccc4a09981cc94fcb7b525accb800f104f9552f93fb3bd118b5e52b4b53353,0,0
28ce731939f6bdd0cfc95b3d2b391b4d05fb716875901d3b45abbc0514848b2c,0,0
28d1143c4d9dcdfb7dccc3bbaf6618babe09a15b4d4c659819456c465dda1391,0,0
28d11549d0a523bec7d76f194872cdfec3b8b434a0794174296f60cf0577c054,0,0
28e397ab131991f0afe00f276fbdd23da7288350cfe95b386bd2ea5dbc2fbc61,0,0
28e494eab3ae0932e0afcdfd39bfeeaec060041a8fc2f0e6e613f3caa171f4a4,0,0
28ea380e4d8271045af269f3759615b42f63302ef201e12e23243c780c9923ed,0,0
28f3187c242b6ecae97e96f4a4ef2bce7059d48534ddb8b4daaf85154c0bc0df,0,0
28fdfa32ab7c1303a29e4fb30269bf118fa321bb8607f68ce25d8c24c77637a0,0,0
29108bad8ecaedc2bb26a59a425a2b90bcbaaa06c369cec5bc781d77263faf9c,0,0
2912b515930674c84bc52979451f67ffff5d7b2951fff07bb292bd67cd3cec41,0,0
2914f841079a6ea773431e5c15993db92a22630428f765984daeb45b4ec163fb,0,0
292c9dc8a13deed961e2cd07b0321bf6d7e13185eeeb5a414dd8e16d9137b0db,0,0
29312474f9440fffd5e17d54f5d0a8b788163b302c30c2edc3c458726f0d3b9b,0,0
2936b67b87b902d5925532950b96cabd8e461e9b50e0f00902faf25e56adddbd,0,0
293b6b8b8935f3d15c57886f67bd2c0a0ca01e23442d5e8e2cc907a001b2c64f,0,0
294a429d9c4581ad2532ff885f60b6e087b0d64a3e70f70c4ccc5ecbb21048f2,0,0
294aae2bccf8c6395b99170f085a8747632acdcb2aba095308513e4f6ffb352c,0,0
295dc01b4b5def94b86cb72493d4257645c95dccee9dfb0ab6cc3510b5f9bad2,0,0
296045ccc04989259414947c37f66930ad9c9dd23c210ab152d797cbbc1dd408,0,0
2965cbc69eaa862c78667609518d92292cdbf5f6b25222f189c2be825911f4c7,0,0
296b8911075abdb6cf6989f0fd829c3bd8454298e6eec877b783c4349749e495,0,0
296d0682fdb70b73936672dc3ea26b9855720e8989a77bd67200255d68b8a83c,0,0
297ca65224a52c253e7ccadd5e4b9d0f5f4d45a6d763f03da5578e28702a254f,0,0
297eecc4c75d9dbc32f2bdb1be9e3f00731fb34c41d695d716f681050b561971,0,0
29808223e3a46ed3710ba9701471a3fbdf3d1119760a4aa3b025978c1f420b9f,0,0
2989694bb2ab78814305a037e1a589f61ecf144ee92b9b96ccccda947d8ad9b2,0,0
2991bbdf7b239696f52f0530e21d029274038c00416ded3746c23c59df10ef5c,0,0
299716f7b853142a60b6972aedce78086508ce3fe6daf688cab7b93960b6e37b,0,0
299ec386c1d1abb7f347e432856707eeb0226d62c37709a63877b0255b2451cf,0,0
29a8487b34c4a738c696ab797c179caad2d7a3e026583589eb3b0de4ebe1e52d,0,0
29a8c59b487bb86eed22420da3043d841d1a969c07b968e5a1a5c41dad1a83e7,0,0
29ac2f67c0e469ab0405ddb18ab6bc923a388550ad79881690c1473683d741d9,0,0
29dcfeeadb4d7dd64de8c949ae2d2c9b4970d624e320ef497302275ac8a258d5,0,0
29df973aaa8fe05a08dac9f197557e66a11f4cae02c88871035c27eacfeb7134,0,0
29e20efbcc5615d3f30350f2b38b1f2ad9925817f7fe3b31e2a224bbc8399892,0,0
29f1874bcc23e2e52158ceeaa3b94c1160c8057336f1a47f4adf04dc2f9434af,0,0
29f6b8d890b4b644dffe4dc06f55bf65007a9b48ed1915043220d8757523ee37,0,0
29f880cf84837c22006d016834a233a12f5f529cfa042b2367c3b52f9698fe82,0,0
29fef23fa3f8cb4906776eca3485e5fc4a43fd3486043d98cb68dbaca10c872e,0,0
2a1042bd8889ced54a0421491d238afdd22d25454d2e1871f0868c8201197d58,0,0
2a1312dda7441647bb222fbfa96f962eccc5a3579b6aae8c2f285c76b93f4029,0,0
2a3043060153b834032d2bc1adbe4c508f888d3652f889de76996b994b20ddc9,0,0
2a54ef7d78396d22417a880025c0147b88c3335f44fef29071e967f4ed8d4f28,0,0
2a588a01f646afa4d5f84d25fb102b530e17c8d4261737e0c73d378c709b3ded,0,0
2a6a5cdaccee7799cc01f26a42d7022ef774168c12dfd5d8c06dfd25b28af2a6,0,0
2a6a73cd2139ce0dce41fd5ee7f68a003c20324e66e1e5dc7942b80c997ef7be,0,0
2a753e69890f035fc11f244a1cb1bb9b2b8031cfe384d3cc23be187692baffff,0,0
2a756e27e42c5d87553e7b10e03e10dffc940cd51a62d5725a455063b45839c9,0,0
2a7d7f6f52c1096502bafe7355b09c1b25da24471bc4bf8465dd4e596e8d6b33,0,0
2a81c56969508208e1af442f7c54a3e25a3a57a098b48eedd267f1cbebb285db,0,0
2a87da64350adcfecf52d3c7744681ba69fa42b2babb748a9432fea928f639ff,0,0
2a94fe9288227f27955ac8876063253fcce825c115949f079f6570569b9831f3,0,0
2a97735c863ccbba0d214b3e3cdb7e128835cc686756b0cbcbb36dabab4cc881,0,0
2a9d06f08f2f240e895d9e68e9b2685bcf28c52982b782e0e7b5e8cd75022cb3,0,0
2aa429d9aa3ae688bc978864983092713a075786907de6df96e5458f97cde07a,0,0
2aac679ae2e45a60a58a9b82771ee79a3a9d497cc7622431fdac7b4dbd2158c2,0,0
2ab13228fcf3743220eb99cdf76c191af22f45cda8778c5afcf6b18b49d29fe5,0,0
2ab90d7942c451103470de2d357321040f465297936fc65b76486a2c0b32d998,0,0
2ad05e3e240443128cff185a9fddb1c9d462c9fc0b848de6ea83e379ca16cb60,0,0
2ae230c2b6d45f1732887e75f564d0077a5e73b6faa4f25e12cc8b0359641776,0,0
2ae40e9c7ce178d3b501ea3bc45d3059b656b993d4a75575e08731c1ff6b4e53,0,0
2ae54bb0514d0fda207e5c57445c868868649c05c4a022f28e3e330321ae7111,0,0
2afbc635bc213139d74ac6e0eecc1d8cfaace1070d1ad717ee845108045cc1ff,0,0
2b033d92590c2994e5214302fe1404f867d76e3da957545c1588318f0e000571,0,0
2b0662e12482c18a32d96164aa6a9b4ec76d4352c836befb7c43ce6b07a16fbb,0,0
2b0b85cec0a432b4810be5fa88353c0e56f19355e511e86384482044ddf97bf0,0,0
2b0d5610c47b1264dd56777d26104c21429c9c3fe79ac325dd3b960e7e023797,0,0
2b19357680850b42f666401e5fdb2e1b16580bb5f782cbf8bf6c0ec373f5f1fa,0,0
2b1f0c5b1dbc0ff3456da2b58e75df23f5fc145094f53e41f36be0cd7272f9e9,0,0
2b2c5934e8c14b38d0c91f6582ce0c0aa2bdd0f948a90091cf420a27ead00c2c,0,0
2b331bdaabc14c0fade17ec165302ff75b2d38ec8c70e05d57d228af6e2622a2,0,0
2b40ee237b84029763b250af13ed8d934122075f0b331d2fdd89c91da5c2e0f6,0,0
2b4929f6fd5b681077158cc3cd235dd7d142d31be9229c1006f3727b26c90eca,0,0
2b498f9141c2c75277bc14effeac88256dfd3ac79ff04a83d25d6cd2f46652f7,0,0
2b4b53ebf3a92ae83f984da85f66144ebd1d93be97cf4b7a75f8ffbacbe65f7c,0,0
2b54078fd634e88ec6a3c2d89ae411fe086dd4e561e8c361ec48ab80656c77bb,0,0
2b572da71122e143dcd25effdcd79f721a18cf0d8c163da3addc312de581caca,0,0
2b65629a608b57ab676c3f4fe4253915b4ee1ab153728e1f557ae97344c66028,0,0
2b67a4e3cd83945088d262b75304fdfffad112513aff1ad66b7ccf09afc4a1e1,0,0
2b790f714607e59d0f21758b82578cc942da0e26caac413770ca1a395c0ed63d,0,0
2b8c29209c4246b516ca85992919c93dcd7b955086ef064951b089e385755d1b,0,0
2b9107e89c4a68abf31a3dbb68e7344b09f3782719bf0a7070dfc6875e97e92d,0,0
2b967e1a6197a91fb053a0e56f512ccbf2be25cad3069fc258238e57a716b984,0,0
2b9d5f69ec792cfae448ee58cb478d983d0dbdaa9b062f8e67bec3b54d92792f,0,0
2bb5ebae2d6e12768434ad0fe2bec8b01e5b22d22ea1d1ee57002cb29d80ae55,0,0
2bba94d5dcc01931c37e6234a1a3fde9ad7cf0e546d936197dea9494cd7177e7,0,0
2bc0006dca3d1d7891271fddda20398d91a152b66c59f633d09bf016efe290b9,0,0
2bc21eb83d686d571b680611ee92fd4b8b5afd2c0dd41d641c1651d9edbdc65e,0,0
2bcefe335ede4969f3cab06099414953efc8e2e2779cb01da7c3a71a7d75d133,0,0
2bd638c1e97ed9a16f6368dc2fc381f4322cfc92dba50857f0f71267d8f53426,0,0
2bdb3bccdaf9ba1121f2a482c5fbcac17c96f640fb187cf9722c261c729b9a92,0,0
2bffab3af66dea879fcdcf4c46b3ccaa23a0122e4304d9a7c3a11465a3328ad6,0,0
2c1909713d567b5294f169bcf735907f4cd479ae2df4d8a6ea6d05ccc1145cb8,0,0
2c1998382fff7c9bca86621b265cac68e64ff1b827f8d468e9df980d406345c2,0,0
2c2de5f0dc72262a149673a6902d9b86f51ad5bb3540e0fb1b902fec3e72117b,0,0
2c3073610d197ce8073be42b734a71ce3a2e2b8c49ddb172b015f4a1d3513a7d,0,0
2c3a4eec972539f8cb4d20a0be83cb56d3755c4ca9e20f24be185b71e62ff13c,1,1
2c5a8f78e51c0097e14402d237e7a3c0206217e94076c28db35c84404dce4e27,0,0
2c65c269da685dc65df3ad6d0a18c9e173f3ba7c07fc9c27f2a2ca94d4db8349,0,0
2c6eac5a92138eef48c6dc4f5324770085f322855a8f1f0fbe0ac7f28ca2b9f6,0,0
2c7193f74b862672900b48407e88fcf38def516d5029a9d08e2bb0808811fc87,0,0
2c7303296b8d8be27ad4261e189629bd2e316fb52bd0c1713a99612380d537ff,0,0
2c79c70a7920bfeff10a7e048d34dcf2dbb1652b54c4168317b7f74439200871,0,0
2c7d6f371c8d3c7cfd5c9bb0a706d6ec32e67aa4d46e03457a4b17303c97e598,0,0
2c89c3081758d40d0a65808cecce2cc364c9fbf64883dcced8e025fd0eb2ae2c,0,0
2c8aa5beae5ecb01cd5e857f150e67a43e8b4bb289e0f9d1957b223195f55487,0,0
2c96b0b613da83f8f5494891fb3b58265a4194885bc8424326cf7ab5ddfb4961,0,0
2c9c973c2b79d03848b06ef1bda9eda3efaab147bf719374c87d149b00023a8c,0,0
2caa2fe3e91f1a061837437cde0c590a32f31dd0b030f6609d722c22a2e60252,0,0
2cb0134fc9fcc73e6cbde1adfc0312681f7866d92e362d53dde5360fc424f8ce,0,0
2cb81b82916ae8f8ce8f910fb277a8545d46dd0c1a47b0d1e5000ebe53520263,0,0
2cb9a0689bac01c5a2366f5d71a864383c100b873b6f8ac8c4825b895718f482,0,0
2cbec09ea0ba3cd78e3609d1ec99d14bb3c8018cb497fd7b1a1fe087911a3c35,0,0
2cbf0796d7dd2893beb61f4d1cdd25cf960805110a913e60bc608af16d69670c,0,0
2cc61c4fcc3f938033a9e7b4ad2ee1dfadbbd05fbdb054917713de110c3bc7ba,0,0
2cce358de0f0abbec76eeae6028f57c97ab35f2750aefda6fd81aa5b66b71c2c,0,0
2ce8f069b7e16aa999089a1e09a21c8c874e7dba16d3a1480de7603586228681,0,0
2cef6a77c6889d2f037a2ecc43072f02da6c440a4ed094a4644cb316ef0bf7f0,0,0
2cf4a8e303a3296396a17c0b2887b4f3a4fbf4331b2a49723fbe7dd12f053821,0,0
2cf7a40fcf1558dedd0384ff5d14d4b93cfa2fa38c30c2f42423a617c3cf62b4,0,0
2d07706d25cc9ecad722cd2be96aa625ae3606596a213e81fd1149898a4d3e08,0,0
2d0c7a1fb872e14d8b3481c916c69998cd022f4511f0ccf2496549e980a5aaf1,0,0
2d22a6367cd851c3ee10d1e5f1ae1d1c3785a1eaf0d3f91895912ce0310040fe,0,0
2d34211a761c3e9c15bffd9fd7f69a4fadcb6372c4bbddf083ee34a49a5e1e0f,0,0
2d434e349b4c83652c819d3dfd2bf8bed0eaeee208f5d3d4888a7e3441438c94,0,0
2d4584dd14ce8d3cad48fad7a92544c9ffd1af4bb6f5575d4999879de8575bea,0,0
2d58166df5acf9ddd5f7130b129a24a696960fef3d63ee1128b04d09ab38f158,0,0
2d5b4c427b3aff07399faf3587fde868fe23ec4e3d3639263a8b534b15a989ef,0,0
2d700097f9f0b4f44091d3cbf6a0efa5921e299df06b4b2a0c3be643ef58913d,0,0
2d7a41fd7de8ae4925142ef67fddcdddbfb144ca3bdea7db9dfcfc2b74fa2637,0,0
2d7f36f1faccd5cddf4bf06af5f63c8843579f7eb43de61888f393c2969d7a01,0,0
2d8a88bfc8f512199ccc3b612157e11f39dee93a77a2d8f4d912586cc6468db3,0,0
2d9b36b9f9e5322df77ed3f5758d66db7bcaeeb60abc9bf387f66334512eaf2b,0,0
2d9f54dafb58730ac059ed0f8974f27d89fb3a9822f74f73e8fa02bf6c9613d0,0,0
2da47d61054ca31d59e636a6e0e1e6ea177e86c85332a37955066c19a72ce606,0,0
2daa0821e3bdf9bcce05357c5563c792c7dfcaa352079e23179342f6200f263f,0,0
2daae3d980cc5d65b52195a5d78a6dc6161eb8795697bb4e92d09a1d886a9eaf,0,0
2dad209220f12c99482ceddf04f0541d0b9d53359db24c74396178503df8a372,0,0
2dafa73ae63c9d3c965829cc5447801c365d56472058f5a8a7bd55a6c84c9b41,0,0
2db5eaca6e2a673e81f6b94e856c8ee227493234df77a0cd2f850cc46a8ca312,0,0
2db787536c233bc79ec2feaedeecc3917f33b806b1ceb1b8b107c0dc827d8c3b,0,0
2dbe0e759ad702fa64f3b10ac592782affa8d3eb592e918d8a3529c885b2d130,0,0
2dc075264b1ae2c26dc01f8f304595d76b4c6f5f0c1f24e4a9d1e0f16c3d0a55,0,0
2dc620623a6c348fb98cd05c2fe576eccdbea3b7cc7cc86690bd4c098c118e1b,0,0
2dd4c1b978b9d5b7a9ce59db8e8a8b4ccb15e11f502904fe4c1cf551acd4ffc0,0,0
2de774a5dd83d313a1f7dbaa8c237e717cbe044374aa930e916b7339dff67983,0,0
2de9bbc957aa47849f956ba502caec4592be64a52b4deaddf50955ac20e08c9c,0,0
2df9fb72b0e6aee784fca73ed462f93364ba8ed5820fccfa1d3864afbf62abc6,0,0
2e09a4805f02e4424c5210b2df35ee445fc6ca20f99fe03cc3512b16730db589,0,0
2e0edb28a6bf7c6df9287cf70385a5d81fe635d832907ccde5105ec6279f89f3,0,0
2e12a92211232f7d58c0acf9109bb27142c118680133a48c12a26b1071c241ae,0,0
2e180602dd59f71a22c73b20c96631b1624bcc554be5b6d71f0221c17096e90e,0,0
2e1bb30b03bd8283b0c9b13d022fb33e5f1a651bc9529568479cf60f3e8fae62,0,0
2e2282d211e922d85b581a9ef8e19f7a4adf8e45807c92e8a6aa6fbc2f285d76,0,0
2e337bbf32b4c2aa66affec16769a4a4b149f1816361a36057f38a0bee104bdf,0,0
2e394bc9f7b016dd69d808ea206a268325bb7fd789c3175e0f72b5801349cd82,0,0
2e3cdcb0c3d5aee2ef6c4c9bb812b3cfc933fa24a118f995bb8d1ab82331af64,0,0
2e5dd623838e4aac06daf692b1a60198f009eb731fa17e8bf5bee8b076222e73,0,0
2e716d847afce419c5c801741c0f3cb2c6a8a22ce53b138749e8b1fde314face,0,0
2e7e70af497a4d557b22f5bb44eb316cc5709d1c73229d0ba9b39e6b8d2e4abc,0,0
2e93060f16622711a0ef3646ffd84e14ddaa542c77ee6a780df1874d3c0a0ae4,0,0
2e94ae4b53b8173d3314a527e8d16b173fa877e98e1d1f6ddb8df8b6983b4bff,0,0
2e9ac01e03aa04c6d848c213799e6f7240b566a86bedfcfe6636754011ab1c65,0,0
2ea1c6f1335c8a16ed427c1eccc4786b5d11eddff3e7b3de52d51143c0dfc621,0,0
2ea61462058f5d91032befe20342ee047c45e4f01ef8e06be10998a81a6f673c,0,0
2eac4083220d984a34b3da5ea8436bd3ac7f133606a05467ed1a5d63e9daaa93,0,0
2ebcd33954c5412a293b4b6c44bdcfa590fcef24e0f59114dee4421ec61e2e5c,0,0
2ed071d644894289632f44077bc4b0254b9b5d5921b0efa8588b105bb02d3dc1,0,0
2ed5623d04f332fb527fffd131f35204a9512c771f9253b7015379622600ed99,0,0
2ed898afdc43ce3cf0d25de5e26f45e0efea60312a55e1e275ce257143a250e1,0,0
2ede72636a363d494f1f568ccfc656969126bf4fc2bdedeeeb024007daa21bf3,0,0
2ee7bb55a970cf06b2b9c2bb7e9f0b8f75ec947fb68876cf910224f13a918949,0,0
2ee8963288b97029f66ab2b02196cc0e92501df727b9eea226c3645ea5d593d0,0,0
2eeacac44f2783b2b5ba4521c193ee388c0def9b567680147e7f5af7f16ad3bc,0,0
2eef077a52ee121608169354551bc31a70ba5a2a0fd4f5c8d83020b3e3ee895b,0,0
2ef097be13691c5eef29fdbb485fa8503bad59cc37da6139f6d72aa3594db837,0,0
2efb78ce2b8aec48caf9003734308b4855f0e79e2cd4024fe557a6aa1f9c39b5,1,1
2efd0f385bdcb429a47ed92deef4ccec0fb3882140157b4c0ae5ce967dd82664,0,0
2f1f0425e1b6daf75fc8ce661bb35fb8f489dcc6c0a2e7ed98c288fceef7cdd3,0,0
2f2c69b51b15a2e056df79a92694bec283572e3909953bc2140d8e483914db5b,0,0
2f355e430d44c06e672ba10e7566c3302d2544b02744d8039e7cc787c68b2988,0,0
2f392f3392bb23514609865b8d5e55fd6534d5bbf4f1e25e4f62c23359208408,0,0
2f511f1d499f3a6f4b99c975dffb619aa300330b7efe43aabb6ae65ddddcb859,0,0
2f54e4e81d98f30d02d335cab673bae4b08f5619e37c5976a36fa514c5560d03,0,0
2f5e91471811094c875ca8c185f2e63a8419b1686d331f785c8f43861977d80f,0,0
2f5f7f58d8d7fe05983895a823ca3eee8555901db0c7785b79cd159a283f12ce,0,0
2f6716a84deddb85d2c6c3919a1dce38f3905d6025ca7f5a06af25246911e474,0,0
2f686833d6980cf1012527e7fac8b1420141df0e3c4bc0971b95e60cff594a82,0,0
2f7d1a34bfb0b1d828528c733e417953713e0a0471a0665db2842ea4ffbbaf34,0,0
2f7e9cc17e17f3e78062dd84980b1a6487e1ead83749f45e1103022e40ea6ceb,0,0
2fa6994c10d420c042fb0f39762f7d3a3905f183c179b2358ba36ca9f5670fca,0,0
2fa717fe059930fbdaef468f37f90ed33cd76ec2edcaa57bcd1d134f68167840,0,0
2fc337f1a825149aa409e997f82b89cb1ea521f65998ceb45ad44ea352ee1ae8,0,0
2fc394b9ae5e5b71b8f5fdcbca06c7c0b0832c57c4069e7396f16d215463cf56,0,0
2fcdff37d80b05fa0d30ee16edbd1103cea6096aa12e81e89011dd1945499a18,0,0
2fd893a02d7e44bd35c50a844bdcb5f75fad60da2b1f4056924fdc7d86482980,0,0
2fdfd9be650567f3406bf39d6a6e0bccb4e52534cf1be6deba32e2ff14b04cd2,0,0
2fe7cff4a694684de2ee566f2a985c3643f33d714cb5ea9b07471d80832b78a1,0,0
2ff9d9b4a731c67861fb123d2c4027f8e47c3f9a66c547da677268a801d8890a,0,0
2fffe5532697bd78d141f1374b01a7fcf549cf92b29724e68eb6d683c20b3412,0,0
3002af4e7f425969bff0249d011c650c1e488ca6fb3de6f42ed077a5d3a5c6d3,0,0
300aaac5e8f032c5f5791c51d659e3a086746c6a8888a7b453acfee950951862,0,0
30291b0ca0521976375d90aa48124436468400a7070fdf5616bb448403bc7698,0,0
302a68bb1545983321d5c231f4b1dc288bea21b5a47c1e04cbe40671da2736ae,0,0
302ed9dbc25ebbefdf20edcd540380a1537f581d12a1be833333acccf9727f62,0,0
30389a4bb24283817e10aeeb59acffd2a73714682dc38c468bc4d234377f47b7,0,0
303afe2fd9a824088357750562657a39247be3fd66fca1722ade42ecb70e64f9,0,0
3051620ff0965a606c9fa1f2955f659cfc9e429b200f4d38a5a9640e25c55ee3,0,0
305324733d3603498dc1f6aef3178a4cb2ee19bae8c1054557e74b7a9a5678d6,0,0
3059694aa12f3117b999cb25c0ca4ed200842509cd53fe38ddfeb5ddf78af09e,1,2
30679a2a59686aedfdf7fb641d25ddb2b71991c0600f971bec313731bc51e02a,0,0
30728309bb9d9e61ed10decef5fdc05ae05cc29f5d1345b1e1521c7dae614054,0,0
30935c763d3f4add298e1d166d64f8269ebcf253275741887ade841032f36373,0,0
30961cca42ecbe526bffcf940aea1e5cc3e12ad7394f5e89e8945c3c410c5618,0,0
309ac922331f7ccf669056333c214c28af008bfca444a1f328a3c522f0bc3f19,0,0
309b65ba58167b54735bf23209b062bc899fe82f5c46def40c1056e5701cf6d2,0,0
309cfee2d9566391b016494382c5e9226c37a3a845e01e17271d2ceddc133213,0,0
309f0e5c079c4b95ed6d070f409f2f2f975948543cc95b0be68b138ef774b7cb,0,0
30b19d749244b67cf46dbb4cf708f99e16ea29c9504321d219d56f369b48fc34,0,0
30b4f388b7667ab73fc1aaeaa5f34f2c388dbd11db78c53b4aebea8334243a06,0,0
30c7b593c6128e90575129cf24a894d2f247c310f3abac1363294bf5a0e7f90e,0,0
30cee0970ce3e63fa88441d6acae6e89c59929cd9baa159f2e74094df0d00979,0,0
30d3ae423ec2a5276ebb31d2e04e1ccb636660a13ce6e5ce66ca9ef82b3f5b5c,0,0
30d52b151bfd7e05a3339fc98564086aae11cc2d5c064c0ab183870292351287,0,0
30d663d8395ff1ee516770d4fa2c551e4ad8f10edfd0b11cd986a8636711a428,0,0
30de9640bdf08a3b38e6ee378cc1dfc05d3f8bee3dea036d740556408c0f1680,0,0
30deefbbd7c9a6049f5747b9d56bf15eb2b40fc131fafb7e6494c26db52162a5,0,0
30e0dae183543c071b877755970f0891789c709f67102dd1a4e6b86751643a9e,1,4
30f1273dfea13e2ff6b8c45204765605db449fa8e6f04b74e2cb7fd1ef9fc93c,0,0
30f55562b720e5c9b3b38e7b07733468b51b4e1b4c8bb493c1b820555e542e9d,0,0
3100495c649144fdd18be200123327c903abf3a7b040c2b59786a26d10f69ea9,0,0
31012c846c94807c95151f802c834fabda33b55334b90fdc1f038617ec3f82cc,0,0
31137725b7dad3f32eeec93b9ff523edd6afd3116432360d5ccd3987b230e120,0,0
3118c95dc9bb6206e4bdfb9dc6a863956361e96c0f32ed965c4832af81e192ed,0,0
311ae9ff6ef78e3e36f275302c8b09b3e335600cdad5b071fe6650bdeac1cff9,0,0
3124a73c322d1c59930193eb41c33ce916dd6404b1b72389b14c3068779ea030,0,0
3125c495489e5d60453664f58713a5e1c8cc5eda894fdd89d258fa348bc710fc,0,0
3131b083205db7b645ee05d6b25391a18f14cc3cc062077ae177e5b71eb6804d,0,0
31375ba47b2fb08f50eff891656ef28fc4478c8cad38316d4e8f5912d895aded,0,0
31385b4af1c9f0dd3e7b86ea700ce22ebd097bc41c6c38c3cfdfbc287ff61774,0,0
313d5a7458d489d8b4c38edff9300cb96b04d7276f234ea87f3133c0547d0df0,0,0
31447153c7a417dab8e7136c9381c1d614ff78ed4d7f2ace0665f5e51c24329c,0,0
314cc0494b514d45d46604eb09b89d2194a1a0f0ad5d2a436da2f3fe78f37d80,0,0
315d6285ec0f7df79d76f7a723e5a612dc5fb68eda48cd7c73c51afce572899e,0,0
3164cda616d38576bee43042e306fcf88f417cb72cf301a5417d3208c66483da,0,0
31657727c994125239afb0070722eaa347f768e4fb876ca15b0a0043c05de44c,0,0
31722e0d676026cb5497501e9422f6c4e9c0b8512ccdf39d1a7da6c375395306,0,0
317714c4e24b97b9ab6feb05ee959e831a79532dbc64cba5e06d2ba60ee5d329,0,0
317a611d8e354f62756d372eea1ff2dc607f57acdff183898642fa080a1a2b85,0,0
318ae53fef21db20166adf1666d3e4a43bf962cf7ff5c4e42b4f18d7f3d29d61,0,0
318b14e62a2062bd644e3a606249907cd5781bc0e23645fdeaff55845b4ccde5,0,0
318f1e127a23fab765103ca8e58b67b21fc211af5581fef603bb7db3c7c1fee4,0,0
31a69b802199f81050683b8cbd72a9b425c87c694c14564087529be571a49aea,0,0
31b36b4183a355c65b28e29ba50610ad7d1adf657fa9acc88be4cb3ad22cedbc,0,0
31b373cfdc08e6da93c571da4a9c7a4d2bd1f09ee4b991e50e53cc3da08efffa,0,0
31c4bc81124f6b3bf011d172ac7635f6c0f7d9dcd772f37451f689309bc09c8a,0,0
31c4f87ad18b309b6a84079e0eb6e24463d9153e66f6df1ee529f4b224919e78,0,0
31cc1d9820838650805fa2b2a9ed207d2fd63fcaf4643c75cffa9ea215990c00,0,0
31dbbe0542b717945074514511d57799a6e4ad9cfe1588b9859a3baeab46d17a,0,0
31dc7be5d3cde8471a0df0e9b6c7d7e50287460315a838c24aac486d7972d693,0,0
31ddf10bcf07d8b6b7f824e1fa0c7aee871192b60cd613527f6660c9b6b659bb,0,0
31e217eeb715c2e46cc59be577efe3c861f631c0eee85c448ed4ad6a7e04c246,0,0
31eda67eeabb966ae37155b1292ab0834945cef9b5fb04de9ef64aff1f9f5ba9,0,0
31fd065f581f8a35cd2556abefc0f46eb5d9fab63f6f64378e68e73bb8eea6f3,0,0
3207aaf85653e9e4811278f857ff937167cb571bde5c6f8e00bf95ca7ac34775,0,0
3211ed25a0fcecaa07d86752b81accac1ca5cc17d59af0486488050e3d62138f,0,0
321cc43fa0fb21b6204ff04577347252468be163b859e7ace59b0953fe9d6522,0,0
321e6c65112841dabe7a25c78c8809f5bb14154d299d9deb509fa6291465bc8f,0,0
3221750a8527b62ec1ee6fd34f1791c899f46a2c79f383a77d917badb4a1bc3f,1,3
32350800b53ea061c57026bba5ca3ba8695c0524269cb2d67b91324cbf6441ca,0,0
3238c32b05b40bbc0ee673063302d485f886822ef2986137be3145cafb580406,0,0
323d9650c0ce4e08c6b797f5d61675c1e61d4f0d2c95bc245526f5919662432d,0,0
32519a66cc918ce4586babf259baef0db5d7ae0ca43c257e6419f8a91af44b76,0,0
32526857393251b01e757a0584fd1e8f27a2640c527e9fafef053e7322baffd4,0,0
32661aecc146411f5236eda75a052132c4812d033dc4ee2f59fb7a98f0249796,0,0
3266b36a3cb0f9b25ec2add9ef8a98cf69ed26c996d28c77df0ed9a2723767a0,0,0
3270663b349bae80d339b0d7a1e54b8adf1bd3e6efe404723273cd21c8530576,0,0
327e49b31b06a03a6a5f16a4b8ab18b183def3974cb79a8ba8d6328f6b36c630,0,0
327e8fdbe222367d3de53ca8ad2eb437bd09a15ff25baea14e9f4c5bea47e049,0,0
32844da030dc315391336aacf5cdae304b6c89d1e98ed88076cb47a719c93497,0,0
3286e9400b3cce21a49d7ef1fe5b4b4b3cc5a3e6eed56bb5120bc11d60f8b52a,0,0
32888d2a241790a9f86b2ffacd572cb6538542b1f4b16fedd39a22d45166976b,0,0
328d55fe37ca3ea355b8894ac788b7f9c2410ec8b6103e94750a497decefcd20,0,0
32960389e073986eb6c3634ccf347b93cc744327fb64b94f7d7bda818e6374d7,0,0
329d69191c6ac14bbfad007de770a9d20491b0dc2e2ea6f594350203d951bae6,0,0
329fb555aab85d34a3727e5628c263c24c907ab5209e51c8d45476507c439870,0,0
329fc57b13d5c69f4b7748fe9945c336215296bdade5bd094e8653515f7c1a2d,0,0
32a30b0fb448f40dbd13192b3f8d0c630d1a3a67fb0c831816b744f218fa70e8,0,0
32ac9ebd64bd67a6ce9b15bd95fca3500531747501b86da6f73455ad348dbcc3,0,0
32adaf61b014f89a344114c35f2414a6f2144f878db4ff397af4fe9625112ab4,0,0
32afccace1e90e15b5ce33bb0a0a7f617aab67bf1d93da5f8dc393ed2a438e58,1,2
32b0fdc73ae65bcec7da3daed1dbb4ae8034dba44c3886bbc976d993b1fef64a,0,0
32bae87df94971709bf1e40a0e435174d66bc72c741c7a5db3cbaf07b0f301eb,0,0
32d18ae3737fcf4e43b3a159fa86048647614ad9dd526be07f8b3ee6cd48b7f3,0,0
32dd0d7f8a94a35c9bd8757a65c37ced98a33caa68805dc49f4fd11f31269653,0,0
32e28c3926f56151e9ad999d35d69dea396a19458d883c04a2f07e6969fb2c42,0,0
32e577ba68135dc8f99ce9b0015e6d852734a4a1b393b8e2063829b8057ff329,0,0
32ec3dfd343000aad7bbf68cec58ab980cf11399ae9563387628f262700be27a,0,0
32f0c3f71608ce4f173c2e380e2c60f6d398cffbc438d1a52227eb4b8d2b5f35,0,0
32f123524b70d8ae5878e3e32099b45b4e9e7b47cdc37f35748d54cf8e3c5608,0,0
32f46e2c4d0eb9e853c1203da33ba66b9dc886f15beba9ef645dfe2d1da1815e,0,0
32f5500746796d5a5e77340ef502ab6f2027cc7a8ccb684a55882d854ca15861,0,0
32faabeffd4a4a27327cb6960074343709e0c35c5ac2271b2d32c3e2a7b77610,0,0
32fad5bef568fe66f023c12f499bdee7f30df03495d2f308695b256aa6b6608e,0,0
32fb2892c7db92b4e5a9272d85029a11649938c40eb173e0ed1ae450e648655d,0,0
32fc97a4ef29e7e57236ab8eef05698b9eb2f493548852051a354e86930edcec,0,0
3303cafec5c3b601af80d0c69421d2b05d30f08eff017f670c6595b1828c1ad3,0,0
3303f0b72f3a7ac11147ccb1d54f5253c34ed42d58a076c70fd376b86a0ff384,0,0
33074f49ac32ba4077ec21ce2996faad8eba261e6cde95a4f59786949187eb8d,0,0
33113aa1effa066a0bed4d472ee5b4037efaf74182b890778920f330a5572cfe,0,0
331fff3d85eaf4b1a50a9ecf4a384189e96b6ef618cc55b772c150db30f8dd49,0,0
33259f7e3e7024df2840e9538133036ed0e17eb3e08c4f0114f3906f4abb6df5,0,0
3325b2b9c25bf066a5e865f9ed6358b3b6ef1b072febcc351721e3b1ffd858b8,0,0
3326c54e1a92888869fbf8674ce6c851aef2075be6872b478cf6127b9a7b1c9a,0,0
3337d4bf75aa73a84062a4c185f8d43020f4a64d895a0b084cbb9072df4720d6,0,0
3343c06ddc69fbd907c0ce07b479eeaae0f95730160205bf88cb8dd1b715ca04,0,0
334585b5152bae85042256608be9ee3698f5924331cde0a9c4efb65c8c4c77d4,0,0
334855605a7364a4465f5be5b0183939a8df5461c3bd9bd4d76529c04026284b,0,0
334f25c0b5261cf6158090c403dfa81c96c9417693c8ca309c0bc8551c95922f,0,0
336c69746508ff843ba64c2dac047b09e4b1bb46eb83f28fde1b3d936179d96b,0,0
336da87bbaa42a055fc2617c14e7bb4d4885061a9045d190d2baf54fd11d7d87,0,0
3387b0369264b8285fd371c3f23464de8e89765616a18c9eb44634f3eca86244,0,0
338a5f0426ebb77b7610d0c46b06fcba2c35c5691e2708a5c90530e09a6c8da4,0,0
338c8d55ae237ce61fd57a18c82ada3f76f800e7f07532a8c5961297e4c5e8a0,0,0
338e6bcde6269da1917286e0fd2af948d12adb2a1344d8f65aeb52ce00f7c231,0,0
33b9e2e1e2c15328ae5faaf4f5120601c3808ac42afc99671655e413f467db47,0,0
33bc7b32206b2e46c9d46ea9e4e41a8b84c024f45fce7a4325e92d2259560886,0,0
33beef836ff5dfda7573a1ff532e9ffcdc2cbb683a6950291bedd4f504f18ae4,0,0
33c3f16f2c2a3091c8f5f6fdff72bbb1f599891d2ce46d5d6fc5785f29769f84,0,0
33c47d27c8f21257ec6c85b36fc1c2d8b0e0359f35ac5b07b23be82230b3f8ca,0,0
33d2b783b26b40b0374ba2094588c4b5650140f2c5d7b3b61d11195722243b1b,0,0
33d928699aa973e6343d3c8cb6309132962a907750b831909d1628f3710061a0,0,0
33dde905b763b84aa405d6e787298a6c1e0e21b6f51ef435f5bd183fb7fe1138,0,0
33e1121b8d911b2ae92d8af3ef81146c6deea5ab02bab1aec4cec4f35ae5ede2,0,0
33e2f7ea42e4592c1cd40d92b4a730e1c18975396f94fff30f76487b17533b5d,0,0
34139c29a16cead3e4e6d97647a2336c27a0fa1687de1cdf7aec23852a3b9b7a,0,0
3431eac41174b6088a780b2e139725805620961742570a1114ed5822872c8113,0,0
3432517eb0c0a24159cfb2cdf6a8440318bb23e9bca9a014d4ccbb9ab2dbbbc4,0,0
3433a177d3228e0d46a34d8e6538ef9a82a1cf1c0fb5672552ad1223b7fc5497,0,0
3435229cc03d4af81e2e6ec1341bb11521afafcb431b2635da4d876d87c0a8f4,0,0
343ab10b075c8b8c23d86cbf03da865383018fe7823daa2b84f1ca9530d9f467,0,0
343fa2de833fb3e54def6dd845ae8fd80c6361f4f930ecae1428b6866c950b27,0,0
34422208cf75965f9997e6964fb34db9791785aefff00aedde25cf6eb8223ac9,0,0
344752936bb24e23416e383d57b8e9456ccbaac517339e003b7a52ffb0603706,0,0
3452e16f1facb9d3f17742a4a40c13bcbdcc17b03eadfbddf5adebb7b99f8ccc,0,0
34699a4a84d4da76bdf4150149d540f44fb99fbbb51515baa9ab6faa9a5cf37d,0,0
346bb3b1b4a759970f5acbf5a8aa1f8887503cc52d2686db87064455448715af,0,0
34794e054205e3adbb1243f019cc9b56fa4675f70fa86306498aef09fd508439,0,0
347d34f678664ab18ff5996e34b6d56eba7e25d9bde7959f3ba94d7917419a62,0,0
348662c8a4f705238d06287a7376f55088b7d2b9eb4af9ee152748e87487ab2a,0,0
3486e0c0ba0a2f867facc56efc45d31425a3a6d13ae16c3abc989a662385ec8a,0,0
34923ff2c5a7f116b5726834e1cb09892e88b67d7a310cdb88c44be2cbb10652,0,0
349e62a814b126815e9f89a151b607879ebe8d1d7bd48b073844a28e4326af17,0,0
34a3f79f0dd50e5ffd08c145b2ba9690fd617490053df2cd21394783abf5d94e,0,0
34a7231679082c28cf1825897da648efc3cc44d3441bd5ecbc7497a5ee392d12,0,0
34b36046824f39c5e5c122c76e42e706a2ff55ca95b322541262ecb8a863ea5d,0,0
34bdb1211014185390519c6dbba0a7647f37e8d1d67730fbed4b24ec4064fa67,0,0
34c15bb9d31b042ed9a430d541ada26c716e099f0e70fe36fa81f25948503ba8,0,0
34c6ae409c0e5f1f31a845ff5ee817bd4df50eeab7232ea2b586b88626cc86fe,0,0
34cb5a67dc4352c1f6555764a06aece5799a6360241e45605de35df6aa9484bf,0,0
34e31c0b0f3180e8e94d4d380d43ec4a33280094b3074885adbaf1941ad3963d,0,0
34e8366f66643b581d97ed3f6a2d67ce2b8c4c63ceecb18b9b11e875c5f2f760,0,0
34e872c2c79d21dfd6f106c7a00efd1ea4bdcd432607842ec09e425724a1db91,0,0
34eef0f17f4d5a11ead3da5de9a46e10e95dfc6dc47d7e350326ba6b801d2bae,0,0
34f02e177239a416bcb183172d75f415c31023cad73fd42eb2df41031b4475e8,0,0
34f4d8fa1ecab0d1d2adc95a654d1980197d01692e37e4b22501af80ce9e42e0,0,0
34f6294cb6ee5ebf6a3459e022e3439bdac1ebb5ddb2ac7d69c2bed76b6f70df,0,0
35042aa1366764ae51e6683274ca94f8e98072cb9e6273dd21a6ce8bb3818775,0,0
3504f422e2d373b6aafd81777cb09879bf3cf5c397411e320ab6d13600d23e1b,0,0
350aa1167f60daff123d519df188dd1e5d12f8c8ed19a5b887c5e463057af8c6,0,0
351d6f99d38dd1be7e13ef12c8844bc9bfbbb60a88706c89a7927b3b8727d247,0,0
35216e4b48f3f96e4fc5c00226899c759015b95f0ea19a8b9a13938732a65850,0,0
3522d355e05f11accb2c91786acc78aa70d64d0866add9172366cf81ee07bfae,0,0
35260cd3e3c49678228d4764031c5e4036a88c643ada18d9d7e170539ff4add0,0,0
3528b1071c3d96eae00efac2c29bb8913b006e8505497cfc37d2439df1d3fafb,0,0
352b70219182a424ce31024c36967c54943b9902284010b376d1fd79a03818c5,0,0
352e0d36dec23a8d502a3be417703b2f1915abbc5d2e212992cddd962afc5b25,0,0
353fe3820e930856e71b434965c1d107f5208d24719ae8e07fb3b8bda513f927,0,0
354308445df7362860b3dfb20c19126790e24c3b7b0b1d67d04eb4ad75706414,0,0
35504085a0b70318c3b00cf019fb1104e7afe77f21f4815f640da53761a3a924,0,0
3566a1367e5a3500de33eaf183561de65c37e119047bae679de52d0321649021,0,0
356c117e71484df51e353f31581011f2a54be8057d19d52e0ca0a02dd941ca62,0,0
356ea969b9efaedba6f0d94bac275363b9c69c043f548d323619324c1dfb6d97,0,0
3572c6c984e0b0c8a14c2cf60f2ba74fc690e8d0bafef8de6cc3fdce1b2dfaec,0,0
3579bd56c91bf88b6cd558f603233bce3e818ca1f8a56381e16cf122a8c1d07c,0,0
3584aa4f5749a16ba9ed3d7c4f393399b8f3c9fbbba4fea240a839afad184eb7,0,0
3584ab7913dddd403cc17944ee558aabbed9167d22a7fca19b78a8ae94851d82,0,0
35882c06f6c71263e75e25af20b2360e30eba041afac96ba0482fdae0d8807ea,0,0
359079f7d831fd3c47652ae5586df141882f51f6baa30d68de91113b5a4bbd2d,0,0
35933f455f97975a638662aecc8d9050817f2e798ce00914bae34d21c4450cb2,0,0
359a37e98129282918e9b47738067b31e1388a4d411826dad50e7e87c41e771b,0,0
359b60a7dd5ea17a36eb726485f20e8c0494b00f3a5d0f6f148b6f31bf818639,0,0
359d6e554c02bf05599a83551d54c386eb3a41510777f39a56b5aacf4f10f2dc,0,0
35a26e14586afa272a895d17ad84cc59eb4d7659b9a63f6e89750968f58e26d8,0,0
35a55ec0011b4c7ed30932e9df56917119f6f5ddd2bc7fca6e56916b6b7c1178,0,0
35af8e8429a5b3718adef0587132e344a0fb7a5d212adff754a198dba0ea6bd1,0,0
35b20d4a18288b98e87c7da22dc74c375ebf6cc499ccc8568346dc29ce075ccc,0,0
35b6119061d6c925321b9e54d15da347873487544466714a8377778e10c11728,0,0
35b89981cd7df8fa10cd20d8bd01d819b41098f06cf97fd72cbee3a63a9087c1,0,0
35c39853c31e0d30321f55ddc6259d42b5d140d6c1545bc830a23d83a8a96d33,0,0
35c835907a77c517bc8eff4ebaf4d3bdc2614f893695e965313c1b03b22e354f,1,1
35cce672a00a3f4e9f7b0a7fd06fe53819a6329cdc96deb2239ffdd8ccb03b42,0,0
35db1599dc936b0d92352ba7f8be9f72925c1aec6840d281821890ce34e968ae,0,0
35e0b80b2eda9f18d41baeec16f9d9592b05f9c7c5312990ca2769a572d1d03a,1,5
35e64bdb9cd345f5e2ddbcd740a16d04cc188fbb881571b55b57fc134b55dfc0,0,0
35ee0ff2704a56c27221b83f91dda7b8122cceeaa209c40aab672b290c961dbd,0,0
35fe198f95026098ac9d3ae74cb577f0886f66a83fcec3edee781dfd62771314,0,0
3600c176cc1df7e22ccaa1fa1d6ad97f37cedf5eee3f041c8c08b0b72801a51a,0,0
3607b3a257acd9c19acde2c9a81c1ddcaab675827fd28b56899b86ce0326792a,0,0
360e201bcdc9c1333dba5b792046bd7c483fd6c9ed1c30c80404700b6b2320b2,0,0
3636397016b5219d22e8efff8d7e67d617ac9b50456bccbfe43dc8d35252be18,0,0
3642028f6ddf602c8a5b10fa01f670b952c0bcb1025c99f1932b71918dee2e3f,0,0
36466f66770803e77db7edd0c29df7628d500cd36fe02a2681b0f02436e0e8c1,0,0
3648bad6360905527c3ca329860114425e4124e7fbbd506cb47f0a06d5ab6701,1,3
364b6df374bf09e3ef67af35f3dc7d688d27d5f1ee31c3e2e0e49eafeebf4d2a,0,0
364dad44565d03d5b83eab72391dd3b28d4cce63465f6386e68e3294966d0f63,0,0
36508cee8b3538e3d4f7d333a5e389b773c9815b303d351f4ccb45d030f7e954,0,0
36609e13120440d2302646b1a38faef16a7fc3b3d522be5699bae417b9acce75,0,0
366f275a94ef4e10248a7af66c29fd9eb504a07af3e0b076cbd6c5ae8d722ce3,0,0
3675b6e8b753a70b01c31c6036df652c9affcdf65ef401161ed5d8d5847f99f4,0,0
367cb0e6252f211252a211a9c25915e3741724301dbd38db9484c9efd42f0036,0,0
36883c8402dabef293538bbc0a662fcccc13d266f35a3992925662587b5e0ff9,0,0
3688c2126bbca707d7fc7eab1f8ed9392f28da2289e8fcac1cb30a7a42784dfb,0,0
3694d686ac92f44c6a2c5ac815a203b0ce7b0812866d885528578fd6627f6111,0,0
36a3bd0a24e218094715aa8cd8dfbcff0f00fc0abc05d1bf6599c134d6bb9480,0,0
36a6054f36a8c17998ade44d66f4186a7a6a7295038bfb9b6c796ace75efcdf7,0,0
36b1a749e514d2e501d09aa2c16b9cce8d5f6a3582cb9a2c5720ef67b59e9935,0,0
36bd1d6fafb912f273b753ceefcc2d261fcbacb87785ce27d36d51d054f101b9,0,0
36ca0146e000d0ce36f7394eb567ed2c42ea8131d9870692c591f77fdd20dff7,0,0
36d0b6812846946e18651a74eb6c0d46c2c9fdcb6f1399a9c2c35b4f29bcb87d,0,0
36d254df5cfb56880035ff82cd9951a73c0530834db01b2f06129a2d0c3a810f,0,0
36de659df1a527f5fd3d6f155e77f727f5c514d7a52ccfdc8a0eea2281ec357e,0,0
36e03689c6d50ce24face889b5afcada3673b53b3247d0287693f58f07a40a4f,0,0
36e3a72ce795b14b4c614d89553a1d7b34b4b355643fd95f94676a6cd57dd64d,0,0
36eae623ce64df0708be36d26930484e704576c07834c250d2beded293824211,0,0
36efdc6c0994b8b6aeffd978be1ef98e6252a72c048f966794323253768213ac,0,0
36f72e31437d287c9afe43f00a8d5b21af17578d3744b23b3a320ff80b5a6802,0,0
36f80f21117d5d1c85e638861471aec8fcf54d5675736ea5b083a1ae128f7e6f,0,0
3704b94ca36e5887546b5e9b30f25afd5c99dc63586395ae27e2742d4b189510,0,0
3710cb1e644c71cf3f9047df63714aeef22a1da2feebfb2ba18fa22ede53ef31,0,0
3711d178b47883d28b2fadb843f677561bea24d9d507f3a58c28f8cdbf84d064,0,0
37128a58b8d014062d9343bb1f981fee2c5f14590a3236c6bceadd3b183fc255,0,0
3715182b987f5445d535eee5a1970dbafd732d4fbd71613573f1a966bde92d5e,0,0
371633e18c21e57d9860349ffbdece08f40c94a361f66ee505644dbfae14706b,0,0
3718825cbc764e1b4a7cc3dc2df5f852ccb13fc433f2813a22fd06b34a0146dc,0,0
3765f0e17569f45f8ce4083cb7d6dd5fbf5ad2b229fc0edd91730a5ccb6e4273,0,0
3768e2ba15ca474bfc7482e56741d41f21c4ff490d73deddc4362aebd491551a,0,0
37696c0ee8ad9bcc67fa28b84a15e182ac276e2cb3fb86cbc268a7b42eb5e643,0,0
37886581af61d3be2c71db4258895c61ab97bb6b115e3d8ab640a2e68989d9be,1,3
379c6b112aad60c6232dd7e81bf88d478d4b26ebf1ba44e006da5553715a2a9e,0,0
37bd39f470134e6e6086d916f0cc78304cba362bc5ac8da64a516b9126e2b441,0,0
37bdc5a656eacd498eea41b2c09c2189b0f4036d0a336ad7665aaf3789c46d67,0,0
37c9c3462ba182b919a90cae7211437d9026ec2490b377c22b6cb56eddac856e,0,0
37dc216308d153472f9f6f67348ac194e8b90332649defef35fc038c44c7f0d9,0,0
37e5b3027031f39294de9343679516d093c39eaf15f0af3241c1e6198c2a8a08,0,0
37f4aa9e7259679fe2fb4a74de3bfe0ee6beab4ce849764fe0d8bd26f54fa637,0,0
37f50838cf12f09f0827be9f19e5bc9ca5f1fdf49f9775c1840fd111d0a88777,0,0
37f596aedd49f73158bd87cdf905dc7c08aef63139fc6a5f3f781bc2108b036c,0,0
37f64aa0385fbabd121d7aa19b55cc344970cb4c94c296751ec437dad3b0521b,0,0
37fcfc76cb773e53c7881331de2c083c337fe025c8804a478280541cf2a239f0,0,0
37fd3fce2c6b90f8ab1849bf950008fd06436957117ba1068f5262549d689403,0,0
3804e517b566c257d21039d21936f5fa7ebc057c0c0f1260e8598e3693567d84,0,0
3806016ec2a656cdf6b7ffc37ff043ebb9e71d16179895d981df51a0669c5246,0,0
38254d5b5947a84ada10515a8132b6c9d8760853ef8235627fadf097f745556d,0,0
3829dfac919a892e5c6895698a034b581dd5e41efafe410a350511bd99ff6526,0,0
382fe7812d8d61c01dc92a79c3854b96f29b3813a7849766ecef2de3f74d850e,0,0
38359cf331df3e0aa83c3f7a4dc0fc6d7a8bf29ea83e522588373487f2e7faad,0,0
3847abe4f8a4bec8cf597a536b3a6ba336c56b6a20db0d971e2ba0769b2a9dd6,0,0
384f1cf277047d40de31c8862184ac229bf47a896b705cbc08f8fba9d2a94fd9,0,0
38532ac04ba00f8b40ba4542e2b6de0e5cc44ef812b39009e911d200c0b3f343,0,0
385db302ee18aed62aabe07dd24d69ea890ef998a4282bdcc38aa8d66a70fd7e,0,0
385de1fe9f67563871cc7a41742e82b48ee789db45c2df2e0e581e57c22b20b9,0,0
386363ffcb7a8b2b214376a0c24e716274fb9e3e53b646268472285fb5c0919e,0,0
38646e38c54b374f3ed37d659b9991873b5b979b4cbb43daf77cc7dc1473ab4a,0,0
386be50168f8e97d960e6d18663b8329c9af5a9b35c4a2ba05591441aea3070d,0,0
386fdf0fb4c7bec033c9ea40682590fbb8134e8e63301c352f7eb58c11ff617d,0,0
3875fa628b668ef8879df58654a6602d99f47842bff2194e0f8692b3d2e69814,0,0
3888d5004d0db1d5d16b2486bbcaeed5cb9ce6009657f5603b23569d2513820e,0,0
3892b4eba1c8c40cb8b0c8cccb6a2c2a46c141485e71af36ef7648af199dff14,0,0
3896f689074fa7ffd74218d7d92498e1265a378290801bbbda809dc17708273f,0,0
389e5964ed80cf703df8f5868c81ec11649bed878d3355a2fc88c5ab01dc293f,0,0
389eef010a3620a4b1cf6f2a313e53190eb62820d07a9eaf8472df2f0d18a484,0,0
38a4d872be59b2952fe13311bd36ebc116e0fd0e418d3f756e93bfcf36adb4d1,0,0
38ab428f48615444cb4ef2cfe91c4d671d98208b60029c4030b97a2bacefea5c,0,0
38ba6c962d6970d98fbbcf49ab43f62585bb194c54df06e8a3abbf847b57d839,0,0
38d995624bb52c8dc88ae45dd930acd6d575721eeb656c32ceac3e169144a619,0,0
38e64648037a5e441e7f063eed85787f12e2ed4d69316fc61ba5696ef22e3c53,0,0
38e66a93bc47d07645c426bdf35a9a45826a894a8594e1cc309537d25d8fb707,0,0
38fa28afd298dcd04c132dbd52e3d08376356fa723745a62744b4b8d1619973b,0,0
38ffd6d3eb15aa66d93f7887bc1a9eb3c20c3580765650b7f2556aa4918c3b87,0,0
3901293553653b4099f59a830c7f9fc1e14f7761a490b05197ff40e9e4716c8b,0,0
3916cde79f43a94ebfe035d3e9a00062327810e0ab6370351f3c00536b70f2b8,0,0
391b13e512cd7a4236a14d6915d15dd6768e5f0eb97a951fb37e27a04a6c049b,0,0
391cb0fd0ca2f66724458ee87c606e3625d94ed0091d55b3b4e75678936c7620,0,0
39314a1a0f6d63bf387dd4ae800bb6c45c03b4cdb541a23603fa6376f1a360d9,0,0
39331f6eddd92ae90d333539b79d3c844ce14b8278a6b1ea35f1532a2684bf4e,0,0
3938ed5df9218e7d7dcf51810ee77e67ace41303b003b7184776bb2d554fc1c9,0,0
393d8624bffacbfa4a089cefe62f9bc64f59f25b7c7a1128ce673d856065f89f,0,0
394d4effdd75c6c072549d154fee4ec8780c12c5cb8091abd23fc46ab0373eb4,0,0
394f4ddbed8f8f9a09d14cf120015cdcfd9ff20822530b9a669599d819837450,0,0
39561a4f7a457a8c829e9b8d498612f5ce5f67d7e37c704aad9215c280225314,0,0
39562b4b5aad281ed916ba3c6b13172ea617996e2a154522bd565fc259a5fd5b,0,0
3961e8d14190d3ebd501fecbfd3377d23a1bb1bda8243910611a37afd63c6ca6,0,0
3961fe756d56bbdde46cccf886b2dfbff9361c652552efc1dcdef39509006280,0,0
3966c1c9d2f2e6e109759d628df78e3b277cc50a120a146c80f5bc36920a2071,0,0
397c1aa1f1dea6cfb4b61a9e7985e9104551433d1a24490971e1975108d57a54,0,0
3980852aa7cd717ed9421f3470df01ff7d3d9a506b3adf6d39b65e4be1538510,0,0
39868b667fcecce2203451fb54254e9f87647d1150fa527639a752feb93c31f6,1,3
3987ba30d05c743baddeb3e217821092517a4c34ca57092b1eac2b8eecb0c884,0,0
398a8d793aa32ea9314eb2f24f0addf85add10e46e8201b3613f5619a36b4824,0,0
399b90cb8956dfe47770d3d3579c5ff0e42ee3ad0d748ebe2c7a5542ca348c6a,0,0
399caec08d806ea47af076fc73998c2237c162365a83821b92dd3af5d7f7bd82,0,0
399f4c341d266098d2f470f854ea95658d128fff0ecc7ceac82a496832d771a5,0,0
39b162d853e1aca946b29fa956045041e985bf09774854bcb94a350ee299e995,0,0
39c0e07f9f0f8b1228883564b1d10919873df7af008d4005cc0ad514d2a29353,0,0
39c84be6c75a694fa2827dad8b63de775a3e43934782dcee588fb6a6b15eab26,0,0
39cab443cfa74b85528ad1b38709c60bc5f2d598dffc60dde253bd0d13854fb3,0,0
39ce9fb510903e97e607fcd2d56ea6e60812136f5f77737dff27323dd939245e,0,0
39d3f9d2b8cafdde1ea11e8cfb0f204b60deee3378ff988b30a4c04b0eea03ed,0,0
39d7956fe3a1c5b06e5ea105414cce1332585b63027a8427bd65d97c8cfb1f27,0,0
39de6a112d32ed4e844f8b496b4e898b86438998a224f4cd1bac92a047900f59,0,0
39efc645ee3aaf4f698fbedaa2905403e7afd5978a75e439f1dca764cc132382,0,0
39f288ac5db98cf48cf20fcbad225875aa01de2758fee93dac446b4b31e45ed5,0,0
39f3e379ddfbbe18e2dae3f3ec2e28140a642888d209ac486f5f1ef29ceba468,0,0
3a159acfd987c46d632c6bfa480eadb4fd891ec228039499ef0e139b72b50300,0,0
3a1a40a31fc3d91c308b1a3b7e41c58130869fe0eb7599d8abf3ebb853cfafaf,0,0
3a1d7f8b42ccd004b317fcd59f26f5d321aa2d401aa3d94fc337c06d685feaf8,0,0
3a32b36fa7a01ad837aeefcf37b67eb626147fc71d243b4d41045930706fdd5a,0,0
3a51bfe8b2a30de86030ab043b8d6b5671cc22052cba0bf84feca17327a15ee7,0,0
3a54b585ed1f256bd54ccb2710417417446cf5a02e671b433d5e3f0e89eb0901,0,0
3a58693d75635a2729fde1087b7e53fdfe3d6aafb9297c5c25457307b7601153,0,0
3a6a3c098c22994e0fb5f3f161e89603bc69a1ddcf8b2fdd47a083afaccf8782,0,0
3a7477c43afbb8353fe61919abf36d77edff1fa13dac425e06df22e4a4609c6e,0,0
3a7aff1f3fe4af87454f336106cddf6d7bcd273fd48ea36619c55f0978a85f9a,0,0
3a8135c2e0574921ac5f2b7f2dbcb78057c343cae9d71de9a8edeae713756c37,0,0
3a8286bcba490254e7d3f9e79d4ad8be02369b57352f4e439c55d9c117685ff0,1,3
3a967583f8a855d79e920b19b0dc6ca86d179a7913e9250d371e6fa857259ef4,0,0
3a9932a2e862b75aea5b07dee18a11bc64a348dff1229782d18cf1f2a0d10f23,1,2
3aab2eefb086c620e7793e885d393ea8a70d7c9509cd4cb919261fc53a2660dc,0,0
3abea480efea50023d884a507302d16e3fb2c5c8a9bf48ccfe5c1b7a2300cc3d,0,0
3ac37c4bd31979b1050a03737fac388a3d35ba0cb433c90670ba325a56eaace3,0,0
3ade611447e519f959209d16f651e95cf4d46a1dfd13db4e6753041bb5078d3e,0,0
3adfdf3905f83e1f6286454b43cefdd89042374d65d5613afcf2c0d0f9f517cc,0,0
3ae0c96b6a6a8cc16f9f207460145c05e0d258143fadb432e1114d9e66ee1329,0,0
3ae14759945e0442b16a905558b13aaaa2aa720bd1ec5c5011f458c01439e5f4,0,0
3ae2fa2519a877ed6a138059088c96205e0b84c2bc72dc4355bdac8b6dae0aa7,0,0
3ae61199a260c5524922d6726017924282ce4c5b8084b0b99c47fa9a0a3e0ddb,0,0
3ae78cd2827cef7dd670fc4142f298463a2f4ad66d7cb3599ed1559a0e57f1e3,0,0
3ae83e3994afd027f7f809fa1b74ed14184f5b0d42f197ce8de248aad688cfb8,0,0
3afb9a525486a2cfa5673c846442a55ad1acbdb8d35eee3f599ec40c5ba707f2,0,0
3b05f23c32ea109caed89d8e8c01d080aaa0597f9a7c09524661cc93d3cb9506,0,0
3b0d9eb91e18ec2a33c7a279c871da3fdf7ae0a1f329ac85ae5d16cf941fdaf6,0,0
3b1367e1dd78de666eabf777245882817d26c8bc3e8e3bf1ff1694bed91779ee,0,0
3b1afd7de114a489f6a51d4933b1444a7d401c5eeaa6617262c7598ca2d88158,0,0
3b1c69d1b4ce98c07b45ccb50fca3e4201388fe5433992c7212f5b8f7ec724fc,0,0
3b2e17c767996ec3791f34e45f5aa0f62efaed65e34584878ddfe477479061f6,0,0
3b37530be1cbedc7b60a162047df91bab8712d7ae361d85695c444797ba01f67,0,0
3b3e16d01f70dd753aa534594198dc87a83599feac278795da0db671a4cde8a2,0,0
3b3f3b73cec29e8a6788626123354b37a3faa50c53a06db4511c876b18f5c049,0,0
3b417d2c479c19d24ca4c6fe2dc5c6541d5de97462682d7ad981eece1cc4e308,0,0
3b447dadb359bf841e661aa1883fc125955ae6684c273b8e9a1d7995bfc165d0,0,0
3b4697d332b38f8fe3ff80b1587e5c9f535708ec12686d7ffcdeab7697a22c01,0,0
3b4beeb8a83701515193ed1cc977af1a8f7c413ef1834940d45a9b3f4c48d73d,0,0
3b4d0bd2fc52d26221ce4ed75d412de839b1624df36b8636ea3ea3a373f71570,0,0
3b58b264c3b73d7e2ced14f785fe72336fdbcdbb4b51fd59b156f26492517c96,0,0
3b5ea5d78d8ac6478c56baff9f170d0975ca8b85d41da92bd6de84c58789d011,0,0
3b613a0b8126851a8accffc1fed1148b264057f2e568a1504f52b146001a0b94,0,0
3b7cec47ff1c9515bc384be0df06cd8137531a7e88596a70e76c35dafc3d2efc,0,0
3b839549e28d6d1c348b816064ffae65ae7ab40498f5c40d5ca4eb51e20a0db5,0,0
3b84bd85879d457b17a70ec9a0ea70aece61ce8093d85c613f6d8d53e1858254,0,0
3b91bc1bb68ae17c1c9b25beeee8f22e6c43ca9ebd7e025dd8e897e40fd930b8,0,0
3b945d6b58b4a407ed5a34bcef7862741d10ac131d50bd8cce99f7a6fd91e2b3,0,0
3b995e1cda9dea4455c2e592543ea0bb6486f9bf7f49627745edac6c04a67774,0,0
3b9efef570c054e224df1699521ba18df6145d63ae0a726039a39671d83cc64b,0,0
3bae56f418f0bce3631b67a168b29d1339b34cc0121cc2f63cef5946fe707abd,0,0
3baf5d41966f2b764a119e6f28b841e7933e62de605d09c50d3dd96ed689145e,0,0
3bb0ed1fe0f83162a4ecb1c8065aece7d4efe856e4a1ce55b3441f3c7df462d2,0,0
3bc8f4cc06c5679c7b9124f618f8fbf75c1b57a995bb1eb110008fa854ffc6b1,0,0
3bcc4a06c03a2f5bcb675aa71c3ec89e4898d88f1430c2986cc4c4c60fb1780d,0,0
3bd37595ff70ca573cd4715e38b07336d2c59ac513cf9bf6baf0db78a6eb4ac7,0,0
3bddb6fdcd7657517ee5ecf597e7320b94d42e5f05ee168831c1fc05c051ebb6,0,0
3bdf25c3e93fbb61a927be173122498f5fbf47be8dd77b7e5c427c9e04f404e6,0,0
3bfc03f6264ed7b1b4ced130da8d04a2d65427a24ee643f4789ad1f5e6004924,0,0
3c00f07982caed1811c39b5de39494be9955f6410aa1780f05b9e197e4560eb7,0,0
3c0e0847976943902557af36c745ad3000c3161cad4e796d5b0736ba75478d06,0,0
3c129867fdab8b439c69789d94082adbfb7074b2972d425ffaac3fd09e58dfd8,1,0
3c1a6ca13e0c5495d69570f60a80e567327317034ff1b8fca712e882e990f15f,0,0
3c1d11f7115a7d9a2e0a09428195543556a9e700e409a65f177099f911e4ba9f,0,0
3c25ef6347f8851dd86c348b4e3fc3b466990d70b40a4999e7f55b02fe9d8c61,0,0
3c3067520d0bddfc2dedcda0026ef27c2da29d110b556c611f176bfa3e0c0ac8,0,0
3c3530a4f479265979bf673238a5f91e07bb9ce7c3abfc3fe6e690fe555dc598,0,0
3c3d5f651e044e3f52d514aa9fb2d7be7174e3c7721ae5357f769f4d3e1b3319,0,0
3c40ea8c155abea9c86fb1a36cdf979e49dd19d5f68ff5101d5d69bf8a5689ff,0,0
3c6abb7482b47260d391bc4c104b0a8bc57537d273a6ceaba85c85118594e6a8,0,0
3c6d1911e76aa6c664413d0b0a212735688d3d2c0412267d881a2a8fd29e9ad7,0,0
3c72f26deb07d2b70797952aeb7432c577c834ed4b9aac3cb97774005b94659e,0,0
3c7394c847b20a9110f80b1ba4fdcf4da8d1b21417b5a261749a10fd49b4c5c2,0,0
3c81c640c12551e62450da1ee0e5dd3ede0458b247af2ff3eca135f03b9dac2a,0,0
3c8e04a424c69def9575f5a17e0b493cbb827091edc670933cd96033e2b7a2e8,0,0
3c9a4d61618df84c4acad76bde0983a323a72972dde8221741b30b43e39a7a57,0,0
3c9cfc960ed1d53294a69c0315a23e4825c133f5114dc3dc5bf2dab945bde91f,0,0
3c9ef5dc6d950034c8c0b32ba19f2014a754b6716c8fbdee3d55b44d515bb366,0,0
3ca9dadf4751765918b851d6e33a4c528c927c01b9953549a2342f8d27ed115b,0,0
3cd59670ce7bd2a149139ece8f0f3fab0bfed9ac8fc6187585179f14c9975aba,0,0
3cde171cbfeff4c258cd663f5de603282eda80c8a94c88b1bca4503db17dfb42,0,0
3ce6438cbaa9cb82d7d8f2f447f7bd9f82e04ac00f200b515d910e12ba809757,0,0
3ce7c9fcacb890fe3c02a77c0a07b08bf21a9a1bce4117e7563b5dbd01fb806a,0,0
3cef2bd91b43e89ac0d765d2253eb47d5d540873aaa1f7937550e410b26dc07c,0,0
3cf0ed6dc3d9e0069c52188ccaedfb83cbde657236f3da31c26f869aa98a876c,0,0
3cf3fab08da7a65cfae32c638fa6ff807a183c843acaa49bc703646965907876,0,0
3cf687123a66750996c12b3db4d16ac44a6d329e8840c0cf3b3c9cd02ca8520f,0,0
3cf8faf6a1d152dfd72b9fa392f5fe39990bb1f5f1fe18809a3499f32b6d6241,0,0
3d0006fc5dda9c81e8883e5e2b54de96e7c2794777d1082233ee50af467080e5,0,0
3d08f098d122abca0054982d94b1c7789db2adced32ecb12ead03b9b3e8ddf85,0,0
3d0b2771d87e9b900bd101543406c392277ea644aa4bf24cb5e4a1c90133308d,0,0
3d0b9b74c12f66aa11044faf6cc682b78d903b58a0a4e8e3fab4fc6dc2ea9fe8,0,0
3d197d765110bb36f95da081502823212ac072be57dca78e92b195e84e6a8dcc,0,0
3d1c1093745530c437cd54bb10d5cbb178da921236811ff2916d13c5a9434178,0,0
3d1d4eae8b6620ff003953c542f2cd6126ddbbee70541fbef7f8df57aa24566d,0,0
3d24f410f126ce15ffa573ec1dabfec16ca2e4dcb9134022916d72db0a9a18f4,0,0
3d29b44c7c5e43c875c51f49774cb32ff76df76ed2b4b6d74d7e3b1ace08b404,0,0
3d2ff01e67dcdc01b3d6d95f8aea215b4474256960e91674beb69ce1cb1c8ab0,0,0
3d4a06866cc6b0e0fc6aacfd56f9c15119366b8b6e0446462ff25dd12c417a4d,0,0
3d4a7ed9441e08a7c4eb3e44abd87e7008ec95585e8c03336a7e87ff90127995,0,0
3d543b71d7fc2050fb1226364361baa8d47d7630ae2c964998fccbb791c1aded,0,0
3d6905337bd8c1d1cb88ba2767ddafa3d55bb09320915c28f5ba1f9b697b08c7,0,0
3d6a8ad687045ef60cb4b23bbd179967430c29c874d369c0aad97a67269f8473,0,0
3d7577f695fbd33f53b2227cabbbcbd55c4486b48e32478032adc79364d88165,0,0
3d7cf343cf2cbaf4e8cfd860f76d9f808f2f89a41e45b603b676366287a1e56e,0,0
3d8ca4a0f2731c66b4844ebd1d77f7faef4d9922864403f0f91e03e2f65fcb1d,0,0
3d9415227f2b79e49b3fec62dbbe7a3cd2d9741e8783d12087353459797fdd4e,0,0
3da4749a5716259d8c4980769817fa4e91b45a5042be44e12ec7bec5d5e692d5,0,0
3dae985a848ac3cd34c51aecaa307209f655ea0ad5aed4da538f75c9688b51d8,0,0
3dc57f4dc26189f4f4fbf22ab8a2616ca11d7f6cf58b485f10d2d3ce97857161,0,0
3dda45976644bea253a610af50f615e4d66579fd4397a8c0b742fee86eb7512a,0,0
3ddd4d95a7677d3502171b1de042856e6263dd57a8489cae05f366144d05067f,0,0
3ddfc14a4fb2e6764ca9fa2e3e282a59524aaa1cdba3f9de6b9382c5173313ba,0,0
3e0024076be0f754054aa0624db06d2f8579c7dfb4033a5931014035b37a2c39,0,0
3e04d9e95b534e281ac76bf2c801dde3a936cb567f0ae22a2a9d42d39ec17b6a,0,0
3e07214e0a627223895a3f4de1615deb7c37e6d5f21e7e94f4c1736dafc070a9,0,0
3e0aab16800137019a9e4da240fcede6ffaf0a3a8545b6fcb87d311c91089d95,0,0
3e0e94791a337dd813b03564a84314d2de62f9eb0b0dc26b04dfbe8a92d0e5ed,0,0
3e101a4f13b1795dae7a92491fcc2bdbbb377e3784347e12f18643799d973c64,0,0
3e19288fd9f71a50d28db6ba9bd83c762229a869a7026da34d779ea2bfbe1b9a,0,0
3e2e47fee2dbc9ee27dceeab0def3cf452c91ec4c85b812f7af98de5afee1997,0,0
3e350c2ceac95b8046e7812c7ac885e516f8c471199b48b5457b7b9b8ea72ec4,0,0
3e40e521c67fed4c87b0de8e998e9399952a02c75c9f0975deb97670c9d14afe,0,0
3e476f88753bc1018afbc619c443f3cd503e95ff0d3d45d24b250230ce97bfb6,0,0
3e5db0aa1137a28688cd9c4cb278eb7ffaebb1736bcced20711a06aa80832062,0,0
3e611322a986df0b63f46906c314575a008cede82637574026e8a507088ba263,0,0
3e68bf516772a8fcb2a79870a003c920ac548eb33ae10643908550b28be92995,0,0
3e695fd99e5e643f4178eace7d88457b5da15b3d80aeae146099cb134da8f6dc,0,0
3e73c4342414620b89f3a01a154ffcc22f7299c47a7fad6ae731a036919ab4fe,0,0
3e74f56c92eb305f27545ba473fafa53109f780376e80b198dd7ee9ce664153e,0,0
3e7fc19a08a31ba57d7424dcf3b9360ed66a6be7936526ba54570837ddfc3792,0,0
3e88f65b6eca25519f3c7b52e7aeb74c5e03a8e827a6c625280f76f27a99ecf3,0,0
3e9828c44bc01b841914afa625244930c2b0cc7699180393385bd8e146a3f377,0,0
3ea26ec9eeec39ba3dd8e60d7da3078201ffa4ff2dadafcfb9eee8865de1f29c,0,0
3ea609c90274e4e20b52c3dd26ab2706c0b25d0bc87104d94d165f050d139534,0,0
3ea768b607d37cc5c9453f613eeb932d7c80742f88daa53d75a8c97fa99caefe,0,0
3eb9a2faef90a6d7a496e79995a701403d3326b788951ce881c8c6d3746e91a8,0,0
3ebbdc683b82e0978c35d3bf5196fa56f6ac4177128c31fb27454eaa4cd5ffd4,0,0
3ebbf7f0aa8c10fa2895ef06f8ee42d46191b83125216dd85e44516344f97f78,0,0
3ebc561e8fe76812296615758fa1780fb2229cfada85a5166c9407f5911cf703,0,0
3ec1f50c960d431a53ff004a004ee82ac3b83ccecee2fcf8d120ea7553b5a3d9,0,0
3ecd388acbe0ce6cf8e04af18737ee35c5c258a0954f48608f6bb7a7b4f9fbc0,0,0
3ece6c537ff5ecc175497672511df9b63d2a91ef664dcbe1ede943c2b623f1cd,0,0
3ed037926e4db049782f4dc47ec3d3ba8b83ca94bf4705c33f356b16199463d9,0,0
3ed08b6397c30f6d20115a8642d3e9aec57ba2650252274bf6f1bd66e4364069,0,0
3ed096dd4e01b3c7d0ee146d186b89d2d0e31d10f907b648b628302abcb6413e,0,0
3ed3db6fc35a89db1cfc55196d6af74c4b344012401a6946c0b80fbef7ce8a21,0,0
3ed432026dd8ab159e48c0768192599b7a612c91174cd98cfca034224feb1382,0,0
3ee21992f99eb2d7960045081a4acbeb1c29de0430f84bf52937379d247e44e9,0,0
3ee551b11e8b72065a84bb49cffc1ad4f1814ce6d3141f3a0dd498113ca03c2d,0,0
3ee60af1d541a4ba71526fec944db81e95654546d5612fe826f14f51cdc6b922,0,0
3eed2ad6480dc0b102b37b2f4da20345c9a35bf0aecc2a7fb3878e9d734b0e9c,0,0
3efc3df70c24cef8da39e5804e59a4ee80c35007be1eee361588b6ad84799af2,0,0
3f0b9d812c9ff0ceef6d4b521f89bffcc3d7f6ddc2cb7e094a257dc019147862,0,0
3f0c8fe28a602645147490a38dde022dd0298dcbe8482188e8ef8ed3f1d2b6f3,0,0
3f1b5a2d3a4babe213309d9c524a3423fddc9910dd42ccf184f85316220613d6,0,0
3f287e9ed9d6abf7e9196edec1fe22e386c4b23abed714a8ce5c425148e0c091,0,0
3f313520354bd199fbb6ad022eaf4911b4214fcfe85c79bd54151fbfe84a6d20,0,0
3f4142d909f3ee9939e0bf4358fbbe8e69026688d24ad432d1a0e7e7a476250a,0,0
3f46d8fffba0c83cc4f80fed12fa2feb07203b58be5c551a2a855a08b14a00af,0,0
3f523ec0f83ad303c86c157dde89f73b919e1e0fcc5b0eeeaa2822f6a2709051,0,0
3f6183c8f3183a27fd4f3d2cf473fc9d782485befbb08bcf4c0413c6d1cbf862,0,0
3f619ebcd180df61b7f449a03b377079f34f3d72dd2d7431267abf5fd793f156,0,0
3f6920afe9faae9f0ef36dadf08cbe2ebd5c19277e3d2e8e54a986a3fd9aaf4a,0,0
3f6e0306d209325a0be56b4b578066d6e79232ca9bf8b21f0f13e983b04ba70d,0,0
3f7007531f552acda197d29bc12ec677d0ae502d471395a305a424518c4a60ce,0,0
3f7f7bb695425ef1df6dd2704aa0df6a472dc1e3e0e4a7d33261f48675ba8af3,0,0
3f9153f1504aa0be75cabfff5b0c2d7518519998054926483f00106e7132980b,0,0
3f9425d88021a3d33f956b797a1a034c9e278ae3a80b23cffb72f984112e3030,0,0
3f9cac6c9607fe959b9d1cf5b007bfe4f8fb38ee114c27c2606f1f0565997656,0,0
3fa7819d728d42d21f65b786ad7ded42dd5cb8f3b193896d309f9bc5bc9d7859,0,0
3fadec352798693410bb8224dda0bab220ea115fc2a25155e7e6ea25bbe8a51a,0,0
3fb4cd57257084308bb432d8fe842c94fa527f35d5188ba5cbf197240a59347b,0,0
3fc514c9297d760cf20590a41ab87956b77943853647ceee6bd682921f9deef3,0,0
3fcb388ac6b07f866e7142956422cf263be070c7e64d82f96de4c0b7e88d55ce,0,0
3fcd816a4beb462bc0b7b19b67b5ddf450c22a509de192e57331ed0efd4cac18,0,0
3fd0ccd3cd38841f07753a894a5feffd81565f032e9dbe16a32b623b0d2fcbce,0,0
3fd2e677d5b0170103b0ced53053403334209898456e9dfa720cc1881c441ec9,0,0
3fd786c0a6c0c1e62abecc4b866100937ae43eece6f0b317ae13afdb73f0ea6e,0,0
3fd7c0e03f7d71c395092bd5ab37a3b871134e2dbb2757144e059eb966b981ab,0,0
3fdbc5e9fbdcade24e05ee197bec25f7a7986ceec57f30b6ab3445a938307929,0,0
3fe9c5049685a9b37f876f8e0d0e1dcf2f60d0e5c7d69e617e3d9618c337cf3c,0,0
3ff29ca4bdbdb049121f8bf22bc8f1c02c4048fb44873d2298504ba99b14ed02,0,0
40024eb9c6cbb9b7acd7d04fb76d2e89f0868b85b25a6c6561786326032a0800,0,0
400dd6f0c09457cd81e57fa93753f0eed98caad50553d83b12626014f84a8941,0,0
4012db0b8a78ffb62edbf1ccbb19808511e4cc72f11574904b825c72cbea4b3d,0,0
4013e7752091ac821790f135be2ffa092754c5b1d0f34943a9e84ed959030c20,0,0
401768c7183e22cd702adfa6a4f6cf3b7a8dab10d8d5d43813a3eb40fc933304,0,0
4018108ec2f5f8f5c7a4d3485b35816300c53c0995a02ebdd2be6f6d86ff8185,0,0
401dfe70bdf09e73270713fcbe90f75195ace0724d73a4f32e0a3807800bf3a3,0,0
401eca27b2b6b46dcb4d2530b9a7c3ad41c385354d7532a8e059d58357bcf351,0,0
4025c1c27347ab53add28ef124e538d21c76d750c1931e88f44ace4deaaa9236,0,0
40274754c1f5c2f5e4dcb20f0926c821f4a1c4f1115ed566f8a58e61306459eb,0,0
4028ea63892ce9f94dc91be9a603dccf976837b6814ab48d278085745770571c,0,0
402a3378aba4ab5b11445be249911c50d3fe92425769bd86806df82538cf4eb4,0,0
402e290fbee22e5a5d75d2306321bc8436aedf64f887ff28cd1a8ec17b946a36,0,0
4043bb8b7782c89704f4508a8eb9007268e5a42c72a489048338396505363e2f,0,0
4043cd415d45a04404ddb1c5f81ae815246667ac926fdf98f2963c2a42edfd6b,0,0
4053c1796ce373da46783079acc8771f5dced5642204646f437c027a8de3cda8,0,0
406333e16f5372918fd40221fbbf1c0cc87ff10983c2fe8664d71e2bc9d2a6aa,0,0
406452c6898b868a08d55442c3b753528167dcf4d9e198cfa8221a5e22d1e540,0,0
407c6b333093c1a3c156f1dbfeecc9fb8432c9eb8e7f8d68c136ddebe38132d1,0,0
408548582b45c28ad93800e1cc852211028dd8da01514e8f1a10e37707a3f49c,0,0
408f70f60d3700e62f4bc551dcd2963d45a781dfc8c176dbf35fcb7e5e84fe66,0,0
4092ec0dbc55ec5b81383306a6c9dfb7feff4537a2a7e1a8494ce75449e92aa1,0,0
409e2700b1137317cedbef979372a101381ad609a4033da7caffa8bd04547dd6,0,0
40a237d77aa7d610f6b1719263b12962931a7c0e8d9093ab36dd6a42f732954b,0,0
40a4fe097df6bf8f161297bdfcc0eb76809f67d47ae202471702887a254b6b0c,0,0
40ab1590cf0a0181ca3592ec229f0cb9a12149a51966d721efeec782ecfdf462,0,0
40b2fe29fed0044162e63d28916ea1e02421cdaea96d4defa74fff1d33d6c264,0,0
40b41f210805aeab887f9e97208b756caae111f535392c60100f435a66a322f5,0,0
40b68c8bcfcf6a5584559cf12c69d616d1de3dfe6dc3c9e5307417f447c2f270,0,0
40bdf6eb056bf510534ad304497f83747df2fb28634f69180ed37e9952554826,0,0
40c9da2b011a2544472b7dabbe0a86b5d61ee08345bc010adf8f31130ae2babd,0,0
40cb0f6c96c8e6e447cca8fcc36f7ae57346948cbf667c43aaaa3dab319ea2ec,0,0
40d33c88114c6069e3c6ad16b9d51f93cc2081eca8ad0500c7f3681be8db423b,0,0
40d692b033b51e06e6f86d6e4a905d8f2707bbcbcb8db78e964e7b3fc09e4e06,0,0
40d8ce5f118d8a58d2840e3fdc055c0652ac214caf6e5864067bdd8c0ec2ea4e,0,0
40da46768fb08503d19db93711ad903d994d060e0eab145c5afa7eb9acd16795,0,0
40e9113a8c992b20842df4948f4a48c261a0516155fadafa7105cbe41fa7b848,0,0
40ead53fde2557ce7a295991f6d456abfee60f1b604e21a1850969166b8ae177,0,0
410272c154a8a4581b5907fd6a2b85c67d493f15a4ad94b7fc08b0f2c5d0f15f,0,0
41027e292f53fb0ae2fda38dbb4f806c9d8e03d24442fd359f3a2f75c9445e0f,0,0
41060b140084293a873af793dbe644cc3d5d755df5cb1cd38a391fc35092e3a1,0,0
41072b6fc70d0d90f6574108342db429fbf4b7f82ab013bbaf2db7dd243aebaf,0,0
410f2b99e88d9bd511818ff5a6092b73889e1cf73715575c96d060535b023bb7,0,0
41108b5fcd04c0cd34b9ed4a756046d42187ed3c710e7c24a91281f0979e21ff,0,0
411cca4f0223b76867d6c616d8272dca25cf941614bf942491b3f0a9f090a9d2,0,0
411f3c81bb4dc50fc56d38434e362cb172632e1819741f256d863033ca3cf7a0,0,0
413ce39b5f6d57cb447ae63d2ee0b1f8b686d5c7f0e23a87eb2d8dca42c9c473,0,0
41447bb9f5b50c7f3948a2cff68a2f99ea98eda09c399895cb8be7f4fb81279c,0,0
4150a43a162387f66dc7bad161138033f661307e1ee8c65c8caf87379ab3daec,0,0
4151174f7765a2f37fdb6ca0c221d7273dfea4e73ac07fa8409ca36e2bf64a09,0,0
4156f2d313d5f2ef3dc14d093b02ca007055bffd0186a39876e914b18d7f76e3,0,0
415a9f8530acad51f4f06cb9dcc52f582aeaad689bdb601ce5a9edfb4a0b8c15,0,0
415b47bdb966044b1562e83a6449cb9289d4635dd419446a249b228012119ec5,0,0
415d396abff30c9087a238339c4410f1defcf7aae9c8528715587f2b4cfbb210,0,0
415dd16dcb62ab941f764f1a139235f7423e34ce21c8fcd0f9b43bcc0ebc68e5,0,0
416975b0cc91403cca1a3cc480b4e29c5fa48e257935717ca3daf66446025bfc,0,0
418c9a3da024ee6394cc50f2805d5e08d1c952d662dfcc46d1f9a959bf740bd4,0,0
419193b0e498948358eb16e4150ac6fb7c1af77917884e1768c32af269768e09,0,0
41970aa0b8b08fd627e51264b1b4d560242323545f0c5d185f6358440082b67a,0,0
4198f1e1edac4bcb51022c81c308d6014343f0455aa29ac419e04b478c68e0ef,0,0
419db0bd378bc43109b7252dff014fdcef97d00d5830559688bbaf1f9ecc012a,0,0
41a449322ea4e8afd54bcb8f909e393202cf8eb4246d5fd183c856e6891cfc49,0,0
41aff28aeba78fbab5fe629efff11756f5fe89318c712f4fc24ea88f229077c4,0,0
41c3a3e62ea5af8329c8fdb0f0f66e79c30e22240afe38b8cf40de36736e467b,0,0
41c94d86fad69b119e17a023ccc61096fa09b25b53791f37e2927be2e998ec58,0,0
41ca963f0a02a6c56f665e71fb440fb4ca3b94d2f9ab0976e0268a2eb4f41b3c,0,0
41d66feccdd1d9610405db217226b2ec930944680d751bd310f7e0b6dcaee435,0,0
41defd9fb409dd39b51312943981cd98ebb9ddf39e9a4f3cefa0c998911e5dc5,0,0
41e28384e9b8be36c8c62e2eaeb9fefd0b686c84b68e76c0132c03be487986d3,0,0
41f173c451506e24b7f4bb3a5c78edb1c1449346aea58c1db035302ba643bb63,0,0
41fde1d318b9275d5adcd4a1e521b5c798695199359c9a7ea3d1867f8a273d4c,0,0
42035bbc52b3bfdc2d26211fbf6a3d380018fb96b1cda593686cea5ed3bc776a,0,0
42038ae954b89aebc02bf8323a4b3e0b5affb67b05787af3c18880460aa72523,0,0
4206a93a8e462a3426ca84027546f5f15084459b7f6c69f2a254ca77b7d61c62,0,0
420a6d9993f5059ba79636509669026e28754d4f7b98d355e1a3bb431862c924,0,0
42107a332b1e9529c1ec664639e729bb2f6c4c979c0f9cc08faafe7c7fdf322f,0,0
421983da98c2ebf1df94b2c07fe40aab9981847af7a2f3e3536164e4e7fd9d8c,1,1
421d22790989123c003041eb51409e9ca344550db04c40192c68791132cb1952,0,0
4220af9cdeca52342f2fbecec74b7fceb4b252e479212533226b3cb08b4819a8,0,0
4224124e34bea82c0a717393599ea171ab0a03a633799f83b5a1fc39418d1f53,0,0
422ff818713a20ca4146f6a2b90da9b7b615a7b3906ab9181e3c35ab61166550,0,0
4233c57c57143e5b4517b2389697d00c5f40e0f3addb33624c69e62bcefbd493,0,0
423ab50ca464f3aa6aa20bc0d14d87cebeb81c921641a4d16d5cad09eeaf8889,0,0
42414dbef8907b92150beb93da1abd7c7b548f8b8c152331cc77a69c2fb12adb,0,0
4250b66cba3d761c1bfae08fd9c77f9266c0866aa5733d05fbb98a0ff6271865,0,0
425225631a408f371b13d194841760dcb076162b9be41f7cb5ca399616491604,0,0
42526f06b16bfa7aba14bf8e254e258ab86c66b5c3753905f1c1538b13416f02,0,0
4259fb3391945ef3f3b790b4eead4f7953e6b803c6a8ea9f793393c658f36178,0,0
425cd34ba2a73b010251e008ca42161cfc4d7e750180d0346f37ba7cb4d1f014,0,0
4260708939c85eeaa95fbc66d8a389a06d6d3e39d2631b877c44ce33b42f1fd8,0,0
426079b51c37756f1b96a9e25afbd3111732bd684e1366e817c5f144e684a2e0,1,7
426afb2f7965761fedc6d9c6f4738339408b892d88ccc477d069f41ad38cb5af,0,0
4275f648e49a72486694163242b6f19bdb7943a4ae1372caa95a16e1d789bbb8,1,2
42879e438c462a0d4bf4a6f9e4149434b47693f57964865fee54e03f1e6a0d10,0,0
428abf222714464ab59df004870663b198ef1c4b57aff851df9be314b3f5ed93,0,0
428bf08736616a1a5f42a5b01dcb6ecbe9052b9264d0a4a21915ee8371e6e736,0,0
429851815ba48e7b0533c88cdd96bdd5489cf836e8e0767e802c95155bd845fb,0,0
4299af3deed16d338936825952115c719ca3ae59c86d11d123eaf28f9c3a0444,0,0
429a93c591647dd3d067462e7383b44cac27d4f8a900bbb3b00dad7443695a34,0,0
429d1f82df5dde699064609fb41eb122ac9643d260e720332ee966bc5b32279a,0,0
429e0263e818ac3612a9028a8a43afb5ef4cb27749fd1a0689b9ea998f2aeebc,0,0
42a5d9f6dd0ec671138a4852ca3cb8a825938aca4695d130a2afcedba749f943,0,0
42bf75b002d410aeb335bbca47b2b2ee99a8d2ef5546e36c04085fa90c5eeb52,0,0
42c4bb32adb298673a88784461633ccc8a525d5b35211e5a671cf0673f8def4b,0,0
42c527a89754d2757d822bd4343e6adaea8349b1230c87a12911ea49de2a0d5c,0,0
42d6cc8a4902354c43f4f2d3072ef89efcf5398965313f85efd5673160ff847d,0,0
42d700bd1c8a937ecea933175dfaafebe98caf85617d6de909b1ccc6a4a1d2e2,0,0
42e08e5e5aa712142c2aa23d428118269e0bbbbee5bb05d73e6357e4aac04b9a,0,0
42e5a630b50af8c83e3fa31e581c096b4866be0429345029e5c2590f7fbbb3f4,0,0
42e715e34dee659cae6aeb5d1465725de19bcfb390580233c0b2e5744142d279,0,0
42f1daeb6943af1e3d9c6888b93e22bd5f92f375402bf2f37af09493492fc941,0,0
42f69997c84d31e7999a6112a8806134ff2a27582df971b2402f8a552b88dbdc,0,0
4307722ba272e90f1c7dfae442bef8e99fdf256333b7a9988b366afd1f48f221,0,0
4308bdc4ad0fe62236b29c668c8b4488b248e8604a04ab5c2c164f728c076889,0,0
430fcf28eb803762a2eb33401b5d9dba3dd1cd666b4e416708c1228e6779a9de,0,0
431056feb4e781d3a72030aa42c21925b2deae38d967943e61342fdccc14dc4f,0,0
431c250eddc493511500f546ee1ed94327a73118c6ebc700b29461e3adafaa54,0,0
43228bcd55c1ee7244fb3db6d755fe65c6e5de7fe4560d397f1b0b2c2b7ff08c,0,0
432a7bb19315ee5ea73a3494495deed7526f6423131e8755652f320d06d9276e,0,0
43351138df9cf6fbf32ee7453c3ee652c3e2d5500322206e44eee837f05bb34c,1,5
4336403f93baa2e7007ea2e79f0904bff2700ba7aae4c115230cc4f437e5ee8b,0,0
433c4e9e4c25a27ab26c59261ae34317eeba3d825fa95be91658b40fac92b054,0,0
434816855fd49d971cf3f01eb24181301b2e6632c4139f97127333a5bb1f9750,0,0
43563865b64b1a13c9239f68485c424aa7981a5da479de4642b2df8fe320e8d0,0,0
435c59eb21b73b1b6deaba52d94b46c17448fe88e736f79262a75cdbc64baf23,0,0
435ca152a066d12efa187cd3cb3ede3c22b6a0dcb2d5d0dfa128c3f18ffcf77f,0,0
435e7f2dabacb1a864ee3b7ec914ee5171f04df7e78c626ac7bc197af9470fd6,0,0
4361a5a401763dba4229222dfe5c461ea3806babdaaae9540edd787e3a7ad03d,0,0
43760ae1ecdbf1c7d7dd65e9e020d1a94e3d448de6deb0bb2f13f2a41088ee52,0,0
438135fbb93e685f4a85e15e1c4f972c2c19a704585d44a97b4318234921bbfc,0,0
4386779b5020f87a99c91a912dfb0fd38bc366cec4d4bb3f3c19a5c103ae902e,0,0
439c73d518fefd7a73c5edd711232fe8694de2d1d85b643acd1491f7465e9220,0,0
43a60b0ecbb1bccd9adce8757bc9c3b3d03bd9bb8aeb44c3f18104a279658bfd,0,0
43a640cf53eb89d9b5e6cd68b0068d960be75b16884709ccb72d27046b182aee,0,0
43a749997cf321043c517f29053bb4de17736ec715265793c8a4bdd6e48e5027,0,0
43af822765936cd061635ad5a0d2b83d2ea9ffbcb2518a5a3da97242ce2b8a27,0,0
43b70987a1502cedb43f9234ae17fbdf0f0e347a751da0cf2f54b871ffd582ab,0,0
43b7376bdb12600c8984f56890b07d4b77f322e6e30e24ad4647b32644e122b1,0,0
43d04297948e510953868d939302f2fdb9cb6a394a2092d5de4ba868bfc9a892,0,0
43d17ac1faa1b771a59a73a18e492e3d96bf75d589bed0f2d5ab395c17322ca2,0,0
43d235914d5467496c53d2398163d49f937f67945b338e6626917844f7adbb83,0,0
43d529e5fa8b53cde2fef7e11cdb3043911676d7984766d3fe6d45d2ab25b738,0,0
43e65b4dc46e13f308df8793dca863763e92f977a98157249e76f5c4909ae93d,0,0
43ed4838c2a6dfa064ff439b4ca32111e20fcd288c34c4cb7edb8d3045239079,0,0
440093474b92858780e85afecdf2451d786bc9b170967b8622ebc64ec70a788d,0,0
44187dd1e43c416b7b36465c2f8d93947a81b5fcb9da3cc94c31d26c4e2960de,0,0
442ee0782a7d0d20ca5f7d211becc9de32dc22861afd8ed8e93e85496f0ce4c1,0,0
4435c9087fe76ce9a8053bf29089c957e3d64e341a75ed328ca9c78a59ef7212,0,0
443b0390622f47005310467009ff5b583854953786b79fc5b21b26677b31af90,0,0
443fa56a714bdec3deaa3195c045816c7d2c7d66a198bb15b8670398bf42f32c,0,0
4440094e82e435d715ca8f5e4ee1c0443b2ddf43fc9776f4cac8160f14c5bcb1,0,0
444584fe2442c7d33da7497c6a5387d88e95e1db62d6c259234f1b9a511e07d2,0,0
44497658c80ad1651042c0003dca21e4984917e5e594b68edb4085228b0a7303,0,0
444c4ea982edccda8b9aeedd8103af2d72d8fc64f6ee460ef68152fce19fb854,0,0
44592f8d3d62c1d91ddefd2282e6df175e7c09af300047c0c5c1d49ef4df8527,0,0
445dabe5d22aacee59338acd5f33778695e0f425830b9bc14a7907e14a201421,0,0
446282dadbc60aa351ca48789732c73cfd9f0c2f11cee601d6ea6d68b3309e60,0,0
44629b2b17b72c0e7005a7cdfadd7ac7a70242502e09571c36590fd0a69490c7,0,0
4467c74b5342932fd8d31bcfa44bcf7d0e50d4c8235fe539d1c44fce9d24cc8f,0,0
446d1b548b152d5eae07e3e43442440eea76ea765ea1d9773f714d2fbf15fdb4,0,0
44821423ec2caea8764939b5d5c283f266e563b2bae0d59ab0064d4cd8703031,0,0
448464a8a463c11d68be41f1e44bc59ee84f88919de86a4d3e78ba9eb26d9e20,0,0
4487a97975118c661a79e5454107b7bd1d5f2412674c9554bde777b900c397ce,0,0
4490e014d20d696ebf849f07d9b27b42ba1bcecc03536d95e825415f3a6c1fbc,0,0
44a2b2af39578f38b29219d4252317520a0a467da4e78b62e4c2e20346a62f49,0,0
44a6fd968741dd2a24875c742dc605ee67c8fa263045b96d3ea33d3ed5b2c49b,0,0
44b1717736b2a6f0056647feb67bf8148d8c7fb7b12b56e1bf5b1e78b1afd922,0,0
44b88be8c7d0dc9c626e940072ebb0f3ca55420cf72320e23dca487877b9de80,0,0
44bcfdd45f42190783372ba10839223ddc49d1fb78d5127cb90d23f1d79c9627,0,0
44d989f38f5f3cf8eaf1126ab48d59770e596243ea7a44a067b5de1827fc1ba9,0,0
44dc2dcfb2b20d0a3f54ba99d70884dc7993dbc89918bff9f70b0888f5f8c187,0,0
44e1795a908c33d4e1177f770bcfb7687dca476e07304c3aa07a2188e01d3aba,0,0
44e59fdb9a708ffec4515395881e39fe730b4fe38a0858a85e78226038c7e99c,0,0
44e7a003cf2f9afdf12ee99236184c04aa34595e3de04e1c878fdf38eec09e0d,0,0
44e8286dca621d42c15a1a762995e019ca303d65a0dad4d9553608f305d5c84a,0,0
44e843b1449dc05a622bbb8f362a44f76020f5cb76aa1acd609ba21a8b7ba525,0,0
44ea32a856d54864a34cd4b4eb3cbda0bf3bb55e1ca601b53deb4835a051e535,1,3
44f7bd9ff252817eeef0f76465fd354dd21d30dfa94a52043d8e2b1a8b777313,0,0
44fbe5741ac5e38e950de2499f42f05a49a3866d80f2c9bfe612d8cb6894fa67,0,0
45013a65290fcc8ac2a5e49ab817ffe01ef03556a0742c9c8bb7d0fbbf3ef293,0,0
4504cae30473eb5b3d94678a7678c17ee44d8d1a223195488877292eb3136827,0,0
451ad78aa5cd471c7347d9da1708b15ae1614c93cf7234fa21f0abef0edeee0f,0,0
452157ba3db5192d8fb119c96e70a50486a637fc04ca201ff285c79096f4372f,0,0
4523d4704e93e351d24f6cf8ceeacbc7bf6a7dc3bc5e4f67f77600c68787a8bb,0,0
4528c0cb39e888cd028df439be3dd437f91a515bccce60ebe6313c84e61999d4,0,0
452d0c4fa3fde543d619407c7e71296819d5b96fdd29d5a1c0972a6a0ff93b1b,0,0
453863664114a0e52b94a0605814b40dbb07a6f3759e62ef5d064c74539823b5,0,0
4555f971e857287b516ebfd7e4f326e5267244b5307f3d510476724104119e29,0,0
45642da17b2dfcab4a3975ce1704bcfaaaeebd34550d97520e780db998b20cf0,0,0
4586a62877913762513913a7a5925b6fceeec17a27dadafa3ab23a8dfa0ea94b,0,0
45919ea6adac90fa6809e410ca6a8ffff857f1ffd770e97a73e8d6ce58f66251,0,0
4594aa97010cf6ab093d662d2ac15206cc8ed84342014083c7f0644ab7b85992,0,0
4599f6964ad9a84a49b9e2a3c831039bb6364792ba6024cf8e25d87abaa30ba0,0,0
459d08ac1f26fa7207fe01357f7e3ef6c10f63fd90963306bbbfcad57036609a,0,0
45a1e89aeae9f23de4eb7e43abbf22e4ae042bd54ce0bbc80ef021a1d99ec0c1,0,0
45a48f59d7a44196937e86cbd72da64d45f0d35a7f15e4d935ebd2ce37461667,0,0
45a549e76495fe03f7a8cc8887b736c587bbd5d53ec2fd349116fb57eebcf491,0,0
45ad13f69cadd9a959aad902eb72ccffcba1104fed583c9c6c19437c37321b56,0,0
45ce8762a176d94c5508b53362ab1b87358f7f6436833f3a1bb746ead204fba5,0,0
45d52f0a49b94f90cbd6355a943f0eda7886de26ea3b78fab19b3dd2e02a1252,0,0
45daa6b974b62371984283b4f29757673152e1668c43d04ec84b95bd2c6762ff,0,0
45dd60bee246b17a344c84c43981d4bf4e4b6601f52b3cc8da462c9e7c6d1b29,0,0
45de7426aad641c374aea3814351f996894a70d49ae237fcec16e3801de92e8d,0,0
45dea52097341c05b26ba62630ca996f6bd8aa2d0704e01f7b7cfb3f05846866,0,0
45e92f9f8217681b89ec23e0e8ce1c170831b3ec58218b1db39c1ff5f68640a0,0,0
45eae782aff350f777e01bd42540dab91129b8a3500120f95d164f318b0697ff,0,0
45ee4a016a337e6e4fe15596e7e49f17802d65dd40325733c643819c2b5dab8b,0,0
45fca2ee70e764ac32c063a5745dec43bb424b809e193f2e536e9cd91deac1c1,0,0
45fdbe4b6e4528489b9d8205c4d500656e15a491e21307924700cf28948d925a,0,0
46052b6e8476230f9198d47f3bf4bd4afa5b62804a5d96daa13e6dd1406ebc1d,0,0
46108b966650662220a5ba036f852ac982a2445beab587be4fdcc2a9951d1c73,0,0
4610b39c6820379de396f02d9f8c6c162341b3eab8a70a8c57eb2fe75a3c39dd,0,0
461fbe5763613a76fc6e9620cc1164fab2c6123ce34d27d32ddbdcdab49158ad,0,0
462a5573232e8e834c994437b9b12734062c8345aa6f0b7287f24d9bf7f856c6,0,0
462c58ec27716f564320a52ccdf2a8fea89e05acf9930b577e2ed6b4ab4dbffd,0,0
4630fb2347764bcf408c54cfb8bcb700e36dd343cfa530b21a5f5110af9c3ca2,0,0
464cf028d7b6d47d323bc769aeeffd5ebe053295e2bdad9c36c4fe01a9691299,0,0
46529583a0f15e0e8ae7ced74c7d15c9604f9ce20b8566a27dd9133ed81d35e5,0,0
466806226e95fa1516627acc8a18a316d8bb5be5833002c992b864cbedf62ee5,0,0
468137feba1cae20b3f2a3ce77f15238f1ba1cc94f689ceff46941910d069b79,0,0
468f5c7646e411a9338ab53929202b121f910c5859553394606cad8f67deca02,0,0
469a1a1bddbbf2671db32ed8d6113c22d5ce5a1b5896036115d942a3fd84ca64,0,0
46a38474c08f1e8c4d1f72e37a553cc1403b1c4fb85691ac6833a63d8633b674,0,0
46a55a56c971e00c461e606172a15809cb6c1a75e0eaa51b9feefd9b09284e88,0,0
46ad8e4253e6cb10f8fd61b14ba90953ea5fa47dad93b127e01a0229d846a086,0,0
46b2bfeb2d9bc57d2fcd714645a772e88855facbb7981ef7f6ef8bc2f92e414b,0,0
46b5419d5306cdf85ce85605a407cb7b7086d0ebb7d585b5daa7d7cb4f1b6568,1,3
46ca75f531f2525555bdfcc9b94f5775e9df6d8ca859fe328cce5e57e2c90e8d,0,0
46ccd4269e0572a83acb1b067abd576b309b7ed5917eee2c77fb5fcfb31edbae,0,0
46e8b8e623b022c542a5eebd6f4e4a5863b5d597f34e28d0a3f51aa6d4bbf1b9,0,0
46ea530b9f1dd83fa9de1e5b1508f5511c971ac41a449b626055d79c24edbc4d,0,0
46ec2984a76989a3ad4e6e927933bc0a071558ff045bbec9674aeaf8f1db6cfb,0,0
46ede9dbe5bd55d71fff174341271d61667e80f6d2d66eb4ad51c5e9889e7a8e,0,0
46f1d0712ec8cd5ca7a1243f76e4ea4f5fc9af36ac817384876d07b106e85f34,0,0
46f96aa06154e8ad521ef4e3eb2d25c759c3014ad8e8d2bd0c018d4e482d25d5,0,0
46ff72723712284f21040f75cf05a2411b9e00caaf45e3fae94368fcf1f28323,1,1
4710348f17ab6e6390a027bbe893d2448ca1238ca037a606ef5a990e27e4b7a7,0,0
4719c4d3979ee6ccd799005a69db0010583e8e7cb030d8397b518f2728beda38,0,0
471f1e2ecf57779e2a2d72a49b9bf6e353063e1b7b6d9fe37c0574277849d024,0,0
47205c42641b35565d7f58f7361b9fc8535a2abe12cf7254255ded7ffe7097d7,0,0
472e05802c5e82eb50d32abc93237d3590f969b0ad3611bb6a7e1efd885eaaf5,0,0
473b10654d040079649d6f0aaca55d63779654f46bca13224556e1b2dde868e9,0,0
4750c4af65b107f17400a7f4f94d63af339166f93c44425bf620f5e1c3b318cf,0,0
4754d4c39ee1073c6a94b2882c28ea0267effa7fce2577c91b254215f4704b57,0,0
4759ae0aa86604a3ed40b76c874ccba5948b23634029f0136545848a205c27b4,0,0
4780810b57a4b2aa60e210fbad4b4535f8adba6193f6ad309fe6bd9432f40c8a,0,0
4780cc683f8c86f14613c64be2d3e09ac2daf602f3d59ab8088f091646ebf8a6,0,0
4788fc103e899addfbc9230b086779bd7247d7ff99f9c6003a36f24949fc4f24,0,0
479067b4cf07b11743bc15f93c4e282feb0bfa9ea85382c7469aa722948cd38d,0,0
479531a53350ab9ee201e1e3680059343a17752c7c82e22bc6a5556b4cb8c36f,0,0
4795f3ccb8dc029e5d46abe636efe6eb89c641a5e5a979f0e0897610c0c1c65d,0,0
479c627557dc2e95e179153f79e86331b891173e213e1545983832aed4bdbe84,0,0
479f32cad25e33cbe9170c9a92a8826331e85544a7833ed8b147ad47d0a5a38f,0,0
47a027c2d5e8384bcb971794ace60f683e55c742879d2295a671792d287514b5,0,0
47b5948916e3da6e6f00ac025efa26c9ee70110b99ebaa3e31fdcc39a0f43e3a,0,0
47cf998dc74dee8d33f10185c2f31e9dcbbbdaa0c1dd9db32ac8f362364968a8,0,0
47d286479c29af113c23e3ae352868c4c529fd344d1b79e98a60e42a127f3f21,0,0
47d4e55475fbb837ae49bf4e3c1a8e12d2c6d55bafb4ae5a7f1bd7c58ebbaea3,0,0
47daf5761d0893aa644075d16d5b1804ff603aa4fcf768e338b50ea98b49afc4,0,0
47ddadf171ffb328bccdb7d96d0394083396a5731c752d9efbf0cad4f15f5e56,0,0
47eb25ca03ab638064a664aff78bc7748037925986c879497bc847951d65f9fd,0,0
47eee9c066a58a9d7aa9b11545f296291c8dc3b4a946a465310026d10103f569,0,0
4806af3ede6e17e2610a95dce56a14af97ae65dd470a201f55bfbd16d75efd51,0,0
480f1c930ec57bfd3a068d4da91e4e35eb3c9f44450097fb035aa61e5d3a589a,0,0
482122203a5a9b3f1bc600fd7cf28cc261af25aa3b9b7aea3a4ac4aff85488d1,0,0
48255b8305376d498b9ae55048b40d5caa59c3502c4885f0eb4660df188eff1f,0,0
482c92fa17bbc26e6d4f44fe7d4c9d12bbacad17c29b3e867cc2987b435d68d5,0,0
482db6ef34b9a13b0a9f23e42353a409656f1d27afd78705414547b613e6825d,0,0
48346a2e13239279c6463fda082ef89735b34ef2b237755fd26a1b400e70b6db,0,0
4839ab343e12cc0d93612b3570201cef398ff382c0a6e2616d339ba3c8b55083,0,0
483a75788f9688b539b4408948d3ce9601ecec731dd91d17c1f56474c4ed7002,0,0
483fc7912b07803f699cf36db335eec7bed85dd32d6dc756956c31e4747c3f61,0,0
48418d0e2a49a044663c2705591a51dfd3b1b1040411c4ec7210236035917fa5,0,0
485215ebfd7f43ab0da4585edb0b38cc731afced26d57605d29b2305729e4b82,0,0
486261d28a8d8bb6e0270f3f7384a1cc15e87b7273d3ad45c591302681dda7d3,0,0
486d6a4e7981f160c030a0da37d5dac536d01080d004800c532e94a74c876421,0,0
48914dba5d3cdc5e0c0ae50d4d807465007eb7345a8684428d4f1870e75a8b96,0,0
4895e79a6f569059f3e3375a3ad91c434542eae1ef2d0c45dbb12b58aa53e57a,0,0
489b14435fd398669541e106dc4ca704c1595862292b8762046b7e0534c6ba35,0,0
489fc7c44d97f8ef0170e3ef57671cb8eb5e3f879a4ab53562ca3e53a041483f,1,3
48b4c11385870628bbf6046157d4e0c2e2340b70f3e6310aad6a7b717471045b,0,0
48b94ef443763537627547c93e55a963ab48bbc0c209cbbd97fa4fd854f3160f,0,0
48bbc82dd69086acc2f2e50be4cf8653b43b93707eb32c948096b9c856d364f2,0,0
48bc498ee29d60e3a0ac490d711937866d02de19b60d0874ec03af85f3e76773,0,0
48bde7ee9400777500524caca9a618bc92824cae72a6c8ac662a671fac0d56c5,0,0
48e129c57a1be43805ef0c38d56526f1b6816ca9dcd8ab1a464b28f3bd55b23e,0,0
48e67cb5a3ec21249799d4dd568be7e8bc7dd058b92fcb952637c0cec2150c10,0,0
4903132129493f926dc69cf8c68cf4c007ef06069f05ceaeeb9a187bbe302206,0,0
4909274bc968994584c6c8991a893395d3893914059feccbe06d99fef6557170,0,0
4911028e97f2ffe539f7ab6ccc765f4a1d492c54050861560c0cc858d3df7613,0,0
491496cd186f17a500f8d1a387dcf8592f430fa4a69ee3bf47dcba228ffd80dc,0,0
4919bf411fa658007a2a9dc4f30335d54ee023973e2c0a4b80ecc1a2497e78ee,0,0
49290bfcd295594e4394559f67b08e81672516c6aa1e7fe181cc7a4d527ed621,0,0
4932168838b53846417d4c420e97125cfc736d58e6921f663090aba97fb24803,0,0
49624b4ff1643a2abac45fa25246a3ddedbd4bdf0ecfd6d008c392a11b9a196f,0,0
496b00cd9f6084e902644d70f215ec8ecaf1ec1030a8253ab8b5a365dca4d3af,0,0
496d4c1ffca7af49972c89f2f4bd8874fc9061a86d1a75fce4ab1015d0bd70f9,0,0
497217f07d266893d4109cc08cc03f1622e4425dbd222c29892d02d48d0503e3,0,0
4986af8ccdaa6f0e395057cc6e33ae9b463297b812adeca57d6179b4506e3dcf,0,0
49a32c03424245e1d5b7a3504e96edbda05d72522b0c7b9e9d6a885d6fe06288,0,0
49a60109c0accd547c95d782013ddf4f52828d9e92d62bb09b2df8423733a269,0,0
49adf614b71938859d084fb37cc474ae81b10dc95528a9bec410d0c4e85d68dd,0,0
49af240048bae1e370a6f9c88316b1f8b35201102b526d151fe4828107aadf88,0,0
49b22616433934fd1a2ec5209d935e47bb7fe681211f6a073e39648cd6cac9a3,0,0
49c3d879ca0f3e4db126cf3b60d5a80a9b6ec0fc3dccbff565bccbb6c448372f,0,0
49c5aeca4c78f7e3ce098e508a4622596d8c2acd4889b6f29cc9dc966705706c,0,0
49d0a876e03ea160bb97c28ba74367e4b306fc509131f527fa8cfe2586f7ffc6,0,0
49d0edc4ddb2c4450f9438432203666fe1377aa0b1f025128ede96cecff19e3b,0,0
49d4ab3ab528e622dde5cc53d1b6352aacc3648778b82eb1fc09bc3b2dda23e3,0,0
49d97f6571baf198ee64fd0cdcd60aa292454c9649a4b90b788abeeed85d878a,0,0
49dd008214eb984b7353c7d2ca1b7961eb7d63d5c83122af3a83d020cda7b508,0,0
49e541bc38cdc21eb8d42fc5d9259f6f5bf470fd6d5cb21895693beadf5d338b,0,0
49e5d4f3541ce98469dd1cac96672f439ea3bbd2a523454a36063340c768a625,0,0
49f28e8c3e4723d9c60891ff810630909c147238e6640c5e1de2879681fbe36c,0,0
49f5ebea108effcd5da174f9397df2d7013a72fae4cb44360fc6cb657dbe6b2b,0,0
49ff74ee4e3f449368a89ea9b47bc610baa0e46e7432c333463caf40412e5e6c,0,0
4a022e4d69b40d30d1d52c704d255dfcef2bcaaa62548ea11472f5fd4a4ca551,0,0
4a031b5a8969189a690792c904b6013e9bfe3ff4f40cb8dbbc539b307f8be059,0,0
4a09271e38d809b41f3512b92d4551749087720505582f724320c162621fc9ed,0,0
4a18b6c1a4af0514ea8089c1534b8ff97334534d5941fa834e7227d3d78a663a,0,0
4a1bdd382a2fe18a191338dab751b091a1d1dbdaf9729d417ad7c04d23d277b9,0,0
4a218c7c707d79168a381ebe69c6a6b4704f67c28c02c1a876f0c211236ac725,0,0
4a30d41d663aa579558dacf1dd406d9aa57a2e3397742ebd29d67f4f4d0937ba,0,0
4a3543ac8c8dd91f969f0d85d172a2ef5e4d12c9e12fbce0bb1ef8c80629fc03,1,3
4a5680c5be57b00d3b49391d88272ee12a22089a56263cbc327ca446ba8e2a0f,0,0
4a574bcab394e3bc3e14682955935cc725ab8d8f96654213d416dc56cca77932,0,0
4a65f672f4c57403b88b0d39ff1c3c6f96f5ee72501a03a0f0a45af4d7b4607c,0,0
4a668c73108a1bea3c707658cf44d2c5838b5c3be6529edf29838196a08dec60,0,0
4a86340bce9048689475a31dff49a85cc6698a742623b817c52f48940f8aca05,0,0
4a881597e785b1c77ca9292140f29e271a7318bb2f621c045f01b7b896b9a91b,0,0
4aaa16e3f5aefc66f8db0abda9e12a2bb7c69d428df5773b012ea5536608294d,0,0
4ab044b80ee95840b6777bf1e51738ed22b6bb7d2569da132bc1b2e631790747,0,0
4abd0a94e21960e41161e9ed758897489d01ba5dfacf3ccb19f4d6145a5ae68e,0,0
4ad3606c0370a14efb31945c09fab28dc3462b34055059b2ce37b2ab6f6af232,0,0
4ad74c619982c1b667ccece6a1686150e20c243c97471b926edf818218ede416,0,0
4ad9457269ee7d1b8c262a4e2af277db17c8fcd52b08dbb22e57eeb74934a6cd,0,0
4ae26429f5bb587b94734625b6b255310cc2001d6e29a66bdc91a9b9126c2667,0,0
4ae476ab7e59a9765adbd745e083a9a5c75869988b1ca970489810ddffe85b7a,0,0
4aebbeffed03abc1e1b263588bc3672389c00e5113ceca3bc7db22156e4d98e8,0,0
4af0d6d1f185bc545764a80ddb00e8c4c298500f5e5b25653669d2bf0f497d7c,0,0
4af1a3e14d9162022a7a89879a80ac839d04f5dd1d27f500ed436196226b34bc,0,0
4af71366914b5a84e3e4b93d4d54b59205ca401d7703984cbff70c8656b10de0,0,0
4af992657291d99fe9528d3909380ca75f6b1378c05fc9d51a786e753449fa1e,0,0
4afac9346b034a537ac5ec2ae9707cb6339c394749083f95c6942ec4810f5f29,0,0
4b0156fa1df793d3d82c8a20f63b8024afa00651ff4afd7e1be42b2f86a14457,0,0
4b11f87d9bf8a2c999ba47ee54f6944f45b8eef83dba69b791258f2fd97e9c2a,0,0
4b1a539c0bb05ab0e6c2b86684b1a22c02b604efed0b7d8e7efa9af8698dadc0,0,0
4b1b8a65d4a36fade4d3fd5d8b4f975357a67ef2f3deecfd9e676cbae244218d,0,0
4b1eba6263b66a93f9684e5b9ac6fa692fcbe1b5be038fd1a906dcf53c04e9b3,0,0
4b204a04afd9bc58b162b40093c0a91422f02d8f5f142177bd85e1197664c9b2,0,0
4b3b4db45dd4341ff729e391a283aba26c6e21d80c8327303936ee6bafe4fdbb,0,0
4b3fe3ca147e69d90f56855409b57b39afcff40bbdffeae8da8d7f6b28fc7f3f,0,0
4b4289477073de8dc8876bcae7f41a69a0a0268776af6e3bcd5b07b34b073987,0,0
4b4e8ac3b9f587e5fe09eb93ae3cd386134c3c1bf2f28d743ad9b68ea454bb64,0,0
4b5029599913278c8cc0c02ab5a7647ef0495ab4b7a66c55e5cf42f540d4790c,0,0
4b52be3f3e601ec7bed4dccecf303c84109dfccce1497dfed233562c5d4d6122,1,7
4b66ea98de4d1eed510480beb937e98ea297b28f197af0ce7dcc9189c7a757ed,0,0
4b688e8ef0056a05a5eb2b8ba07eda8cce4d8eebe288e5e062edf3f86cf8a21e,0,0
4b709f35905b59a1f835aebda52053cd920eb3266f1374795f8b856f5333a973,0,0
4b714296e6049e3a073c3b257416e2540fcf07a1c915ffb67341dd85d9c4ff59,0,0
4b717978b85d82b1253413804e54569073bdddc52914bee87e844509fb060dbb,0,0
4b75880632f985635a80517bc8c09a8e7092e014105d01611eaa7b24862604f0,0,0
4b8573635a5fcdc9d0e347c012bee0151a1393de3f32329c3f21c4fb42517abc,0,0
4b85a2144c5ea05c385dfb6d48e482854a2f6b0c20c6b48045df8eb1a4f12366,0,0
4b866fc226969babb88ec5d5551c10cf30a6ebcdc4fb5f78cf0712f4422f00f0,0,0
4b985397c6e824e4d3080ed41069687b880fb075ffda0a257f70d87817ff631a,0,0
4ba1a0461a085950e825235bd052e8aeec71065ccfa92e3c91d2ca45a2033f27,0,0
4ba48b25c819b8e3263688b1bf090ae9cb4735cea994eed3432b1eaeb3bcdb3c,0,0
4bcd014f079a6188ee61579f40a990984da8b6b13b17108934e041a6f12dd6ed,0,0
4bcf28c3e097197292228952d39adf64af51ca3d3d2d101ae853c2b7f5626e05,0,0
4bcf48795a89790cc55d95b9ad40d53aecfd278dee85dac25fb3c60f99cff411,0,0
4bd9ec29d9efcf3017c4fad2ae10cbf48fc230e12dcf27f53fbc132e8c795e10,0,0
4bddb499d0b4ab375c5380b50b96e2a5b536f07a831868713af20548f016d9cd,0,0
4be24734a15355b8b4a6a4260f56207957fcb023a5a43e473f5510ab5184639f,0,0
4bed17a9fa1190c80e2fd1abf73fc158772db981e58c37020ea362fd5e9a92f1,0,0
4bf1a1bf60f9744635473400ba378bbbce6929c459604f620fdd69e67321b628,0,0
4bf81fde7d2101e609adc0d7a5d6499abbd3160813d6c1358b21b60a5133b901,0,0
4bfdf0f7c413666bccbce1ba45f4c5a44cdaa9488bdaad118c26860ffdf3920c,0,0
4c067ac67ee10da97cfbd50be6b982e75de267436dc6b524b6b2d3d413b16ed8,0,0
4c08f6529f237f00ab95dab4dc39139518114227aba1a924f161b252a0854335,0,0
4c302e57a9d3f27ad9f01a586b4d7da4c44e765a88d65e0bd2f35113fa234792,0,0
4c3277ddc24c6866d12dba6a81d76e1c64fbdc9dbd4ea592d34a9cca40c45377,0,0
4c33d31f5203133a18492c89449671d3955d6b174cb3eec76e73207ca62199b5,0,0
4c3cf1363f927049dd882023b97a3a5af1d0bd72028e1d9f17657233e6d486b6,0,0
4c402281c23485acfdc8a1462debdc876bb9de54a5b87965ea4eccf58a96279f,0,0
4c443258edd3bd2e7b142e5b1ecfa099c7a1d2b263cbb858c455bd2dc0e15785,0,0
4c4e044aedce3159928fd83708b7d2c050c86027892fdd24e3b266b7695ea0f2,0,0
4c53fcf0549f06347c443cb4f679d091948e06a8fe63638bee5001c89395a9ac,0,0
4c605edf31affe25298f87ebd6d5cd46b423b3a1569f486420816bbda7309736,0,0
4c65ffa10666e89f6a77c3ca5c853342b9ac62dfa373baad25b0ae11c07b49ef,0,0
4c6e345624217064b476fb73594b42c3a9b4420b304eb2d14dcb4d63651b0f28,0,0
4c7245dd7aabc0d424fd92c55842925276d848afe6f9cd3088506500008c808f,0,0
4c7590329956b4d4333703f4269d0363db56e455fb7cfdb62664b38ba679a37c,0,0
4c75e22bdae4c63bcf11668a24961a08161539063df29569e44c5b8db0d1817a,0,0
4c7d10f541c51e6e18b79d48ca319dd3bd62987fe838802b4882a5342550b895,0,0
4c8b3b6aec3261cafb46b8919072623614f4d5c8d42c68e63a9ec60e5a971b96,0,0
4c9183afb8512869c49955078647abeab99e9681fee4680f47f36aaa44123eb8,0,0
4ca159dfaa4eea7edf5dfc616cf966f40d6402cfa086ebf7ffa91aab196ed13a,0,0
4cb642e59f5143fd3fa49d4aafe97b9e33eb350eb477b1e3b9a70e7540e4fef8,0,0
4cb683d26037d9505a423a5db8d76fa01d8efb27e3b46995ce381d50622f5617,0,0
4ccafe927581f678038a7b523486dce5e500066823b66d6d66b2019943cde5b4,0,0
4cd848b2c73bef273679b224b921ce90260d843326665dc2d2cb65128e9f00ef,0,0
4cf2dc3ac56f606029831e61f618b59d57748f9cbc7f79b4f8b392f261a5fc3d,0,0
4d00ef8b990a6e45bc0321ab9f315d1e150ca4320eae27e9e646627161044619,0,0
4d0f27318763fdf0c067ca43a7455df674434dcb0ebfc7b6991e7c71bc439cf7,0,0
4d1e99ad797b18099fda02c07adf50cfbe0d0594acd34db8b19e22561bc7420c,0,0
4d212396b02eb45984038397046ed3b392d20382440215aa662962c245ad2c65,0,0
4d24d304f66f576c51aae562754c20218259f8551698bbbab6ec5a4aba4af1c6,0,0
4d310cb2560735546494dd0f1a03eadfe63e4c51517c1cec12b9b881211b0ece,0,0
4d405aa5ebf3c3bbb4ce4584a7844e779b883be88e87129eb6bc918e1a78ce8b,0,0
4d4666b116fac829263e757edaff2d219987ecb911dbfca607d6aba7dbbafa53,0,0
4d54e5ba4206aacb2d4dd55c55c617a86a0cc63dc3d28cb58363ecc72e25acbf,0,0
4d5fb48e4bb4fd187f95430745f3dac0cd7cfaf136a3f3ce26f0e31008f2e6c0,0,0
4d6d28e66fabfef56ffc2ea364f38f5d64e9b32e9caeb76861e811c3807421ae,0,0
4d743bf62d35d35a58d2925b591e082923d4f3a8144f7fa45cf857dc456aa5d3,0,0
4d788029e2ebbfaaf2fa6955af6fd5b112b14c1f78f6466945381068924183e5,0,0
4d7aaa7e9b3babbf49fa727436e0494b61ff496491f1e63de48c172e2b2918bb,0,0
4d873783172303139c856c0a408ff627c0ca047677de274e0dbba7a8f2bf2692,0,0
4d990b4b214a250efe4915d926473f49611a70400063e561de5a43242c87a613,0,0
4d9ab487c930ee3b45c3aacb4f1d4632cf6e0c69e8972e4d01feaaecdca8f36b,0,0
4dac0fb5d17f952d1f36af27741864e22c6bc1562956331fc35491201a2a4ef4,0,0
4db2237416b9bc91d64d357221d522bb1982d74ee51cfb81e02bb59d7f9a4c7b,0,0
4db3ddc1a853e5ed085c0485a97153893823678b30d551ebf02182450fabb893,0,0
4dc41e2dc3db4480043088a9cb85e75dafc124d0e28477aa1979f72628b679bf,0,0
4dc60725de074806ede4a3c30d3c214b07b195078907a6e7ea9a0ecc5d6537e3,1,3
4dcf19294d8dfc5369973092700de9a35e95fc85761b91046f29a43b2f5bfd9b,0,0
4dd2622c90e1e1b17e8d8de705978d4c45ae19f1ca090793ff2365a8084e5248,0,0
4dd6e6789ed00e54ec95938891dcacb1275eb277df4293eac0e7e0317d9ecfe2,0,0
4dd73727ade1cfe308c147f860817ec56dfef517b9a7186d4aecdbb50129e81c,0,0
4dde11684ef440a555165a913fc799b2c833f7592dd5530b049af18c67c697ca,0,0
4de46a7eaffed5411da3dedecebbe7f5b112ce198f63c85bfa8c5dc183963758,0,0
4df35a58d115c4953b062b3e7bde963a0404307f5b17231426abe1f817730a06,0,0
4df37f68097cafb105514bbd5b681a5deeea3e0b5cf745fbdd007e3d4affa259,0,0
4df92ba5902dc10dec1fc4cbe1efba1fd98ae8072721518181ab1160b4d32fb5,0,0
4dfa624166420bf906a45a5bd3bbf20e9a794d12e891e0eef4ab997a5d9e1ba1,0,0
4e0c126338a2df320f4a9f648365387cff0b6d77a5d16ff7e71c6f422d665cda,0,0
4e1001952acc2f34eb0dc62bde17ef0fa7d3fba7837497f7017f98b446633219,0,0
4e17bbba73751f5971210b7b348359c23f0b4ad799e7809be71bd261bcbabb80,0,0
4e210fd625708a75f98d4dd14b34fbd80ea4e6b9b521f26f50c99e175d7a3334,0,0
4e2159856591615b029a4dd861cfbd12f8d22b60be9ed36a3314bbfdcd9693b3,0,0
4e3a247d8c26960a4977ad35d8fd2203416b7e67e29ac0ce89cc368db6dc6d79,0,0
4e3d515ed0f7795452756d4c2af40870c98cf43c2a587f7f89df2ee5aa2dcf65,0,0
4e435f6899b18d8e17b704d98d2566f17b87d73d7777094ed0de8175e973c096,0,0
4e44fabf489c3897851baf06a79a8b986470491978411c9f638a6ddb2c190100,0,0
4e4e3fb07f53dd7492c460b811f6c18e36af9c9f6a077207d3a98c2a2fbd7b08,0,0
4e563b0bf627118cd4d0cc30b9c64449116f6d4efbc1e1fa1d31f33130243a20,0,0
4e5a305521b26f781d9790e7e1fdf49e79dbdf13970fefcb4943c0ed50bd9c22,0,0
4e635fed2ac52d8bd7e289f2b1e4fd9ace300bceb4bf01d502716fbf1bfe6aea,0,0
4e646c25cfd0d6b073a73e5b6c8d3a61854a68c1f6d74e9329324443eebd6ec5,0,0
4e81ff3ef55653b6f3ee9a194d17e11c2c604e7453129717b3ca2554e56a0d09,0,0
4e8b713196f983a47fd40b5da4a942b3c2ceba7d902050ed3d97b228e22fcc4a,1,3
4e9438ce7ff30a2d99f20e880d6f3df22d72738e873eaf2f18027f15c69d6c21,0,0
4e94d3e8240af2e2419e9a3070459ea9f277f24b1b5ae74cf86a1da3048f2de3,0,0
4ea6e7839715b7f7d0d298d2b39f593e1d39dd3503a3fc228ccc29ccebb26450,0,0
4ea995b19a708b2c9387d2251a4fa8437f38bed3e99d6ff2fea02d24ed9d1d20,0,0
4eab8115ad829666e47d1fe090d5dc8113eecb70e21cb11627fd0c2e917e7f96,0,0
4eacf64354b9062aac5949d9d9e7aa280abec5baf238da2fa8612a93bea12f11,0,0
4ead0118ce0c0cd099fc45d0553b2b3d66aa77cb5b597b2454a385b86047cb45,0,0
4eb4a6d0656e61cea6eea6aaec4947af0397a7764b62cfaf635673476611a81a,0,0
4eb635b71affa456ec9873e87cda0e3d25fe364d85973a0c0c01dfa4e22a3c69,0,0
4ebe67368765ad87aae2d75064277a60e8125f60a0796a59c81330d75e103909,0,0
4ec45ef935bc54d00380ea7fab79a91f410c9021664ad73e583d14ddca89361e,0,0
4ec629d6c0db2f3e8b96c0230db0406e62a1b12e2609cb8043b0a16c1a22d024,0,0
4ecb9aaf57251ec234e2b33a9078a6429688d417b4c1d543de880c3daa3c7c24,0,0
4ed3495930cd76325e534650cc9c8ceea5ca4174723d5ebecce77f1fc3ddb5d1,0,0
4ee3fafc96c39efad27fb669023aab888a1a8f3441331dbbf7792305abd14be0,0,0
4f0a810853c0ade3d618fe92df29ed02d0f9b728e48f924313258ad5fda200f2,0,0
4f164b7058f1085db074bdc38961fb81b92abb8859653515ea99d6a2aac5593f,0,0
4f178b47176f87c02369d5b066172e68d5c93808335d68303fb3fa1b7fc97ec6,0,0
4f1db01e9fa2e27d846e36300bf36192fd8f00526afd7f02992ade1bf4ecf593,0,0
4f240615a3c5bfb177de4097652e87d75a251fb4c99785e9ab3d59c0c6a737c1,0,0
4f378da35bd4137504692ac5f8c50e899c73ad670171706d00538b0478eb9d61,0,0
4f38d9f0ae1c12069889caf1db6255785e0aea6d33ecd9b892ab1cc7bfb0e0c9,0,0
4f3b6e37ded285d28a14ea37df78e38afc5e855146de3f04b9cfae309ed530ab,0,0
4f41af0ab066d8a1e0cae95551caf402541c202e34a0392cc9de0ddfdc0261e9,0,0
4f439e5667c6c08b7c400b27b44c08766b9fcdd2a8948558506c4038a0211790,0,0
4f50e7d13e0585d2430661f6e42ebb2506ddb560aa58352542d4ecc1d9ca045e,0,0
4f5562aa3090aa761391bb476cfa23052d231f81c417b37ffc619e6770c70ebb,0,0
4f5a548c35ce5cc54c98982d137c3c56199082d79720d06a19256028cfdebc38,0,0
4f651c1b224433a19e1522bf037a6105a3ab8c985a1a0ec63456864e1c9e7bf4,0,0
4f760d93a203f93ce30d698704b894ccb0ccc1b312459686d13a76f1a3144262,0,0
4f7833eb1a33fb809e5c4cb5fc759be5cda54c7cbfdc32fe8c70d564b9583752,0,0
4f842219d868cd746ccf068e63904fb9420720dfe85d9c8b09117fb5f94315ad,0,0
4f8d5644f97e4182047746da3721a0800a6ff812424a7dd722f8f450e750728d,0,0
4f9a6b3a278b3045afabd1dfa73920d1d5aa91c2ad3a496352e6ff1ba7570350,0,0
4f9eaaff0330d5c332635c5e3145bd0c30bf97a7da570b8a16d4b3e32c61c95d,0,0
4fa039d7a33acfcfbad71a6fd6723ed6a6f41e25ebb7e0831b75955520cb0cb8,0,0
4fb743f34295879d7759266d611a64bd07a48a278b63b49436f55da0651026c0,0,0
4fbbe6f69624e099040271f5d7cd123ca4b607989e16fd6083fd3191c7a0f21a,0,0
4fd3258900e684367e7b217c3291fdf358e2579149cf5fa2bf135e1e286dda64,0,0
4fdbad7afd29c800173f8274a85b61e3fa1f6c2eb2d4ce59bea0512b24c3a9f1,0,0
4fe07220f4e270452e97f2eeafe11a07ca7258988a3c2ed60ac013cf3be1efe8,0,0
4fe97b3a27bd9f79e5d099ae6cf3ddd3889363c8b3405c4682e3277ba713446e,0,0
4ff7c0fb64b01d4c7d0e14cf8078515db63aadde90197bf4327230b93e83f58a,0,0
4ffc871e46685e1191cd13518cdc45a8802ae9785359a996cc1e8622d6936a22,0,0
4ffde0ec391aefd51dc6d72eeb7a139a4017c7fedd5d7ce95fffe8638ef227a5,0,0
500a847fff92ce5c07ac9c17cfe20e1ed4d6c4394bf673c5d5a142a7d387689b,0,0
500dcaa4cd43a3089820fa11b9c0a83edd371ef03f7461dcd53f1bf21fda9577,0,0
5025019824773a83896579fe1f9c6f3700d6c19d2ba19e97fdb3344b059750b9,0,0
5025a67731dc5eec3d8b465460e9a1cb11372762aea33c1c687ae059f0482137,0,0
50288303fae379d8623f9c4ba57be94352fc4d7e114ac5fdb1a009fc25b0d843,0,0
503f164ba79eb89ba8e09fe091ae2fd9df9e086a4ccc81e82ce3ebe2be6bde02,0,0
504fc054882d681902c76bf209046c25fe6d825fb4bfea00c67110256e013294,0,0
506086423cd62f36822e27941b3f28cc82499d8f78f030c23322b4f814451989,0,0
5069d4ef6428b7b27fabfc4d4ef5dabb9b5c07f518ab3497d9b79dc8d3029c0f,0,0
5070d2f85710238858ba3e7fe4eb1237544ec1256e9c30bea16d3c72efe63379,0,0
50743cf53c5961bf171fd2c17f766d6e73ad1ad89092d8221ec21b28293d076b,0,0
507bcc587a03f921131f93cbd24787ba3a58c02132a0228f2e8d6028d6657a5b,0,0
508c8f3f6c14eea4f3f3518514cd2131382f664f316bd85374f489f30ee49c0c,0,0
5099c362e64228d9659a01715582356e4ca18fd55577d9b7df0c62e0a6693e29,0,0
509c804fe383a0266cbaff316a2e69c788748b1f4a648a368da287e809d27290,0,0
50b62d1471112430f8d1f6303a74363d5edefcee11d0f8ade0fbf4f578f6a997,0,0
50bd78c12e631d91f62ee4c8414ef7905911fc0f6a0dfa19b62dcc5a9b4589d4,0,0
50c62733d156aaa50b83d8214826738f087ed19e1a593df385c7b2648d15cdb6,0,0
50c66df9083c471e07e6742a1453bd512687343554ac3c5aa6d63e26d8b5e084,0,0
50c720655c9af421f084605f657b4423983868f77d25d18519931eeb3f1d38bd,0,0
50ef55e1c476694019eef59ce6a70b913e8d4e98b979b89cf420a4bc841c5c14,0,0
50f5763dfa72efad3c1e191de23f3162a81404bcbd1c4f688d8f530b61eda9bc,0,0
50fa6f017cd95f85f624439aafecde6449b4b44926e49bff2b6653137073c3a0,0,0
5113e8c032484a1eac9ac79174f6398f533da0b5c751bfe58ccdc82f8075e245,0,0
5114eb553e5cd0dfe018ced41833e034d5d073b974c66825c9e6689fc0395bb9,0,0
511686b2ec0e4f3766b9d558a7cb9a163dd0202cea0af09ef48d1034f42e5d72,0,0
5116fe36c6610ac7168fcd207ea84c5c0cef138d56441ba93f0ce650e985d547,0,0
5126001c8e1b326f1b1d725ce41365f37e8a0bcbea0758e49b22de08037d88d6,0,0
5129432836ade68e1e824c1364793624990a04814813933b123332190b44cbd1,0,0
513779108f1052806c23d43f60f8a719aeae7cf1489ecd67864e05b4f0691ffb,0,0
513af9a5e3ba0f424864db18669a3977a01a9d53dc557378a982693d1c9a1bf7,0,0
514364999eb8c8c77091421ae758ca911210fba737a7116bbc2952bfc09b3f7a,0,0
5146a068a0006001d482eec55da88509810d3cef2dd33875b389e5675d2c94ef,0,0
514b7dbb9cdb8a78e2ae18064e93900491289a617a514b993a3963c43621ba3a,0,0
514e5be75a10c32d5758288ecfa3f868c2f244a08e416a1b0a8808c1482081da,0,0
51501338f9f1c37d0875700263008ca775e63cb85a8531806e35bc26ad577de6,0,0
5150c94f1085624c94babb4c1f17ac7e9c105f5bd4e39bbdf228632b05a390d3,0,0
51533549ca8392f13ab288b00c5569d13a0623dadd6e4fdb2064743546357325,0,0
5153e06c0d01de9ff6af23198e80cb79fce1353b83f704b8aafdad7180e5e6c1,0,0
515571c91dfbe5b0705c40890c668e0939f0f850f9ac9bab6c444b867f5ef794,0,0
515c9ff3d31b649c43782f2b0a8285f246fd8409c7ea8d2eb04ad08ffdc421ec,0,0
516e6f93f4301b6f287230df06b1fd7d024f61d95e82bfdf62021471885c309a,0,0
517d71ec330e4001d1e567a0602524a28b8f9a460c5bd37971dd880b9376e35d,0,0
5186b29079e7468c3974b0d01ba77230ba29a2b3cf3e5947532ad18f6d91d786,0,0
5186dea2e3fcbded2fee8d31c6dcf116f32a028d3c4a0fac877ac340ea5060ce,0,0
51873be56f70b5d61e628297001291c11f69ac727a06bdf395b7c44ba2cb4dd2,0,0
518b1642143dc07d629c9159835419b786c46c79e6a0fb04846403bee5033219,0,0
518cb5c9d9b38d6c16b64fad91e569c2a63f63a181a1c2eceb3ea6ce7b813077,0,0
51903cd47ea3e406a9fde7ebb391732c1d43eff55deb696d8a7befe4aa2c031e,0,0
519849701bac99bf7c3a9f7f12ed55bfa3cc489fcfaff541f415b768ac0109db,0,0
519896b708084b63ab43f247136ac7958c0e9512398b29dccf305465aa2829b8,0,0
5199c50c99efb74d9ac59a5f2238eb773621f6d159dcd1bacde01d09b3632c5b,0,0
519d735d933e71509d8f8074dc8df73e672707aaed7f8745b8d4325917996ecd,0,0
51a669f69f559a1038df0300b0bcd43c1c25103ec5528a095642c239849454c8,0,0
51a6ce31ac91f2e5c3e7a587185c8f3126ba6028ec52dada12437e49c72d6e51,0,0
51ac62900a0789fb85f41a919145bcff6b89dcf67ade551df0bd1a4e345814b6,0,0
51acb994f38431b4de01e0f5377e4cc0a903e50c0b6505490b948936d325ecab,0,0
51ada545efd241ea9bb178ebb538b0895ae4c092e04ebf48a3b552f03d2c621c,0,0
51af49b39111c9f51ed7d454ee0aa31f3f280be0d910ffcd33977d05e3faf937,0,0
51b67e441e428f3bdfb28a7fcdda13a8b14a397e718f92ac069edf6ed0b5d916,0,0
51c6bbb306c83919d5af8f52458921a8cbff4fc5901798e56185118a0588d0ff,0,0
51cf98a216d67d370bc65307143e9e5357d9cbb9d1413dae9756012707211349,0,0
51d3dafd0ee6c846042c2ee3e40f66ac201bdef8349e3185bf1fbf3501c4638b,0,0
51da21ab7a8d31a460319cc67115b343708ef1d89abb86535534fe5a6bcc4702,0,0
51daa0a0d62e97b6a1710e503965720b21307262a338c65512bcceb2268f4651,0,0
51dae8cca748930ef45254a1516bf1e5f864f54b696636b44896cefaca674be3,0,0
51def305d5286f6f0c7e7978e7e399aa5d9d1d5b221e10b5c1c857abb9c25acd,0,0
51e75925eff66012041c9a1feb0a8022085bbc70199902773791ec3cd1d3d6bc,0,0
51f4011d468626b736a3730a88c6d9945840d9a2a0d7610b8381ab7384ec1de3,0,0
51feb45306a7c63af3fdb4c32842288e97179b92fc4a6df4df57151dd120e950,0,0
5208f5c810a552e217e9f0a3284abd88dfd01ebdd6c2457f6158c8f13000f8d5,0,0
5216f1a3d6a9ff62d6e56207c32f62d697af7bff1ee99da98b66e6d03bf42850,0,0
5219e4d632274957d1f4fac36037c440e5ab1b5e6b4735801d2b2c65d0c05698,0,0
521f763e43375db5a27f2d9770b8ce8e3131519ecafd8ee4a4917f5937995ffe,0,0
522545449d0765d63cf90f577790b4f9cae21e3695acf1e6becf32e7c696b9e9,0,0
52405ae344803c6b01035c08b4860ac1d4eb7ca4cab585e6fea3176d359aaceb,0,0
524f3597742be10c37d789940705e465fd64045ef00156c6694caa666f8bd4e5,0,0
5252b30b77923973be275a0b27860d0ab95cc83be3c0cae683a78deaed8644fa,0,0
5253b1858982aff94a2d560d058cd8ec5d15b72e1b00b420d394147cca939b54,0,0
5254e32280e7f0a40ce256b91efab5fd58423ae0fd1e8feff42f3b495aa9ab0c,0,0
525b57204bbcd909d5395c5da41e6751fb05da1cd94e72c78d9efedb0c52bbde,0,0
5266f139d10db7ea40aa24c84d13cbcac7531196c6f33a1b0fa7ddbd025279bc,0,0
5267dc82f30ef1f540e760443a8bf2d9469a1305c70ddefcaa384698f6a1cbe8,0,0
5286724bf3d5af377bbe1380f5b846dee9d43c9bd95c905ba12888bf29fe5653,0,0
528ffbcd4f2a6d7d5d89a1980ef719285fb3ea6b3fde1b20335dd7b36a0975b9,0,0
52a61bc42d0d2d269de87699303e318e442b74cab02afac25dcb624b49ae0643,0,0
52b46de636f80709ed1ea3b25c03fd2cd8648201e95076ab2ae4c3b0e47fbd46,0,0
52cc9bce508fcb57346d41e4d8c2f90cb15b3d8774961d0071623ccd845c3b8b,0,0
52d2347d15c7bed7fed92260263c52905008253219e077e63766302ea2489e60,0,0
52deebe240293e897772a62ba2ef7a65fa631e4a156ed54d241866ff652a7399,0,0
52e4f95f377e3d6206dacacb638ebd23553fb52830b18ac63830dd794a2e6e44,0,0
52e960b6ad97a976d97deb0d29141df0d8c7fec6b598487f7678bb9037a8a128,0,0
5307fcca88ec3d21a1ea1093304b3f1d03834ab6afd9abcea43e1bb3b7f70021,0,0
530b27f70e77f0a31b3091f5f3a0fb977f507a3f4582de8c2455b6d6b0970eb3,0,0
531a0171fa7cbd2bda846ec1419e705bd2e405975b58a25d3e03f9b934e4177b,0,0
531cb9f8c7a34a8c4e6558bc0e3d848daf031c7f1a33f63b5bd78f5febafb07b,0,0
53338bcce57a408976b7fcef60d070cc5b1eb7f98dc309c3b03c9869ce38cdbc,0,0
533a9263f567b23353329d97e4f7dc5810c2a24ec77521643486997a3c077dfc,0,0
53406773289d4f3fe98dab2c32fdc16cc0b213acbe222b118e457b1c9ae7afa7,0,0
5347508a89a0feaf235e38c4e3c9fac551351ba8514538e635445bd68af05ee9,0,0
5347e968c2c610b9581ac0384a9c0e1ed1eec5096dce0ed9cb53e7b32d27b196,0,0
53663c239833ab979f1929f9027611d4edbd68d4d101a42942ab2405f2f7d05b,0,0
53697c6b6073a7e901917dc3e37412c3900307ebae8cc778c272161173698b53,0,0
536d6609710ffcf63d49cf56aee19eb1f1b370496395b8269b268b17199179f8,0,0
5372a450e4f90bd0ea615352c2d421072c2102f8039849ba11ae0a429b9f2b21,0,0
5375964fb63a2d85ad70521f77f3bf32d197cc3c3047e523c2b15667fc9ceac4,0,0
537792c2d3b855aec67b2ef3902d26253efe9d3a3640fe035b0db96d00c4f8a7,0,0
5378b26c4dfee6f483c755b75dc049b86bbb5be7416db0a0d4ee481297d08907,0,0
5393612cd2b0eead4d51df3d9e2e0bda3c5dd07865d685a77cf0d3729c7a1a54,0,0
53982cf52ef2f040b0d0a2e396d23293ac7e36a3b242e21c663067f6ce86be99,0,0
539f925c1bb0756b0ba7ba226defa1d9265d4b227f094187ef2981349f2ee016,0,0
53a489413a78dd4a88de6deac9864b5cebc6f0f3ee723e960bb3a5e01a85df30,0,0
53b92fa3a44962b79f694f7f8ef46d42526662a395e8c87d40ca39eeb1f4836a,0,0
53c40ba284eeb508805d0287ab6639c93e31f4b5754ea85421117f2ec96598de,0,0
53ced42d5899e1aa3c806673d30fc9c9edc6dfb2baf5a5ae008495565b1b0657,1,3
53d0b95ec46e18307961109dadd3c9ce5aed1d761192950cdbcb5e55117680e1,0,0
53d1342a51f0a2e670f77354ad2183f1be15b027adc7f137a9299be0f8ac8312,0,0
53d5bcafa9af4e43ffc327cc793df1c490201aaa74341dd4d30743d2908acfbf,0,0
53dcda3d78fbb8eb6d482bcb709884d2c780970fbfe00bbf2025e11fd066b4fa,0,0
53e1f1ce60bc7a49b6991ac1bc9fbb3509bcd95f0ff45f22999bb125abf6c785,0,0
53f0ebc79b1ab1c3453819337da0828dca81d3345cc0dd96dd093fef1e2394e9,0,0
53f2cc18676a24865be8f1b17d1b129d11abe87c3ec69740312a7abb4cc01b9c,0,0
540763c102b9001554d61b47a45d997f3c9b68c6b1ff9f8c0914b31f96f2d565,0,0
540aa0b98f17bf5f26d28df4ae7087a42c0199cefdeff58f01da87a1d9e65d83,0,0
542c7742fc3420abb8a1cb4dae63d4517f3b2953ec22efa001f23deafd6d432d,0,0
542e130f4eb033f54be818fa80a03233cbc879dc94d4b52025d2751e751bb3ec,0,0
5436e10036ad820d50d495f3786345c5ee150f747fda1638053fff6001432a5a,0,0
54497669c82185ef4893dae72eac65a3dfa06f712f8d9a1e1a55d6e63edf46fa,0,0
544ccdfb5840fcd80a2081e8db53b24f89164504a32b10582b2b6d42338de3b5,0,0
54514914a581b7095a9d69cfdcbf7dc30d5ddd06c7a601b7fa98255fb7c8fe39,1,3
545a8248cb3a8a179b39da65c6c656e81cb8ae79760b13d1bba419e47c5fe39b,0,0
546023e2e0819e77534ac21ae9d1ac7c2da3298926dd047b8869f178c876bd6f,0,0
547a5d8375214242f3665c911af15b555803509bad224c59dff4222dd39f0a61,0,0
54872e01e5a637989460b2391ef29c201f0bba2a0742f83279669bce67682311,0,0
54906cb65377c77340248fb20ecd7a65dc885da74a4cc1c33348056313262182,0,0
5490b641dd0fd0a3991fb11ca31756494ab6698f071e9c4b57a817e075df376a,0,0
54958b279982dfd58aaca335de313fc07c2145f05d1459305364d8792c0b603f,0,0
549ac853edd46fca4d1d8335a7934b513573fa30fd9a6ab0c605bfae5f85c854,0,0
54b0dbedb63a1af22ddb37c93bbabdac9d5041ba0485a259dbd248115a5efdb3,0,0
54b60c3c68d0aeac4fde22f60dcc938a2bdcbaf5028d17300780f50e8a6f4b1d,0,0
54bb09e5fe3ad8bd6a9fda50da3814acb3bc6900327de331d570f9926e42fa15,0,0
54c5418e004720270cb10b3e187603afcf992729fccc1b34f3ef774ed99ccda0,0,0
54cde6aa2bd1d3d3aa3a96bff903699a7f4e5bf816b164f123ffc7078aed9161,0,0
54ce504e2a5fcdf9d52d863ecdbace4891c1ef45a82e1edd9ebf4d72b1bbd6ec,0,0
54cfb287eb8b13cb64da63d37de7616bae82a53cc0b582d38ce6b273215bc902,0,0
54d3fb03f576a25252ac84d44a77914e5efb67b758b56ad5a5d135795e7d510e,0,0
54d49e133f2f67db5f1ae955332cb063310dcb871781489a68847b8604285b2a,0,0
54d78a0ecfc28853f0ed3e87a2fc61e96af8185c9d2870de67d89c87b972e8d3,0,0
54d920b0289ebf34807d701969d3114254a9cd474f718f091f3e2481cb32c5be,0,0
54dc1daacd83956b9979009775d33ad8da13d70e5b83a4e346bb4b338dd22fe3,0,0
54dea2f32772f82a6ce376ae2d9a701cc940c232b88ddd47c890b2ba0abb6e23,0,0
54dfda707391023d853aa7b001599826195571f073496358a023f712c8fa14de,0,0
54edb769fef633c8cfba5a761f1fac14a1a393fbcf51cdb1f2ea99a6e2fc9026,0,0
54f9b4d26817e2c945a0d57a5c2cf22016bcae6443163ac8dcffcf3e6371ce37,0,0
55011cda95ae0d922ea4513a8ca270683cf6606422884097a4b232acf1e6f08f,0,0
550abbce25181cd91b8296bd760d9ea97e6a4a595ca4cd702877000d063e867b,0,0
55100fe71c2af92afcf8f0b784ac5c0bf169a377b29d37535cbb9e9b0108f923,0,0
55137789b9107f8a0a7a19d4ac911360f36a3b78667e2b87a892636585562325,0,0
551503b07794e433c5d1dcd8ba1256d1f8aea023481623618e0c1c6d8efd7b4b,0,0
551a28eef58e3cf120ff3e41d57f8710da9b32a4ce3c8f6a3017756626ac36b6,0,0
551b5b8c6fb18532a2b7f438bb795c5676d636d7270ccc592238f0d32194df30,0,0
552b77cb5d2f5edac7198ed295fee21622c827da933a343d2e99295c0de7601d,0,0
553813110bdaeab636224ac48b827ae502706c10efac5657c9ae587b35988d0a,0,0
55384e438eeb5ab1545d74614a2a79ff5e78e1ff26611fcf7578e18396552a0c,0,0
553a8f760e4d996379c9904c997ee5c4c2c0d1da10c9522db8cddcf9d60002fc,0,0
553cf6a0cac89eb0733d516badd5bf3a38881f918976114e0ecb3e404c953e64,0,0
553e1e3fec3e5887ea5e81d0bd04c96dfcb95d5b317cb355c39575857b616600,0,0
554cdabb05fe1bff80a86500d3e9075fad94dac129dc8a3cf6efae45ea3bfb24,0,0
554f57566fcc61f47f1b150a45fcd6b3d5874abb8e84657e982cf5fdddd9dbd5,0,0
555e324c98c170a0f319f6f0b73d66fe29d299e905a1cbde6320bdde95b2a2cd,0,0
555fd8b8fe0a1aaac86353e2949556865bb839228a143c93578bd8c1c36f4948,0,0
556d2b19228899b952f047edd2dfafedc72e83c8cb425cb0cf9816ec3db00ac4,0,0
55745f226207306743cfb8ce5e6c7938a8700d6759596003f7d3923ebf02f7f8,0,0
5586827a2fbb460453221c5711f26ed0faaa63a4f75e43303d5569c2c2d9c7a2,0,0
55909ba3e18f1f7bbd0ef87ecbe0e1b644d571f1d047a14bfaae1fb84d137a7d,0,0
55997aa778dac2909acf18e9fe55e1318c56120d2a9ce895170ffed5708b6b2f,0,0
559f5994496c66557313efb65327bc1fca27e1690d319e55091227fce10b7523,0,0
55a2daea46fb2207651ab1e3367f98290418e1ce48031c8449479ac1aa8dc8fa,0,0
55a5b6cf8e15fc5250fe65d522e5bd58157d9444c622683034ca4b874c071859,0,0
55a5c54886093c71b6dae6454b17e58192a1ed5b1d4ee4172ff06b7fcbf91cc4,0,0
55abb77575f8761621cd92c808e9683b5f4b4603f0b04bc73d7caa5e6497b703,0,0
55b22daeb66ed8a18825cd65d627118f19b8b58a2c6713382c6f96cd3fa7dc47,0,0
55c34bbc477b36d6d82cbbc4c9eca893cbb61c0b65b75f34cce4a9be0d56b138,0,0
55c5709e330963594ae127880568d939287021d57393b1a7e56d2a94e0a77a00,0,0
55dbe6ab7849c03f4bee2898c85916ed3bc962c9c122ee5790663d5d561c0fe5,0,0
55e053662c30d481044524f7686bf149a6ffe9d57219b03b62c2a277f91aa16b,0,0
55ed962060a65b1cab8a70af95ead5e932fa573a9e37c604e9834748fe518356,0,0
55f2f834203b63dc6f35e6d084e6fd8e1e592af412277e23026b5e622d42fc20,0,0
55fc802b633db5b1f7b24c4175ed4855ef206235071caf54abcf46e9a8b8545d,0,0
560aa631fd13e7cdfa40699376a76ad7d1a0c5ca199f23f7696de475d3beace2,0,0
561e61f5c48e61ff64e7360ed422ddc05dd107b869c9047507f50c1afdadd76a,0,0
56217a16ee73ab1e0217afe646596794e4b7a2b5b3d8925eb285d85935527a03,0,0
5625561e0ed86bf45f979ebcf3cc4c70039f745718dd40706d680da31c024e22,0,0
5625aec1698a95191b1ae4d98c8a3160ad6a85dd7b4a935150cda43e0e3afd20,1,2
565513f5b94d8f7acd5d7816ae846ea0469b3ca1318d69ac193204edced68ad6,0,0
565ab534ce88b251cf87589905eadc99dea0551a309b92b62257c51fbbe70c38,0,0
566021c0b3ca5d948165eadb68a79f651e842eb5ff294dd241e530b67e2419b9,0,0
5669319b2ae62856006b94648512c510d5f712ee49d2825dffeb3c05e209a949,0,0
566c87c546346e27143d86ea0c003320c61b849af408e72f677e3198cc922112,0,0
567c4e219fba89596b14c5c1a65e2da93954cbeef37e2dea75bda8584490338c,0,0
5683d90dba04a84b781b23fd4bc2d9d463df46d95acbfaf9dc53d10738306b12,0,0
56860fd7f226dada4c2d56bc029afc05c9966e7771a35159eff1a6be2d44205a,0,0
56924e119ef3c6c955dbdc3210b3e63dc118332afb7286196d3fe9f31f9d157f,0,0
569896319518306dfb402fa6aa84a7cae0bc84de4d94ea1e4bfedb32ceb91011,0,0
56b02751976c3713375a1f21795029c1d3cc178d69ed9b6f275ee628126e94b9,0,0
56ca57895d911d34e5b067aa12cef127cc3e0181b6393a9fe0ac979b46dff298,0,0
56d64ea6fc2e8aaa28dd4a9682e48f34d9de32581d586453245c7bb6f4b5ead6,0,0
56d9e8652df4679a188cadf41cda60b8e3edbdc1ec716cc09d666eb3f3bb8071,0,0
56eb8fd7fede69f385d2f2f7d69e04421f239eb27c5f52c9293074151686ee0e,0,0
56f23c267835b14b13686f2d6febff29c90c82e730541dfb53b406fb6337235f,0,0
56f55d7287ee9c81e1094273a61a3d4ef8cb441895afa6a50f7d7e2d7f8fbd39,0,0
56f719113bd836647206032609607c291809441b5e5b1b588059c40ebc45ed4d,1,1
56f85d7f6e196e97b9a0bbd9cbefa3653d092aa430c60d833bfc18774dcd3a96,0,0
5702b0ecb1693a23b9194535d80cefd4fa1af80c4338f34a615bf9b2f6050ba6,0,0
570409c42132eb9baed97bc0cc53fd34c00c501cab6e17a9f52d904c6a2c981b,0,0
5707afe755b781631ce9a19f6f111bb025d9b03c18d5d36ea3ab52a59e0b7f85,0,0
570c896c0fa6825a7fa3bf056eadea3f479f547a7111709ac77f5316ca61e0f9,0,0
5727cd26bdcf53ccd9cf230e2b99cbc3af8119779a57210968349c421902ad42,0,0
57341c5544f48663764f5eb649c5baf58bf0f30d0d3eda0325fa107517c0b58e,0,0
5744685336fccda61280f0fd948895e4fa09f17b3eb72220bbf577f407713f56,0,0
574fed02d14cdf3e0ccacf5ca5297889b15661350e845a8c24657a7bd2d71fb1,0,0
575867dfacf8bcb38c3ee2c16e8578d27c650dbaf47bcfe13407727b6d8accc6,0,0
575870044fb6d48ced70a35ecfe6ff65be076483b4307a0810be3fe10b35017f,0,0
575d7199a4742e29d525cc3fe46fa8aa70295f8407d40ed339710060d4efb593,0,0
5761740d7b9602b182373fc0bcc8eee6a32f8a3698ab132ec3683087959c6ddf,0,0
576fef1b3fea10d9351fc155fc112aebe00e2bf69ab1826cf25348479e1a70b2,0,0
577562cc1ef12e9914b730224f49851b75837f75bfbe6c0256f8a262590b875e,0,0
578313c2a64a52718b551488c62d00020fca6cfecde522038fec1d6db2547425,0,0
578a4fb025f4284c9627c90efda18249842bc302b2ea3448cf97e0a7b58a0f0a,0,0
579482327a64efbf2e9d0407440bac6ea68c75e4cdd4967402a8fb71158f862b,0,0
57989e91a956d363b6a8282e6e7a22ecb021a7973c0eae66f7706186ba77e761,0,0
579e87cbbb7462995fdc2ae1bf6bf1d6839ea9484fedcdc3589b3782cc4a0564,0,0
57a671518e6f17183beaaf9fa1ab82f5ea3427e1508945b178c2d4e13b411fe1,0,0
57aece0c02a2cc4bd274a6eeadfd118c3699b7c6b8fee7dc386952469345e243,0,0
57b1f830948234ec7009d4d527768d462f2cb2efeb7b10692d654535403ef48f,0,0
57b26c618d578aaf3463de77e13ed65e03a9e3543a71956c12e667f9cb678d0a,0,0
57b38917a2fd0b716a338f4d994ca868d77d59c07c013daac199b7bd18f69d44,0,0
57bcb0968fdc1603d597326ab186455ff522cea25d8b59a1f731f9479e5d8831,0,0
57bf5d3e0fe8e90a08df6168cb0cf2ebd7eea52414b707db5dea9da0b32bd74e,0,0
57c417de4e443b339f6af158aa91e117671be0bfa497c5d46926f6206c23468a,0,0
57e5b209161083a72517b10533b9f9367e51dd2989fead149ccc52c26ed98426,0,0
57f0ea7a64801b3b6f3cd694c7d0f98ebb4299a3910c5103b94a28aba1391def,0,0
57f7260e6ea39613f8a4447ce2c9395f279da90f9f6f83585b4d5ee211365dcc,0,0
57faaa8f03bfcdc97126a1d2f13a1b54eae18934e73ba495363c6d2830aa6455,0,0
580efdf59aba311fc0a6209a7312d041a12dc91ce82a8df4a52a165c6b0e5f03,0,0
58182cff93eef049be143d10653a063ea3f45297a2be323b541be969e91a61c3,0,0
5825f3808181f5d3919cecc9aa23f87b531792061f01349a022bb9bbd081edfc,0,0
583578297e7aaba03d3b07b382f83ed7c89a5465ab569d69fd3498a1899b010e,0,0
5837a35b137291018bdf0bd8d622dc52bb68feae982add21fb25ad77118fa752,0,0
584c7f2fb3ed6f70e21e934c9a2f1d47f4ee59ae17fa2d88793d62bf2f024dd4,0,0
5858cdab576a60c4d4aaa0a07aad6c3b8a4ebb5718c942089b7a8bb8b7db0df6,0,0
585ea1fb463e5e8757b7b5fdd0c5e936f490a263067555fbba283788582c5a97,0,0
5876b5bacfb8dd5cdf5d256435ea97c518063abffe8c5987b13b8681718e5d4b,0,0
58786c4bd95979568083171a1e52a663b784c917695721a91efabaadfe3cd04f,0,0
587987674c883a6d6cf772c2082cdf571ca3104951cddc7ccd567f8ef725e110,0,0
588c8f9e70551b82df9a1e36aaa7b52ef133ebc6639c29a9081b0c87de0d9718,0,0
5894aeacb01cd58d32230683962f4534c25d384c0899ffc854338dc29faf969a,0,0
58970f7468bed470a54a649148b2d66e5b1ed7e21fe05f06b9e19d7804bdf704,0,0
58989b6c1ef34ff7f707749749ac440a75bc39f0c4745b360b2a6ae2692c8154,0,0
5899b470338bb43c571e83bb3e3823f7477cd50b7995bb348f9f482b5bd3ac01,0,0
58aa6b68d9c3b4c57c4183e9da863581a4c75d34c2b0a020954d34c505bf3c1c,0,0
58aedc596f2b4bdff2d97ac9b64b99d6588a5d452cc84725c2d7c6aaf297aee7,0,0
58c79567e9163751a20d4ab50a849ee44c79ed8b53831b370ce3e6d0c27eb7d9,0,0
58d10c0c60a9ae6d8c1640697c054b0976750a8044aedb5818a8c5c31026e856,0,0
58d7e1860d7a46d966f5415808e9431e07c08da48e0ec386adf4847e41d72a71,0,0
58da68e83645dc36e01d46a39d70656d9819ca9ccab3be202430ef01c63c5f65,0,0
58e6497eadeb15982b00ca2d2b4e413e9e2288272b2afadad655daea19f299d5,0,0
58fd51ad55eab34b1d7b8052d165599975de1c6f4c92cf60e4f07665df269191,0,0
58fdf8635bfb81cb5e85817d1b813bbbfa5da82593ca826e49972ba59711b721,0,0
5906daaa71f9afcee05a7acd0ac379846d01a654d92df8fce16b5604f4e0600e,0,0
59102d4a1837750f9c56ce494f99656a809d556d2e60c961e6d04940cb444990,0,0
59145ee8c94ef0c3fed430362a181c9be9b4e627727d505fd9d6a67c90fd5474,0,0
59150fd4a50d83cb71069463aeb8fef4b4de3dfc3e21f494d74fcbf7221e255b,0,0
5916339cf859501b1b4f276476ae858c1e4d1f6be4f1979d8dc09a4cb88102fd,0,0
592719cc54312ec9763faea4ae1fc429c12e8103ffc703bc814b4db6638867e0,0,0
5931ac4dd9ce7bb37bb64610c078736336ba239ed6cc40fd4f86247802c362f7,0,0
59362807514db1b3e46441dc71b9008bf113e161bdff5d0e45771c6712471446,0,0
593e2d10b3e90095471b48750f4cebfde0b03bf38e7ae3edbdc6f8c2e617f6c8,0,0
5943f316e703d36711a45c90643934145a8f0d331c5fb858e90042bbcd8baf94,0,0
594511bf3e66ed88d4c40bc786de25736c5ae19185fbe3639c3706151abd87da,0,0
594950db8b5c19f62859ac453e30ecfc78a28d00637e1b120283ffce0501d812,0,0
5955c758f3a913088c853e8f67881e409586b72066da1862bd438673a64ff71f,0,0
5958ed3189d55260d933e3f13d795738f5fa74c9b09ad91c9d573564881d8fee,0,0
595b04578e95b4bb0a32c8e19fd2cb53a9b0267e6173713bd2a2fef9b7d722ae,0,0
595e6a0151a699789b152dc065331bd769f14777e8d4278db4c087d656fd7358,0,0
5964775603301211159911cacdfba57c2c840029516dc6d7c8df022588794f4f,0,0
597f501e1b3efec380e2bf06842615fc00015f859e7a301e13335c2dc971ff95,0,0
5993294822b81dc55f9ef15d8b6d1f61d4397e367878e90fe62079732e6a2471,0,0
59954625d4787723a1b5bfd4ef6f9de139d2cc3c094a25b8c481250cb1650f68,0,0
599ae9488566dc4177be7c0555daa7cbc02a31570bd45231a35ea8dd598a1809,0,0
59a367d2c6be80302da0d9b5fb7476f137bb42421927ab95a971c3640673a62b,0,0
59a7ac3444ad2e5687653a92db1153c0416b325cd013bcfc5c71220bfaf67719,0,0
59b1f3114412581753100c628c10d0aee1db98958ec1a420a2ef09d3bf5a187d,0,0
59b2c6112ebd90bf4ec109cbdafcb1f2abc382f2517bc13081aea5b8ba82ac34,0,0
59b41a1182f1281db35246f5af4d0de13e4ac2e9ecaa27fef5377e5983875f3d,0,0
59b7376077b4e87394b5f3b95c57d1d13072a5393bf443e93b9b14964f402b3c,0,0
59c11e70c6a917daa17cd4f0c9f81cc8ed458749d1aca7611e0c877ed7c82516,0,0
59c40dcbbf46cf1cb2890ca1d24a610eca4b5067783d346ba32dd628a579d51d,0,0
59d718c2569f70b1d6874924ebf974df38eff657a6de9fb2012a89e4c5d9b79c,0,0
59dbe281e7937ca7bb2e66918f1635051b4d01261ba816beb290d127f11a2018,0,0
59de6c3eefe3b55abbe8671ef8eb61eccba9669e058dabd90a06c995063f7110,1,5
59df03feb9322df6b3bb9dc5b41249634abb8e6821265b9146aa0df11dd102af,0,0
59e18a087087df0cb60c0fac17a03f7d886b0c2c58e6d05013760ab2f68e37d3,0,0
59e1eab4f7e1f0a59b395f495b3c520145e57c9353572bf26ce593df0004cb9a,0,0
59e3a6a6990ae2a08c02bb1544289c4c6b4567f87b9a6f77fc5bc75f513aff31,0,0
59ec74b91b806198f3fe18ede2a7a588d82749b253849e74c377b0ac4507a256,0,0
5a00a0b73666b602309e9bcdcb388db4cbfff9d9aa7a576c7fe8fb70f7f14de0,0,0
5a0169078fab6f5db77c82e2aae9d3fd8221d80503349d1e16ca5388b637726a,0,0
5a05ae9c945fe2283b8a7b5a08699bc90ac96683813333db2578e7a984e61fc7,0,0
5a0b2467db14cc33dcda1b13a4bde2c9a0466298bc9a0d81af054c0fc475a2e4,0,0
5a0dcd6fcfcce35e525fa6cb446bfd32e4e59184c2fb07c79ca1125ee52010d0,0,0
5a13a30199df4b04e4e20e73e8bcc2e43bb4b67ea98e0112553353ca22cf0bc9,0,0
5a14087c4d00d12bc09893119d59a88ab1ecbcd116f6206799b3d167f526fd8a,0,0
5a25b02088098e6d84b205f100da87c1d0d4b9f9fdc263a86bfa9b7e578f1937,0,0
5a305501c6f6e3818e53343f7db6953d9c8f4ba756ac5c84adf7722b9cdaf727,0,0
5a3810861fff8a57a8cf34f71ba0da9bda4afb9e68e67cd6bdff2401cbd9543e,0,0
5a54f431a1b0abe5f006c0384734c8246dd6fdc6562d1be45d5d7a53a2e2fe70,0,0
5a58393eae592d0c9d563729eb5827613a830e51f469bb1b7543886bc62254cc,0,0
5a58c9be7745ee3ae3c433c1d0e7ba74b095a24f20d2aa6c33acf0944bfb8b92,0,0
5a5f5cfa07b06767bb22f7a2b3cc627281f02ad48480a513d0f4ed2aae67cb4c,0,0
5a625631a3773220401c392c03a7856297a331ad4aba9f0252bbf0ca56dec553,0,0
5a746436d61ac0c8682791b9e701850cb6ca454875775681f713addf54d87d21,0,0
5a7aa93df7a6b8bebd5d270b9d34d9592ed5be9a3f729e1fa3f1bff7d5181bde,0,0
5a7bab21f868165defd1d0abbb487dd4bc5975a523b384d82d758d94ce0fca0a,0,0
5a7bcb16c3a3f4686f4a9873f94fad22e724ed978d1d7ad283bdf8237871658e,0,0
5a87f11cc84f06a35bcc2221a30c25b5da8c75fbe34df73ef6cf9d6b01e8ddbd,0,0
5a8813a65af8d952deb3ed1cbb8b2b8de438a069160de941e1caba4fb525a32f,0,0
5abbf200109d2c2abbe0f2c8088727db56a2c5fe1e4dcd563c7adcfa7a6bbb27,0,0
5ac0ce4dda8cdc71222db446f619d06fbe90fa83d5d224dae2e9ffc6226f81df,0,0
5ac35ee28d40a8d7c5c642aa7802300de1c46c95adf2b9525789c508572671f5,0,0
5acd2a49700e745360be87b1e5fb0dc201f87c838098b26eb699944bd8a449b2,1,3
5ad165e72972b88ee4a6f72b13076ae714db4d9b0dff6c7ad96dd51b275c9e89,0,0
5ad2847e9b537ea6c3621a646576d406b33f73f3401141c122ac55eee9948af6,0,0
5ae187650cc20db9191b1cdf25afd8005602d447c566becaec6f04d7e6c20ed4,0,0
5ae80f048895540064b676fd23f5d518f26c3c0d02ade3e08eaf7e7ce18c42e2,0,0
5aecab479a6664ebbfde35935faac25483f3c1457a9281cde0b93a80a74c8216,0,0
5af088da27d2b55b8e5622bbbe174692360becb527dfef7e59d9d6c86593d194,0,0
5af2b353a9113ee14fe7f33d7f649c775ad7a9b1c4b5f0496d2b5a10af5d3833,0,0
5af422c60e98df11237aaa9980a2c3ab37ac6bcc621615cb4c62f3769c67603e,0,0
5b012ce2f4e489c4737bb6c68aa50319b04b22974f4397f12459fcd701974e15,0,0
5b0646b152eecf585d7e90773aa29d16bc355b48ac66d1970948ee71be0e033c,0,0
5b12a45176fe66bc048bb3fd3ac6d89d7552fc2234fb3b6121f3bcd7369e4200,0,0
5b1531bc12c476cb9ac81507c613924a42a4fb276b0637d3ee4c712190a79478,0,0
5b1801139f02432d42e5768292086ed21ed84d8c8cd1cfd917474045507b10d9,0,0
5b2422a102d139f63e7c44d7d41a20ab4a49ddbe37dc4a8358a335e1a688f2ae,0,0
5b33a9928ff36e7087291f12fa5828fc7cbcbb2482a523a3bc60413844b91c0e,0,0
5b353467e1b477c280cade80f397314775afdde610615b6a0db127bcff39d98b,0,0
5b38d3ecbd72df8ea40ecc0e3d30abc2114ac6edb650f8ced87a1f1a97eb45d1,0,0
5b3d7001952aa8b6f777eb3903ca74136ca16af1da0fe5187b9133d49ef70b1f,0,0
5b3f14e6ea567e7cf06d3db72d1172f3877d466f852c246b1f4c7fdacf426db8,0,0
5b48a9b7a2d59cbc0d1ca04bbb502baf52a935c48a503ceede7e8578fdc54446,0,0
5b4d45ebb52a2b73253d41cfae7c699fadfc0bcc73d4334de87e341d6ea15e69,0,0
5b5ba7541f27871d97d3b46ed173ed746ae8807d54c8c6248d11283322a43a0b,0,0
5b69125698c9ae4c3fe2b120c61883c7e84ea6c8548f2248cb65fc28b47b3986,0,0
5b6e51224c82e1422327ce2eaf40eb4d59de9d59a8230045c781e5ccee0e7180,0,0
5b73b959b352523c872da85e93ae73e988b5894cf14ac7e9efd788c615305274,0,0
5b7c2d51b039c4057d6fee039da18a21d47decabc4e7120a85f463d085604c45,0,0
5b7d43f965005f336e63f5b95ade05e99da032066f03cff134fa0238d12e92e1,0,0
5b94ee6151cca6abd01f25e9ea14e852b5ed0d43709ee8c701eb80db4f02c2df,0,0
5b995e8e383869ec3330682f4d35bb5adda0663a7edb30a401cc9a6fe6722c68,0,0
5b9b8704f2cd7fe20f22902224a770aaf3f44be34329aeb5ecc8bebecbcbec49,0,0
5ba3ed6563929ea63aa96554a2a74723fee17d11c0c0d2a5a4203addfe72adec,0,0
5baf8f4d530134914b3ca734d18366f101272bcc2b62571bf627a79924ce9e75,0,0
5bc0e2fbc2a04c91b2fc73c2147cba2a176a21512627369e1c331f20d60cef21,0,0
5bc1dec12387bbdccfef5da4c3b5371f56987123491ca14fc12a49a9ce2ad3f8,0,0
5bc66da7961706964ff499a2249f80aeb34400210a220b485624f13709eef40d,0,0
5bcd7e0025a42f4518f2bfe6b558d54f610a8926a3b8c3d2d9c477fdc8a111fc,0,0
5bcda0d89147c25ea6f02d7dbf2716f2e4d409ad4e8aabf04be2554e90200a1c,0,0
5bd450cecae089a1ebd6579cd4f5363c04a6db842e0c58af2b692c8a029ae88b,0,0
5bda8cc49bf1717398a01eae1c43489a4fc25f1684d9af99c87a7ececb8111e1,0,0
5be95b3c56f509f1e858a7dd5f09f4fef8392800d7323f747b30b2324a0adb26,0,0
5bf4149ab4864f7db0338254716a0f9ea34c285f48e781c44e79452f8ee1c119,1,2
5bfb22ff460f70e54667221f79cbcad4ab663f9aaaab632ad41157009d7589eb,0,0
5c059bae75033c1b300b2bfcf843e2631c151f9d49454f945a8c83cb0b3086e7,0,0
5c107988c0ea6891b56d25facd17519a7a0bb8bd99d66e943953f14460e8fd7e,0,0
5c176e392ffed7d345e5a15d56f24b734936e24776a05556b837c753c33e5a6a,0,0
5c202a9a1ce8ac56da17bb43825c488baec9757c93d437fef1d4aff215489929,0,0
5c20b7b081c71850f5ba1313d6215c0d3235d8f12458e2cb3072e79108d77404,0,0
5c26566270fa8589e5fc07517baacc6d1eb8415af441bf62705e684d4cfff92f,0,0
5c2d42743e35b75590ba3e16fd745f6d27c8211dfb5b7102865bf34dc7296341,0,0
5c30e036b199a6773755e59d87234af47b3463009e488673beda84ee6f3e107b,0,0
5c334258a276f8d8a2d82d7f3134e6aae9a69c3047e2074f675d55bddd0ba681,0,0
5c359ac02bb9c209435ecacd746cd86ae96e90a6b9a3a6aa8609cc73e7c1b744,0,0
5c42ceee0f724200fb5286f694e77896108a8d5c7d2a6f5bc3b1615687bfc0e7,0,0
5c496a9c7d80df7419d4d50134502d4add1cedaa508ac0425347b6a29367bbb7,0,0
5c56036ba99d5d46c21dcf7fbe9b033d11e2dfb9c96cefa9bcabe070007305bb,0,0
5c6605f33b467405e581f932373fa32eeb194363eb2f3ae7ccfbb75dd8a4261e,0,0
5c6bb2d02c1c08d47adf5a1013bb4e99f842204ee98acceaa41fb19be62923a4,0,0
5c7201af70e6644f6a80a1a41f8a8aee97eb36880a6cf600e4eeefb3389ceeb7,0,0
5c7ad78c6a7f3a2008118883d28194875dc335d710e24f2d4e0bf8d245b2e8c6,0,0
5c88682d6655c2f4774bb6df067c5a2a9100164dc5f20155900ebbb7d7658b28,0,0
5ca7dadc8025667a631d7d38370123518e93d1a85e681c302c8f6669bf0c0a64,0,0
5caf8713296f9d8ddc0afa02649213b58789d75f4deb2da3a2d1738549a12c14,0,0
5cb8a1e0b8ceaacf7cd95080cdeafe674c23a166cae6fdbe5cf17f6f222d63ac,0,0
5cc84e5a76bb9bedc365986b5501144becf0622d1ec0731a3274014c0ee97078,0,0
5ce6833a1d588ae4a8007a44672aa44e9a8e2adfbd5f7a26bf4bf60928c851a3,0,0
5cf441b7a7b9df9391086db401681da6786ddc19fd666afa8c60fa9470e6f412,0,0
5cf8af0b863913eeca94da363ca101ed78278fa0957a5363ca32a6a6b69bdb66,0,0
5d154407f09abef7665eabeeb07ce1cdaf482d5c7ec379374dbb3d33d650e52c,0,0
5d18ea313e7b70ddd413300a361b65ab9862c85be04a1df08810a5da9ecd0370,0,0
5d2456667dc4b51c0786ab643fb7128946997103143c0859559de0deeea3bd50,0,0
5d2c16e238484870499c01ac9ad2d6c7f855091cd950c631a051634d1bd2a8d1,0,0
5d38f23ef67455c65d3c4bbda688fd568340011a5c8f13ab32ac0855d9e7ca88,0,0
5d3a41b8e551f9cb2a982a6e976d022e2faa52fcc3714251e11804338eafc2c5,0,0
5d3ee1c44f82229157cab3559589fa7b6bb3bc4a4ce647b918b2f012e06a0f13,0,0
5d478c7a01b3e0e75b3d134d9e41a451bf8a48305b7a594447b23b26e42c7047,1,2
5d5a35f86f4a80039471d8f811c3b5a1a26f5c2250f906812dcd4ddc0d31d3da,0,0
5d5e75fa237fe9a2e032d9cfe92d001a27b663f219d787ccb9223046decb058b,0,0
5d5f354b8355dabebcd5a0293fc800928e292239bb367cf97e1b3f7de39c5148,1,2
5d5f6770b4861274aee1eecbc07d75a42d92969d6c9f64ee88fe3f52e088aaeb,0,0
5d645a4bb4f010db2fe173ac00efe7185172a739c04e5448407b5cbae00fc262,0,0
5d692fafaa0fc380bb61a2081bad4b207031a14553346b56e4025b72aaf334e8,0,0
5d6a8f4961e41a77df450dbdc09593e829a9b68bc1044bb3a5df5763eac704c1,0,0
5d6b7df5842b24778879a10e81fc3c83c4415057df0393889cb1ba5707be0def,0,0
5d7230db2a571638d27e639e55b034d387128a2e3ff044b4b265a550bbba3331,0,0
5d82fea769ce2ca72baac8dbb8bc2f6964e196f325c59f4cc3bf83366195c8ec,0,0
5d900b1958ad7fa78367ec40dec4a94f55a4ba7fb82f38156d9968c0b950d045,0,0
5d929d05ea9a9e505f29a6ecbf30dfaf56a4765839ea66127c89d497e3e10fe5,0,0
5d93bd08d470930dff9db7a7ce37f0650694da30caa712b5ce96b538791f3cf4,0,0
5d9e065640cb2b5c0cf658ac1faece11fb8c5156649f5fcf00f34b41182b8955,0,0
5db424ff7eeb83b46ee3369c2155b6354b024d2724b75dc08821fc9d2ad4162b,0,0
5dba0c6ac1cb8a2f05f0b7e7876a01bef297b45ca3db7717c462fc669d896ba8,0,0
5dbf24a31bc217c6c906750e50a4576714ef4e083c7fb27fae6157cf62b1d2d3,0,0
5dcb611ffe847444ef9c7ca0122ba1084705f2d067f23ee033c96930492ab88f,0,0
5de9c3f4cd524a4a888b21b873965cb2272a642a038551f03c48149d78e7a887,0,0
5dea998e853b792d3d8e6a9a8dbbd48d6fa4837e709c6e9c5e5522bd5cfc2f64,0,0
5e018f76dcd252c645a46eafb97f6132d9e4332138b1c5120e94ee2872e89b8d,0,0
5e041472d8fb601fbd5c318c3ce7be7d5dac13ca3aea458b87c4fb576f96fe03,0,0
5e046fc68f52e79b0ba2a92c9dbba117cae548e328359f93bbe6aaf4578e3e71,0,0
5e053b2343289db474b3ecb3c288220f14b9d10a0d51f80bb8254e32c3470f03,0,0
5e07dfde2e5d45b25769863e35702c4cb4d5e1d17f772b01ff70148ddd660548,0,0
5e14151f87f2346f58884c2a2569a57d7e05c3aa7bc52ae43eb59fa002e71b8e,0,0
5e161e362bff529d2ef450b050f1a853aa5bc6fd3d29d54d453b0f93bff9cf77,0,0
5e1eee6b7b90a88003df20f43210765e7e4716d493b5befb69d2f6612b9cde83,0,0
5e246d7b330ebeee1f7b5ad4dfbf616122d35f65fbfc678c1a2fb42301e71420,0,0
5e2e04cf1106f3ee26ef2063cd067170ae665547bd09c3e8653df50ae89c6cbf,0,0
5e3579fbbc569af9c93df3a1719d46df8759aaf7d3c17eea85bf7d3cec1a2f0c,0,0
5e3863748d0df77c06f83300e41e58d2bb9586ba8a5c1d0c9d7ca97bb8df28cc,0,0
5e4191cdb5c0a6a59bf4c5b0cad1da8438a8a542b39423aaf6aae141549dceb6,0,0
5e45549fec0c3755084c2c2b39db82d43d9d8856804379a5284bf91059e254cb,0,0
5e47631bb4178af379b6b2d6bcd087e61af4eb1bcdf2f2f4774a9896158efa89,0,0
5e4fe4c47148a3a7b7b792cb3d1c0cb52ddfd4d48c4d58d9107e2907ff552d1b,0,0
5e595c011e10cbf7ba9fe5a8bcde82565ffdbac53433449b75b64dc2ad833f83,0,0
5e701d18be437a6d4cb92f193ec6b1b6447c3dc81eaa348eadb5cc82b25bc3c1,0,0
5e7b066bc7f5c7eb2287967a0dc1a4676c2d814d6e3c4b9d7edd28d7c20265bd,0,0
5e7bad7201d679628b8ec57e421361b3df42ba7a91f61a5e4654a0f00d309583,0,0
5e92f0e665f94739db34443699de2f65666044523b339306592e54c23cfd5c95,0,0
5e93d69c07a1fe37adfcb0c98b3d9656bb42c210d0a802cd7093fb2f55856900,0,0
5e97dd85202d4ba67d0f92a16158f39f016860148518cdddccdd0e2bbbecb4ca,0,0
5eb7ba83d95ca24416258d6d05948771384ce854029c42adb7466e3e32aa395a,0,0
5eb83f40b6d5f91c248267dc340925a3bea680a2c6597c5a328368fa7e22a543,0,0
5eb9aee8536076ee26f35a87c54ab8bfbf71f219ca472c057dd25376dab7a196,0,0
5ebcb5cf2caf2382e917b97919b8ec10431525b2e2f6079c7fe3bcada21ec4ce,0,0
5ebe641ac376f9516247cf60d75d33f04065445af43fafdd2605ba07dc966c78,0,0
5ec87295b9021c9e659ee9208fc2a9a1bb5d5f76913031960b71e522a1ce8c1c,0,0
5edb2444f7b0bdd97166d0381c7da745b663453ec542fb8dbf105f35a66b42fe,0,0
5ee7915050b520edccf8bb184b80b4ef89aae9b9e25c139ade45853ff92ad546,0,0
5f1e0aabf8b1f0e97073bf278c1c0dfe94719855bbea08427f121b6aa25c3d02,0,0
5f231f9c26a5efce6ddf16827d6bed6c3f3a3ff6f268be568027227c1af79c45,0,0
5f2a7b90ed9bb3af95b32b3a963385b66c6479309d59ecb4a92618d993229a41,0,0
5f2bd668a60ac0377749521dc30bd69bb873ab4ab952051645f35bab1640fe8b,0,0
5f2fc7dcf2adb87c9f238b0cf332427a45804a16f1f51f7ff8d587bff576c1f0,0,0
5f301824b9ab977ea76ba89ea271f368e9ea3cbb6d76278af8275963be77494b,0,0
5f3071c92d733107797d65cd3193c2e33b645f7ab8b062b1ff1f6d7f52b24763,0,0
5f32d7dbfdd9ebd7f0c54e37ee356fe73d9b8932df8f6db96f3f84ed19bdb879,0,0
5f35191aa8d7df10b60dbc025d5ba3570c204e6101761d8471a2dc138317299d,0,0
5f45fa47ad9cdbfae50f8b5d2760be2b2ef5f16d2771cc8ac634437c0c6cc984,0,0
5f51d32d1e0aabf2084003b5b166e54a95d8af4f57e5c122cdfa764a72361881,0,0
5f666bdd2cfc52b96676e9ac84de9e1a9306ee975c2b4654a4d6d7bbbedca52c,1,7
5f78b9ed9de8b5a22f558d52114b96cbe0e90d01e1340b1a1064ba7cf67e1aad,0,0
5f7ff63296013b20d3001b1367e7624b98ee849e2285937deb70a835291be41b,1,2
5f88e989e75a9da045d02caecd8600ab085abc660b314fd31c61a998fa7b3e9b,0,0
5f8a5b90a9af772b813f11106bf390be7c04a4ac18cc26923e11c33040824b1d,0,0
5fab2e97b1499c9aca0d6cade01800bbce91f4dd6f5071283589d4d55436cc92,0,0
5fb94483e2f33f77f9f27608a0594d3d9a669dd92ee5b8822acefd0165961df4,0,0
5fc253a846c8e2f01035b307df8268e558cca89202b648ed01beeb30c617b89a,0,0
5fcc957783ab6f4861911414453a5a14b45f676f0d6661133373a8153ccd4742,0,0
5fdc8429181895b6cf4de740d38689402fd88c7ebffccf754b47f1a68b2e686a,0,0
5fe458efbbe2b9d967dbfdebb7587cb462c9d5150438b754fbc0af9b2d3f6bd0,0,0
5ff1c1f6dea96dd89be524ccc3f04b6d58456852b2f49c597f40b82c6bbdf8b2,0,0
5ff8c8960e391fbe3fea99278248322949f5d99e359598cdd4efc1bd3d8ff328,0,0
60120b365667bf2d05ffbe29abd530fe6bd4b5d4cef0be4997f6da23e45f219c,0,0
601d79883f5d6bac39c0f98963b1d7eab4ec3c9d8c3db2a5fee0199efb4aae06,0,0
602a30dd08be7e014508590f59f807ac6dc86f16e3287c8a611a9f25bc62bbeb,0,0
60345910d22f322e030d7d6638995619b5bd9e385127f3c9488545f9bb750f6e,0,0
603c1dd18d539df688d79f3c6ed1badfdd84dd9b119def4553c026ac45fb6db9,0,0
6050e0083c84f12862451b39098d540f7b1d986663a8dbba139350b0df274d62,0,0
60595e18329360af400c391e95c9aaf9f0e70455e2972f078367ae8350456cf2,0,0
605b8e36ae5b94919a0012a92834b191f7bb92e388d0b9cb6fa0c44f44e06d42,0,0
605ca7d6c64e9ef7b222ccb36a28a3928d7f92f31328b898c0a701e11b662fd6,0,0
606e2044fb5bd9f981d58511be8bf6319646c68503b69d171f792de71acf62fe,0,0
6077bb981432477558519dab52cb872ef4ca80b30cf5d1dbfb562b355ebef6f3,0,0
607d7d98ffe49f18bb2fe8bb4974cdc4ff617432178dbc293a237b5c35c4b6ce,0,0
608532061485e68d1c5413bd76e512ee84a1302fc0070712491680063f940f1a,0,0
60859793c4228614a5bdb37364cd886112a332afc2130243df809f939ca4764e,0,0
60af76b3fe9e2f318068f8992998b3d6d294e075f1718c22ad72452a4b696cb4,0,0
60b4a349f2c221bae8a97069c1a13ac1107d50e1957081ff37feb8a8d4a15b26,0,0
60b6353fb6c04b2379ee48ad24308ed5887e86f3e1931a816056383d66cbdf67,0,0
60bc45814721cc1344a5921a3ad74f38a016330147f81bf25a75ff7419743624,0,0
60c20c5748bb6e9004b931d2aee7612e4e9d4e9e7de05a231297553b21f773eb,0,0
60c22056708a920bdf577db10ed8a9445e7ed5e8ea5852df76ecc7b7d5b0fbb1,0,0
60cad3047ce456e36815e562c05363565488b2415920111c0a80716e1e12fef1,0,0
60ccd1e25742de63b6a80667317d4ee08f330991856e70ebfa45ef871fb58e33,0,0
60d98f11b3efbb358dded12055a3a673e1f64c21b78afdf2386ac9e3677a4383,0,0
60dcb28c079cafa57ecf0208e7993796d9821a570df1e8d9fdbb86de558c8b55,0,0
60e0bb201c7949bb2512aa73be6685e5a427d96502a91a5baab2d96e5cfed577,0,0
60ec0b835a9a7d229219c6ec0aa8a4cbfb383e8505f464480d75404710302eb6,0,0
60f3b9253f27eb7153a8b80f8c7dc589084f933cbd6b147ae582c6cf19940078,0,0
60fb254f17664734864cd3ffd9c10aaac1b6987fca08d447f02b6cf0f0c8bf27,0,0
60fcaa19e3639bd9615d26b8ac2119b8b8fe1230aa8305d4fff8ff6af05223aa,0,0
61066e14360a239da5d10ed377220d985b0cfba2281891e59ecf24a35efaa9a4,0,0
610bb1422e44951d179a953c088ac14d8a5150395437f3741f2e3545814fb233,0,0
6110aef7ad33097f5f9a848f85cf232999561f9c3567cc8e42e7f67ae0090a46,0,0
6127f185f6eaca15510759715412b801f977f343dc4f4ed95309773f915ed236,0,0
61305591ec482015cc4cf3006be3108b58139d62efcdc499b7288b10b1931ed1,0,0
6134ec8de874df6a19cd54ae4a1ac3412e4f08e8557f889b794dc7273f69638d,0,0
6136fd822fc821ce0d1a31f5b9d36e6fc7c445bc1e6b726eee268d7800d5d5b0,0,0
614ceb42c0c4d4f0ce4281a334430676dad50839dbd23c635f85a3b5ac718317,0,0
6151ba7ffaf417b1fa32f57b16f26b30bd71c576e9017d316a22946ade8e818a,0,0
6153b55d50e67fbab83613bdd4381cbb8a2610d2865d1427fc9810a6902e56e1,0,0
616152eec128e1b0732ade49a96417a8f8976a4dc25c4b19058eafea09680eaf,0,0
61621312be8f38c503e4d6ae22f65e01dc7c869a68042ff6b72edc22b7542a6a,0,0
61842e771cb574b9036363274c8f2a26269ba1778dc71ce9eb17b0c1c5dbd720,0,0
61945442fa98b379275fecc20014f15bfc85ad846478a37a8ffeb48b1c3dd91d,1,3
61996f3301432075b88cba709fae15866906baf0033a06b908832a38cf874e3f,0,0
619aed4e07a110791e685cb9b0daeb355bebfaf394596938db89b4111ad19e5a,0,0
619febe9055380ee92f9bd7753af50af34761c0a3e971facd119c1687975c6f2,0,0
61a108bfa324c37ee834a1665e3fbecedafa787b43a2b04bb4d87f11e5b5499f,0,0
61be0d8d8472b11ebe623093f1a63796a54efb5fff5a167d7f6129b54f1f0563,0,0
61c2f530d0307e12c3dc4f96cb96d3b690bbe625df0278ee4c5c66680aa78682,0,0
61c75306bb8902c7354bf7a6e7bd153255d6c9c559eca39d318c7ee13f3b041e,0,0
61ca9948df03240be133777ae63c30fc04bcf68e6435d9921aa44fefd11f72f5,0,0
61d534cefa3a911b3ef3ca12374e097b8f97ece32a96fac1cf76062c3e2ad9a7,0,0
61da82ae8d7ba946630cc1e303264cea338bc69e21d3268a0755ac0c87743ce5,0,0
61e3dc39c1134baf4fee613e948beed36ab98643932b662a1f506c290394b2fb,0,0
61e911542bb41fa69eb76642ee3b21099bb52c56bc85fa5cd85ef3aa821d9be9,0,0
61ed9fcb0ed8facba302397d24c8772ca8a8a0015d4990aaaa8d0d22cd6400ac,0,0
61f39b8ed3dc6e6eca8e244b9cef4d8146a6c71b20b856bf5d19c272c977ca9e,0,0
61fa68c840108d3934b2016dc2d87da8fde49b693344994a33a58b68b91c5b73,0,0
620262eccecb3b79baea3ed02f4a1690ec3749a4352741e7af4593a847380199,0,0
6218416713d441da8da2adf25b16a33fde13b62ea904f363069f2512d321355f,0,0
621c8ca0dff3f928cbb4b396aba7caf16a8c385c90c745e706049dcfb015ba27,0,0
6247f0833e0857c5adb2e0afe3e9ed3d50153dfaf55faaaefdde5f099c857b45,0,0
625a4229f56d85278ba7eeb50888ef5ca6d05a8dbe2714c5ba5d60a5db2456db,1,8
6263ec8378d531645c2a0c2cdbcd16356745d61e100fd257b99b0fa511b38313,0,0
6265be210313b1a3287eab6b7c2332f8fc5b5830fa4023f0e2b34a7c7ef7141b,0,0
62749a1d4c54ae13ffe8bd46d84d130a2cdf76abd3a12362f77946a5e796712c,0,0
62801634c9de592cba3dd742ead08d5cd94c64f8ec641f5b9284de40daaecc8f,0,0
6282416c9ae0bc3c7971af1c0e5f41b486137dd800e9294006758b75c3334431,0,0
6285e8ea504ecba01e1343a1816c9c77dffc29999fca565cf9b4236878a1ece8,0,0
628900f6f50844d73bfd2c04e1073cc3b5a54e2d0e824850da37cb626a7d2ab0,0,0
628ef06b2ece85e28a2015a74d0f43e1116d3beaea0229f344e52530371ec6e4,0,0
629f23a3e30bbbe6e71562ca8520bfeb62bd92112a578eee3031bb966ea72815,0,0
62a115dfcde74530a36fdd2ebfffaa2e0ea084a7faba8d983dbeb8845a6e5883,0,0
62abc0a78d03ee5c38ffbcc8159cb94b029f7a06562a7b66b265d027e396dbb0,0,0
62abc55244f46fdcbc58635379bb5994c9f559ab3c546523925b85a4cb5919b0,0,0
62b012150f088258b9395737cdce33e708aff85185eea3c7ccda3f04ea65715e,0,0
62cbfd9d644ab871d6096d57702e4403103fe3a4a5118ee0157d488fde12d800,0,0
62ce63bf458aaf1ec063c2c71c0094a036c706cd5c52729c98bcc7d60d38c4ca,0,0
62d4a4799e19eebd0bbbf52889994fd6773666106b03ae1dfdbc49a1ad0abf54,0,0
62e0ca53fb660afe4d5247cb7645c998fc332f3601768057acaf1071bad8a11a,0,0
62e38209b95c5dba677014b45e4a9f9917383d62b43ca66abafef9643dffb5a6,0,0
62fac4155aeacf5100194aecfadf585adf4971c4882049b0e7c2e0b4bf075795,0,0
62fe2fe1e6bae945441671551d6ebbeb0e8c34e39690f7c5a8b6973164e04011,0,0
6309cf18fdecab5bec3f1931503c954935ef060f719af27c39a98f28f1248407,0,0
631269649c3faedee33a5e8b7bd512813bb82f5397546126330dd86eea545cdb,0,0
631602576749fc89348ff90d08851967cbbaa29d2ae0a6a3a8aa5fd9d7644152,0,0
631cbf0def6bc5b98ff8007792f9fd12de6e4a28da1046e701104054183666ad,0,0
632533cf7ddc21b60530297161026a3ef273adb26553e98ccaf9376f166d35d7,1,4
632e7a14b074164e190a244d3b51818adf9cb73aaf174821237361a87e33d837,0,0
633c62ac91df77234a4495655a52067329f445b279394f57e639d7623dc62ab0,0,0
633ceb14d289de0fb73b3b350e444a96b8a4975f4a6f5c1b2913ddc936be4dcb,0,0
633f2ff1fb015b0e2fc6346be80f52e8052b463f5d81b73ce827f73bc617b1fb,0,0
63566a7208cea3266b1374b159db1bfce8bd0bdeb191da2ee42ed6550905e824,0,0
6358cd094f837d78aae4782f9a1bf90fe619ba153d9821f8b78aa41c0a52b96a,0,0
6362731e4b1eaa85abe436e70533b3594b66f43e1f285649578c24ff502141eb,0,0
63628e13c279094aed74bc1d1a60298ff5fbed6f7a3aa24a666414ac3f120f92,0,0
636839d467c882551ac11d5d3daad0a920124d4fd36a52055a5cbd513e564a90,0,0
636ca8ea42966ebda51dcb28b2243722ea7c095e0ed8e6c09d0c81669d176cf0,0,0
636e927b3397a59850e826b426a0474abf1f774247cab32ea34c41955a540e31,0,0
638336b16ae7ac91c2f4220af828e502288127606bc2f3db4ef7bdd7d69d11bb,0,0
638950eee28c1a8606d53601ab67e78a2f04c5542dfa1758b61b7b4aa515a2e2,0,0
638c54ae6b502a17728622fc6872f2fb76db9651926dfa8eec5d3f448cb7af04,0,0
638d7f35dedd8214cd841f232d02a28d007a3abdeb35e11eff973c0817fa6102,0,0
639295c3d3622fb020f1a1876148c8e7e74442809da16f9e5a734b4eb1e005d7,0,0
63951050aed5f2c44252d1a680422c8587c6a308b883ff3faef47dbc07930b0e,0,0
639dc62e8809dac3c596a9e817d7c26f0ca30937f44af4176c19d656ef9dddf8,0,0
63a3d7d263d06eb5d6525ae98e5b891cf00a374cf883eb18e7a2e4989621b303,0,0
63a679873a9caf4075ece02f9489aa91b0c23d940f4b8fe21a891b584e5f9ba8,0,0
63a8de593466277260e24514ef586d34519bfee05d2b313fa37cccc1fae7e4fb,0,0
63abf9d1fba2208abfd587078798e4ecb04a1d5db1f4699166602187b2efd1e4,0,0
63b13a81886c0a354542a885b3ec0c5c1386f9ea10c09d4a0e3030eb71e29797,0,0
63ba49f7619656e125fc4c4daf2a0f2bb650d6c304bc8f4655cd604d976c705b,0,0
63cb22e232e552c5f95a94d13111c4dae12a22fd4cbfa4de0f16bf6f738e1370,0,0
63d19bc5844ae3422cc93dd41de2374d7e5a6f2bbf903c5592e73a35d4c000bf,0,0
63d2c59bb493c1fa24da327b8bb58e03a1595330898da77e7ffeaa77be6b2ac3,0,0
63d33e329a16bd5a566cbafe42d04a63df32aea9f38c9fda0da57af20f8258c6,0,0
63d4b78561371aa907d26eb03a9ba6088d26fe6dda7a097daf51b733499c9b22,0,0
63df54f02f5ad5298ea087ba7bd24fba6c2c4d9fce727109071b2286c4c45806,0,0
63e00bf33768b3dfa4a0b632b630ede9dca26b96c583b4d5440867e1b13ebcd0,0,0
63e06ee84c54eb0239e78314deec16ebc02b4c3960e838e6abe50b8e83ace92e,0,0
63e0c7192ebd60c54b443393f3ff792a133d63a1e5ed897166d904aefb7e5fd8,0,0
63e1e3db7332af74743686b82b66bdd3df25b642df48685a51165e4ecd6fc77d,0,0
63e9276ab7bd7d28af94b2fbba1b28d1c02a189751d40aed0fba82c894ebbe9e,0,0
63eb8b126027baca9dc03d44609b50faf1951d3f9368b4413caaab51c6dbd644,0,0
63ee4d2a26646064a67a5a66e346b031473eb1f2315b2af4fba13d469fc641bd,0,0
63eeaa54399b745358641c1c8022f02485d2c87f36360ee5b923672df8e8accc,0,0
63f357575f8fb5ca65560de2f01f2f6b228048047b471cc9f1ad5fa8a776d1c6,0,0
6416b6f04d2d4cb44d9325af70b4ba81fa0f2498191d3087cfe8bc3c5de399d8,0,0
64188b2784e9069178175ff2c24daac324d88887ac040b6e78726346c9ec6575,0,0
641dccf80a9130c2b4b31e8dc61ba1ea24330063cc1d54d0a82c0205306b389a,0,0
6424bad2d2fc6a0bb146e3b3d341685dc0d08660fd89f4c2c7b441bf947b879e,0,0
64391f36aeca316b6abeec2a138810355cbed0358282585d2656b60fcad23780,0,0
6454cea75e7bd2101e5afc3e716fc5e39a1649bc229672a3b5609b8274b23777,0,0
64550e7b57346459bdfb2192b215b9a21e5ac7026137a2ef71acff7177b5eba4,0,0
6458affe54ffaa471747f669a6492783d53e83738ae7146944b02b2f7b8f04e6,0,0
646101110347a3a1d7e0efac648a91b025a6263eae8743712e935524f6d9777a,0,0
6464ac4807e0bbf8dc03ce9a3d93bb72775da65e8f22f3a2171545a1db00b255,0,0
64724cf727d3612bd07ffecf3265bc60c78af1247f93c144488094623062555a,0,0
6481a3a31b8dedd49bb8d1987aaa6cabb48a28824caca7df235ec117a25d65e2,0,0
6486d5785af3a6968032693fb8e04c347e02613919851c1e0f82802bdb271056,0,0
6488e88c21d35d980348fb1fef25a3928db4085446c5fa96ac2f54a46f22e0cd,0,0
649059abbeac4e4f958b88fe0172694a462cfc9bbb45bec687c55e5e4b9bbefa,0,0
64915dd0be854293a42c966cb9017c32ce99cdca937d4ab61d2c7c1447cedf1d,0,0
649721c40660bcfa67a6c403c9c5e5e6b509866ed9c73c1156fd7cfca36da815,0,0
64974ac39b2cbd7b88e6f347f8a8d2ec13e5e3b282dd2323838e6e65da7014eb,0,0
6498bc529a5ee2c1a8322260a9febf2d58a15c6c676a02ee0e9f1159ab6d1efe,0,0
649f08e186882d09a23edef590eb6485c0827e52893b9cba57c08e108c4050d1,0,0
64a77e31aaf8ca77175fc0468919a3ec12832509f4ca27ed37a8f168ab500fff,0,0
64acc38606c3706d5293eff6f44e1ca3a0028da485a4abf25cef1186df658ebf,0,0
64b75eb6055c3a0b26930fb0c72fa3df2917a636cd6f37a1ccbc8f81003131e0,0,0
64c67a0f830aace37aca9b9f86f466d237b2ced046c79e457663059d12d325f1,0,0
64c944d7ad015274cc19ef8d702efa7b01ff1888c9f5a7baebfdd6fc79fe286b,0,0
64d2c1e7766b347492fd39e4caa8b34b46d61be59ef4584de768f020bbd41de3,0,0
64d962a2a5307796a3656b0d38f106f680d08bc152c6cdb5d39d1fad493c2d41,0,0
64da0d90d92df10dd5872a44bd835394cf3abab6bad694723f474ed6802f4c7a,0,0
64dcbe714a78bf2a5feb7c4621132f0ae64b95670ce76cc522576ba8fca09783,0,0
64e0fc79c903ac59af2dc26922b9c19b25cff13e6974af2afd3f47b4d7e70ea5,0,0
64e4efdb5f46a555c26921800a5269a6857836a75bac18e057ca5263c9391158,0,0
64f9040a298caa7c6779a561793c73001241c4edba30416b218db026c2daa4ae,0,0
64fe27a6e8e3dace4f75870e89ba6ded4cc5b698bba878eed3e7016a68c7341b,0,0
650e37ce76f96116c22f490099dd780c6aa4a57de1dfc54a4f4c1def94f7929d,0,0
6515002e5b61113f036135e5f839f6764c1b00c3ec04d94573890464fda6812c,0,0
652356da006465feb90620d241b41fd80726189511ee8bfc90571ded252cf66f,0,0
652c0521b68c2b9667db948f6fd2ff6e845dfc1ff062c723f8ab04c5260bb89b,0,0
652e28f6ec606c6732aaf00f6e419b34502e29d5e26764080fe5f473b77ebb26,0,0
6533d6c6ef2636df1b62c57a9d585ee1726f6463529a0ced2348131816a9088d,0,0
6544c0fbc081bdce3cce65625f06f6b09a27abf97f257f7c2558374a1391d350,0,0
65485904e13ac7ed79544383e82dd7ef89a265fe374efb912021d6b446f99c84,1,5
654a64165cfbb498a1b9f364ec34850c8e095d11c0c06924151cb3eca46e5d68,0,0
6567275aae3aa4b6cbf22e218a9631353900b8fc0a442f154c0023d66f5b927a,0,0
656a6a04c5b942a4aa0020c8bb4c56f13730536a5b976a517e989513562ff94c,0,0
65708493a3fa02fc336443418ce994b88e30a1f75d22ba5eabc3f552ad2f2cfb,0,0
6570b5d6e1f134bd39b4b78075b4b6c4b4d826640a3be1d649f2b5a7a4042f90,0,0
6573c8672e84a55b45acbdc4d8e383a3977954798964eac852c05c743947e06f,0,0
657f00578a0f648e60323bf052ddf64ff9fdbd69f98c99d047003cf4854982de,0,0
65841fd29fb92335bfd4db3672754ed11b957a07caa54658c2e7ef603679a6fb,1,4
65843322f6e3d7d24ee97a6e15620c72cb2efff9bc7322a1b282f0c5e7836551,0,0
658c97fb0b697278ec987e8ec1fd7b300566e2c33d473eebed47565efc950b9f,0,0
65948011977c57f2a182e07206bd9546685f258159d60f0ee0bcfaf0a40b8b5c,0,0
659810501cae42f5d0ea53cd082479bf47d3435dedb5031bae4d7f2f7a40db18,0,0
659ead37d37c9bc0c34f32ee9a8e2fbf4b62a5945d9869de82a610a0868a4f6a,0,0
65a386c6fc31256c259f580cd9b441a9215cf6f04012dad17116a63ba798081f,0,0
65b07b857e3eb0863a020bc0301f66fe92d373d7403867779d2bfba60b6f12da,0,0
65b4306280cd61a027f76f5132d367b70f2f1796205b8987b59909deabd9f00b,1,2
65d0e03e14fb61e4138c65cd5e20e45dbd82152ada7943a2813f9796a337420b,0,0
65d18252bc2c80dc00abf02f688daafa2e437f756d87a46c3e59d14d35be4c6e,0,0
65d825a3db024a3a6c5c89c1480044901f8eb82e4c9d8d4fe9622ab07d0bcbd6,0,0
65dc2a105f98d15b243f35d59c65e081d33cca2a7b78f956c08ab60abc8beea7,0,0
65ed8b4fa7444b09c2e7b3b1a8f6f2946f5078757a80c126522379b45dc72551,0,0
65f45ae0dd2724dc843d2b8d4aa30719d242c6e5ce359519a0d251b818e1ead4,0,0
65f467ef026d9b105837ef1c35c7d905571eef2e7c7246770bcb3389eb79dc99,0,0
65fce943acbd4f405834b20440cb79e6b6acd2fa8b0b3fcfc669ae637fcb39b1,0,0
6606fc3d92087d99de7c7ee8d17c5afe3f005e4249eaf73ff589f01957f47f44,0,0
660a1cc59c1d4fd3918ee30717dba7fe82538a6cc4717cef024dbb236ddc9a93,0,0
661a3e5e3ba6c6814d43b4e8351185dadfceea502442c8473a636f3331d7a44a,0,0
66246ca442e660b551dbecbac529e9289f41c26c08008c0a036815bb3a4d4dea,0,0
66258a71384092b32d5b7f4ffa55e11af7ed867d9b04357d7c632ebcf9668cfc,0,0
66284958a364c6eceb401fce354be98a5f4492a3a671847cf5f63c75c9784907,0,0
662a7ca322768d9cb594820a413ded43b0a4d8b0cc36a61b200309d6971a19ab,0,0
6631a714f93a2c7266fe3da4fdfd5b5dd2888aeb68f82a3b10eea7d7a0f223e9,0,0
6638898f8bcb28d2bad1bce7c55b75bd52f40ed1058eb343aa6c8a3a42592743,0,0
663f2ec133ad12b3482808dfdc99d832378352d2d25d80e7ee272deb9045cb40,0,0
664a92afd295bb5304809569ad715d11a5d85a7ae4e9a7c8340b873223c52398,0,0
6654e65c744a0238515ca2c3be976c758da383c74f9e49bd80201780cbbfb808,0,0
6678981d35b4f980d21dc976238011792aa762fbc3a9e948c78e2215334919cd,0,0
668180cf90c40fe533bda2779258f472f99ccb95686be14968f9dcb6f0b11421,0,0
668623fbe1cb16c654aef1c2c52ce67701920315617d89fb8e9e62f756678cc7,0,0
668a9fdc28af1b5af7cf95b66268d686c9fae08fca58d351ed69e159dd2db200,0,0
66a24afa173f83df23b1b699e2696a09cf24000aa324d21a334a84a0d10035e5,0,0
66a2a63d87f917dddf982882a5290c4f15c2334dcd7fa98a1569b188a63ec9c5,0,0
66a557b3bc5f96a0142c80265afce06ca20f8b37ca8d45275f1f76f0da14f195,0,0
66b07385f8b47299640d38e0ef2567d71e031bde3b4dee786f935efccddbc2f0,0,0
66b61a3098d866da3c9408e6f202500b01ff8ab90e242a02124dbe12c4cf8470,0,0
66be1a8d92bde3edfdccdfb872b2ba9aac12ae41612a11bb459f0ff4c5a94b0e,0,0
66beb0182d8496d19e0875abb854aa2def28ea1fec5cf60b4a88cbcd1e96f4bf,0,0
66c04a98a8cb0e2623a3c32f3bae7aed76516abe5d85080f458348d12903d3f2,0,0
66d32f0786cb64bfee3bf46d3fa78dadac772214985eb008eaa3209f12c118c7,0,0
66dafe7097384efea3e8e45b7de7ce5584fda4b744196962f9dc0fb2b6feb440,0,0
66dde3d52bf85dda2af053bde4a94bbab1fee922aab2a6e175a00f0a5394dd1c,0,0
66e600510e1edc0b353c0f0bd179106c2167286d5bce670d96a79a31c42517aa,0,0
66e6047b1c80da22e9afd876a5670f4a3e55225febfcaa3deba024ead2dc1442,0,0
6709f445f66b6299bb0ae2ca2426e02dda306337ede47a3263b8002dc6b7fbc0,0,0
671b69a6c4c564d8014f60da0ac98c420cc85af333fd531bb2383bc07674cfdb,0,0
6727eb8db1364a05afae40f14957479e56957e374612a99823ca23e9890117cf,0,0
6730dca081a9afc47a8a57cadef6b77d14f1cf84b697b9c61f526230aa34c9f3,0,0
673158269777c990e35e223893a8664641617ae2418e2f21a5b21f6a4e88af79,0,0
673599d2a7b145e2a59cf534f9120f993f08b3a3fc1de3a71f7afc875e75e55a,0,0
673a1c42f25c2482f8c01d51e0cf6baf544e157782d65125a45b51502d0d826d,0,0
67444ea63e32b85aab3781ce61b93e2285059cb8be4424f117138dd1c7106270,0,0
6744be9d3d9ca0545d6bfc3a286fb6b7fe8d06ef221303f41b4235bab480ba01,0,0
6745afc5d1103e0c841527372407c3b8b5c3f26ed05b7019bf98e4b8cbdc0423,0,0
674a7eb887a316893365b10807b8c51c6faeda25aaaf93ba9466311a81edf628,0,0
6753b53f6efa37348204e7b5f3b0167d268384423b99066ba26c0709963e8f1c,0,0
675cac4df8c666865c4ea75897595eb8c2b215ad0a5d3481a1bcc8b51914f39d,0,0
675dc4406276d7913eb0b8316a1ed82c5bb13ef189d552144df3681febaf8753,0,0
67637b6bea9c5334755a91aac680733faf6cd97e8e01146186baccf51f2579ba,0,0
676a53203dcb747c16f70c56587413551cd2f3a171c89837dffcbc6ca86def6b,0,0
67883f8a965d5e064d3a3b62d84d20b66255c9060e396b16668bed0250a17ed9,0,0
678a572c3d5d65f4e39744802c85776b51ef35f4a2aa20cd8a5f1d67eb2de3ec,0,0
678c9580d597172fa6e7e6da11a07449cb3243af863384c2ed6cdc15bd77d8e7,0,0
67957d2998efd2403cf013f5ecab67052d84e4faa006aed9662d7d91de49b630,0,0
679615aca4bd54eab24e43e441f4299068b3437d6640b310549b97bebeb2586e,0,0
6796e9fcdd0b4b1fac530306e04a6a7d4ef5466656a4627b7a1f09b9d7730da8,0,0
679c8234f151a1ba4a8e60c55b850e07fb1a7398ad766b165f9e6660c7da93b5,0,0
679e592d1252e3e0bd5df6729978e1d02aac902d1b2a8d62d0061ddbd62003a1,0,0
67a084800a89b92ff4e6b5c82f8c7c8652c9bc800bbbf4453fa532486a960dad,0,0
67a97d0f87362e214f81743b81a52b898524ef0730d79a9508169c54c96d3f79,0,0
67afcae1703cadedf441ce5340d26096d81e75b80739adaba383d4a0dbea93fd,0,0
67b690969faa6153b83d5cd1c5b3f6389a79a747b7477e5aa619355aa2b286cd,0,0
67b9d08bfaafae88b9ef43e628171ae1313871a011b134fca0df487821fcc960,0,0
67bd511a130fc2bd72f1c2a89b15ec1ee2e90be3452d209aa34fb1b911bb5966,0,0
67c415c0c7ebd346a1b499471aa0df515338ff6654e16bf3820798b057950e9d,0,0
67c5fa3dd9a8158afdf5023667e5f9182f160bec74b68bfc4266e78912efdb1f,0,0
67cc15563039ccf3e5616b9f780a56a37bb20de5e9404a61b54aa6addd76e0eb,0,0
67cd6d57567feae9194e964a18295d94aa9e117f9ab5e7e6e5c0e7b346d2c419,0,0
67d1d772c4dc5c338a678c994f6508d3e4e2e12e1ee82c81ec2b2cbc067d6599,0,0
67d882306956ebb0edf5decefacdcfaf94bfaabe273ff2390c62ba62700d303b,0,0
67da0ed51f3962ae20cb47ffb476291e97ae1b9db3c2ba45d3d8d0b330cc0ef4,0,0
67e6a14dbbf094e559f007d05d806be96e34ac521c55a16cfa47e3314c3e8d61,0,0
67e6e89fa28a5d9acc6e6b3cff71120ce4a45d86390c2347c42ef136d97d24d8,0,0
67eaaf34af97e5746a2afb2d724162421aa1bc946b3060cbc01772657bd9001f,0,0
67ec48b2321dd30be8ac6a127215055a6f854ad4b7d828a0dd5eacb9a17e80fd,0,0
67ecafd1cfd3751d85d419399cebcb77d2025b846ba806f3d3f25a5a5efe16fe,0,0
67f674eab5929690e3a7208a0f80bec593ff1340c9a850dc65ceedad2f4671a6,0,0
680a1cab8e06182227921f67c65bbf8fa9be1314e354f8a1e490ec566ea9cb8a,0,0
680b25198cff0f5133bc15173c1fbe45d221173393fc721d9e29cf4362acdfa1,0,0
681eacb8523622685b6ce7fe6ac682a3cf28fed1f7be5f69865d7133d025c55f,1,3
6825f6d9f7b685ce153000f13348a19aa81cd05d512e6bc0efaa8b7ad097d10a,0,0
683ecc5e0e9b4ba2dbcd3913293d69017ccda820505c4b01bafee426c8eba089,0,0
6844839e3f36cb9ad595058b61a70080ff974fa50e1dce56c2e89b9f0337c0c9,0,0
684563a9b7bc372b6731bb74a5e098ccd91876e6e2c9f5cbed309c6dfbe3519f,0,0
684908ee9985f390b4899098bb3d16ecd49a22c4893a6d4e1d78bcc0d602f5ca,0,0
684a071ddf74dc08468ec97188dc780d1be3fdebe723057de8e58dfbb2a16c0c,0,0
68556051185b357d6871cab65bda75e5f7fea7e86bd8fb3b0e6084b2164e7505,0,0
6866d107ea043a299b054535396af75d4aebb536bf9ed40ed157ed0eb5b48e91,0,0
686bee6c27d78992f7001391c7e448b6afe0f856463ac916ec4599359e9599ea,0,0
686c43926019bac9ac9956463375a38b96119259350448c30dc28c80049b85d1,0,0
686ce297f20d8dd55a2023a88554c278f6bcf0c7ad40079d932a5261f4a3e9ee,0,0
6874007915d76671d2195110a0bec237bea800f1f7c926fca27189f2e946b56f,0,0
6875d2ce5121c8f73fdd629bbe21fe53d51165493c19c4c2875ac5e4feb065e4,0,0
687bfd033a084ce90bbba5eb06e9f8253f92c9304fc0da38e30ca1d46b1ae538,0,0
6884672ad4da453164c3748692095276fdce55c38f8ce4c335944a6608f21409,0,0
6887588c55b93a94d840972e3ff022b6b22f2a34181366967ebfaa062028406a,0,0
688772e0189923879baced79a7abebae84cbc8a301dd58b50be994da1f0286ea,0,0
688ada4a8597ccd64de63c0a7d66fedc60a2a69f29a4668efde382bdc45eb32e,0,0
6896bddfeef15819797e515736ee218f4b259cb92b5eb963147c4ba682449f23,0,0
68a12cd938372c236b7899a0103e02ab6ef3f0785f1c56940f133a1ea8c86337,0,0
68a337e626ca819848fb3a049cb487f8c46023538c4e9963f9296afe6f7d3cde,0,0
68a68a127ce4d8bcf412e7090da872c4039e27b29aa2b72f52bb3edffd62a5f9,0,0
68aa21c7a73476e7bdeb61026623eddd1f2adb3d1c827554a6d6922dbaf19a51,0,0
68ab546653fee7546a1442fa663aab5630399c7dd685b209b164d0e91c647825,0,0
68b1362eb9ff5bedb6cf6224ef199435065db03fde140b457fba24a15cc7c80a,0,0
68b32b5d2aa5c3e7d07aa1c6ec141d7f2e04de991a0711eadbff255fafa76abb,0,0
68bcc92e355db0bd015d8d90af14e427eebc792f9aae49dc2d71f08aa4eba463,0,0
68bd4c33ce69d64a4efd0b7096f58c696e75b1c563bf05307d91cf9d62ce7e9c,0,0
68c6838a14b8787a1df82a533c7e986108188d0ce53b5c6ee5962956e270b650,0,0
68c7f48df7945b3933fbf86cfce6eff4c226499a7a2feb6a561ef52aefbd3845,0,0
68c83b797844547db694e98692f54b19532d5ee5632a5459dd8aaf5f7802ef3e,1,7
68d0dbf697ec4442bf36e14b997e3ed3ef676787935e73a65eb2b11fa4f02cc5,0,0
68d795a68228a1a4ce57f03dc798a4690bf3ba1c03a44af868baaa50ba845e19,0,0
68d9f05295b22489ebe6f287eab039e7f338504f07dd992bcf9b4b5d3974733d,0,0
68da7730efc1b047d9969ab6de8a9bf37f3bcf968d0b843864050e198976e209,0,0
68db9ecb293a80947d3128a971c807344618f4c3c79cfd40fa223d9a1e3a7e47,0,0
68e46ef500f012c1434859a9afa481e05229e2fbfe1107003f7996b9f43e7b43,0,0
68ee54a657281347c79c701a8992cdb673d41d1f9f3b2862447f6e8786153d6c,0,0
68eed38f8111e5e47d948ff42fc8dc7770bdf04c3cae8d38108776c7b322d2c5,0,0
68f297ca7139bd5ed2329ef3eb63454d4ea21a058a8f6535a4aec4398f4f3bd8,0,0
690b1b09062d5f585dfa5905595aea060c1d9e12dc32c282ec78a1eeb449940c,0,0
6911f4452600948dacba06ad6ae55803562418c4ba90fd96bd1dbc112ac06ccf,0,0
69128a78a6275b8ddc5371ef80fa96dad04172ab7f1819d839dfa2d1d2df9b60,0,0
691c796f04bbb7a7667db0da2179c46ca69bf2e25b200cb8dfd6aef3c7435a48,0,0
6932105c3ff282beee8e8f7dc94b7eefa714eda2d2c006482e4968bdab9e1ce3,0,0
6944cef3ea6adb8ce77e92fd0e874c28088e76c2d099b088678eff1916ea914f,0,0
6948d00a3f3afb8b40be7a49a5e919545de466ddf455de02b5cc747e89c03a89,0,0
69573338efce963c20b949ce6f55bc8901088675096762bd9486ee5ecfdcdf9a,0,0
69576779df5878f303aaba41d1b60de13b18c49827e377fe519fbdc8b9157fcf,0,0
695e58259744b45e65dec207a871e848c705d36be469319e0b36d1cf0706c98f,0,0
696305de77020dfe76eec11f9c74d56d08ec25a96d34d9ebc19308fdc64c6a86,0,0
696c1cd9ceda29d54b061363488dbc76e7d64f919040083647d9f318b2095c11,0,0
6972cdf8cb93873744a0217668f04b4499eb0e17d4fe3eee7359a625a863ea73,0,0
697e73dc18c2c2a520b15148a6293909ecf99415859ac7e5e62dbdf8d4f01fba,0,0
698070c20dc866d19f8fe5139119fd404f7b4f9ef2481903212f77798d17f355,0,0
6991520b7fe1e4f8c82505ec88dea14aa72524216258da382bcc3a3c61828eee,0,0
6996383f9626dfede2dc7d90d5571ecacf68eed84959b7614be7c4ff797c577d,0,0
6998e4e4ee7086a20c67be51b696b544476a01c6a3fe42d61e630691f0645937,0,0
6999ead3bd1a849246145b4d2b154bd67e19d8a1fd458318bb0d22c605b3933a,0,0
699d01080423c626c7886dd5958a4d21f3632adcd09d654759a076b18b82d88c,0,0
69a3ff42d43f5b65107f294fbf757c70f1b1cf0bb78a5f13e8e99775b2be33eb,0,0
69a44839750df43ac7088e9f2a5f3896c1a47c9b96519c78973ecdefcf503d64,0,0
69ba96374c341e0f72ff1c5ef310e3feb58b04e119d9cfb75ad6731b7ae86b12,0,0
69c4df5c4526622a764a231b13926b364e7cd6ea3e6c99ce98d436cc977f9999,0,0
69cd62abc1cb90fcb68e4cb232da5c5ebf0e00993cefa6322a7b67c63c86a834,0,0
69cd7a24aaa6bb9b5675baf636e929185c33b050e237adf99e9fa67390f9b6da,0,0
69dfbcf0233e967ef26f4924c4cfbc12c630d9ad095a063c6833cefe43f8e1f0,0,0
69e306c7fb27103991ed2f39977cb08d7a49ed75b67b1715827178443eb49778,0,0
69ef34847e926a766f7037d221236a58f1b355f6f3cc202f46fc92413376d702,0,0
69f6e26ace6d02e00edeb4b3af67fb4c5714bbe2ba058fc813103e7022f9ebdd,0,0
69fe093ab81265ea03a23f73d4ff2e31a2fe953fae91494dad081ed440665524,0,0
6a18404ccf679396d52cd6f5547ae9b1a13be2257fc90db0d165f79038749de3,0,0
6a47994f5237783934a1572864a350659eebbe15b4c8ee543bdcd47bd3c59980,0,0
6a4d23163bc70d46fcaee659fb716d5127ed6f64b03574c4313396ec1a20398f,0,0
6a546e29990cefb86c023fa251a644d4164068390cfba2880b0267494d662b57,0,0
6a59ac60e2ddca4ea2fcdeab835289e8b32fec8ea5786be818f779e17878ac22,0,0
6a680035b0f1dde2a10e58d8c63219d0e85f5f2c48aef0d66de7669d1388b9b7,0,0
6a6807f6587b416d56bc2443d2f87ef892399624eff7757460ea501cf140b5f5,0,0
6a76b7e717617520e32acfb3c397fffb925930c513ee348b9afc7f7295ad9024,0,0
6a7a47ccfc2781dbe8eff1fa5f3c0f4160eb0a639e3c0f7d10e79fc2069aadb3,0,0
6a80b05c9ae51e358842dd93303d6f384cc16029728bc86b109ca62953e6c4c4,0,0
6a91111090d65ffc0fac7455d1bcc989a2c66fbe65b405a55f4f4794411a0df7,0,0
6a9141ba246bf73251f7d6851519fbf3dbaef890538602cdf45a1305026c36c0,0,0
6a97b7dad507ad08fd3d463d3537cb93258abd6f0efd6f9672627b5c7e37b31a,0,0
6aa138bb3343b2861ce84af8f9a08d18cba4ffd9be86e658e6428c3483b8b333,0,0
6abb5c946aa54aee4b93165f4d145c179a7b873e10c3f03f60572c31095fe6b0,0,0
6abf5510164e5c32427c3d557d1d1e8bdbddbd0f6271177be5cf1ba81b16cb04,0,0
6ac12f5674e52392b80c9e6cb74ceae2ec3fdc9912b683898c3c39db3e5b254f,0,0
6ac52b614a626c62b5259352b073d5e54e815a1d68c21da9c3b3aa7006225d7f,0,0
6ac5a4a0e54f8e1a6b2fbb74c8bb4cef5b99ac6490ca8507c0a66cc3f9bf077f,0,0
6ac5f355ee35d3f9ab76b3039d58a597d0f225cab72016ae224c5ae94f06159b,0,0
6acde1a6b8c5e719d3c12df14c26022279417b2af055679feaa129f49ae4fd89,0,0
6adc18cf01edbd97db985bfea2714ca2dae21cc13fe2d6d0253382f4756fa12d,0,0
6ae5fea9dc0821e77546f793a04b16a51431b0a29a55e485e15a2b6f5ccf1a9d,0,0
6ae74793d96e556ce256b2a2cf8cd2b4db71e1a7ede37457d9db2ec35f04166e,0,0
6aea7cd604c9a9406377c8cd29e3205c8ab489cf2fe0ae20e1727aded28d2846,0,0
6afbbbf6ee598a7d345abd9692f66b521b8a31195cbfc560ab50fab87faa32c0,0,0
6afdff280c613b1c10a109a1d4ee66ff80b044cbe114489c1c26100bdcd92096,0,0
6b007df488966d09e575e6b74624940c5756e1beef87808a41ec0ddb457e021c,0,0
6b0fdc9f17c4784161ef168c873e022a74b29fce058e8aa5cd56d1d5c00e3286,0,0
6b128794078c4e22d12c30c5b04cce3b4ad86153e95735d35fae755cb92ffb1a,0,0
6b163c2646c114edc7576d6392e0c2429bc7e1840c67c15e2e8b0223f72f0e3a,0,0
6b1ad908f727bcbac7afd993872c842d5259a6aa61630086bde5c4dfe57399e1,0,0
6b32c0f8042f7e0edf26d6a989207fe63bf25670fd26a7d83539927fadc6fc26,0,0
6b3a37eb764b48308b0b6409e211108a103f23596ec4ed7683dd04e7844cb38f,0,0
6b3c598dda88bfd02e2cf05d72092a5562c0631f68bb7d450b5415a299cafeec,0,0
6b3e2ba62453d8eaa242a2c53bf85dd0c9cbfaaf3ffc7ff1a1e162b838704275,0,0
6b41b9bf0785689823ca296c0d328470f1eb38bdee1c11923023e01e0710127e,0,0
6b434c56881485e53b83403f5a92afb8072ea327e20b127abf77b3378de5413a,0,0
6b517a11b388a6b273e81a501a73d9e2aa5c4b4acee5e3f416c8c9a1bc71372d,0,0
6b5c6623ecdbe6313eb245b82d7442b355b3b08cd1b054e4ed9ffc33f82af356,0,0
6b619576193ceafe4e392718010e825884ae6473bd2c9cf1adbc2b5575c0e76a,0,0
6b6386479f95cf591bd264700f3640510e032c54e244cdac1f131437ca4f9bd1,0,0
6b67d421fe99f4dacc0a8f90d9e0d1d006a4e92ae84d5f843116a2d9a53f264d,0,0
6b76119d844f32b41a47a73296227786e0336976661b5b1ab5f6d7be38b4c9e1,0,0
6b76cd188fa82f1ff55b4333a535b9fd4640ea713659d4524cb87b40c70e1a9f,0,0
6b7a0cf8477877ed7c5cc833bd6d7f7440074b779cd8d55c75be1f9451edf57a,0,0
6b84439a7dc5bf9edbe28b5757fbaae35cd09fd96854b2efbbeaff2e2a1ec88e,0,0
6b8856cce35973eb4715634f6f1c9b31ec123f84ebace722f12ca28e38080718,1,4
6b9d62f84cc3ae52b38e9a1a6b99f560869ed984d1446ddaf5e790da08372779,0,0
6ba5c8b6b7b050bb7a794fb9446889d447e6fce749eea554fb34fbf01ba05001,0,0
6bb2deb675384cbb305b7f3bb029f2a1e3782ee0617ea7c10beb565dd869e451,0,0
6bb3091861a1a649074949da98328e26238cb20351ae05b4db06083114c7c25e,0,0
6bb400f45bbe8a197eda6fff72ca23cdd544f2e62ff1d07769fedf14417d0a42,0,0
6bc8c6f003c755a58209bc678265d7dd55d9ccc9ada4f2d6476ed3c28507b6ef,0,0
6bcb8540873bc617bde8dcea4a098777cc85d632799f0bbd14723b0199b6c70b,0,0
6bcf46389e4a45eef5634edb3b4081df7439c92e64ef97ca0aaa9d261a7f492a,0,0
6bd0738be75a2499f58713a804a7532104f7b84ef3444fdd6e08424216682141,0,0
6bdf8b762807517f10a614a57bda5927e22af1afdf191839089a9cf72a672f17,0,0
6be29e83fd685f42bf1a538f73cf56ac925dd187405816fcd2e62b0cfc63667b,0,0
6bf14e4124eb4c32ce319df316cab6c553e62ece76ae683e684095f080ecd40c,0,0
6bf2ccaab04361a113610c05d74901ab79bbb6e6a1b71db4ed5b1411368d5e11,1,3
6bf4ef689084adf874a1830887246f294483e56f0e5c1f736e5223f2220d3bba,0,0
6bf5f1c4044d041c64bc73082887d4d26d17fd28087f7b0c306d7b4d801b31d3,0,0
6bfb26aa519d22cdf05c2d95f4830d05039b29d790988e51f494b3416e95415c,0,0
6c0732b40f19054d92894b41f0b5368effc44fe402a578dcc8bb2831d0bba389,0,0
6c1c68513f75de21761e1c4b8473c772efc649ca923855ef766d04f8d510c284,0,0
6c1dd0dd06492ea2a96b259c0ba31c6c42b8eca8c502e936e649e8f2e4f3a585,0,0
6c2483e8ae90d3081cec393c312749570fb25d6ba986673e2ea747fdf34737c0,0,0
6c3a515d8fc772fe0c70ca5bee17972088645c522c279bac2e573e0deacf3ca0,0,0
6c3c173a78f9bffcd5bd1ec1bd7ed2dd3d699deda0c0e45691dfbd23d205b267,0,0
6c418c0ecf960f3cc77067727ccce4edafd06ef452cb06172d971ee8bfa7b7f2,0,0
6c41c7ff1a36b05c2c01329ce2c87997c345144030afda6e681874d89e3dbe51,0,0
6c4323985f725c81dd3a1145c863938e20b95d3cc29e52dbd0f439e607fe3f87,0,0
6c46b4ad7c68c0cdfd2949528d34cbd25f5ea6d4dcd87967f7eba9f65a92633a,0,0
6c487dfa76a11ac58090a5dd485b3b312d6d770b51ee5aee0adb49e8fd747ae2,0,0
6c651aef2991a3e8aed4a06bc35b2072fddf2ca5f43d561b47dac49eb7b4add1,0,0
6c65f62f36cdcddec9ceff9e635e81e23eb05c7f5c2a924ccc307265a33c8999,0,0
6c6c903c95a3cc65fec0248ba061bd5f8e2183eef1cfda3f3148000b75487b58,0,0
6c70a6c73d80af8b47f82baf4dd7ff70c591a75a304efc16b69f833041fd62d5,0,0
6c861f02fd04473c72c843355fd9154930c43355a821c36b5789edd96b2b11b3,0,0
6c8a21988e4ffc12c62bde5f463ca4ac54f5da0d4ee3a0826fa8958579d7780c,0,0
6c8be26815836f9debfc3f640cd9372f53da790da89251ccf6a807802948dfaa,0,0
6c98f8e84fbbbf5d8941deefa2673843ee15338f640bb1ddda0dd633f150a270,0,0
6ca99c4d69eb2a5d56e85db209239bb1527f81f5af902d60038862cc8bb602d3,0,0
6cabeab9c1fb6d1561aa495a322a58cc26263603043bb6bc37ae96d1bcb2d75c,0,0
6cabf82d648a890fe4bf414171d69059d2a389b655d786ab93b913098ce164df,0,0
6caddf2ad5a90b3fb2eca00d7e0ab0cfe448b236f2655ad16c6a0ba9b5b022fe,0,0
6cb967de7aa79b10fe51a285cecba2762ebd8bb432d8413086cc56dd808c63e8,1,8
6cbb3873b170fa5089313cbdde76343e5463ec31027e0602017527cc24da3103,0,0
6cbc3bb004d228fdf56c7137ba841dab684649d17d74d5d8828218d673fc0a8e,0,0
6ccc4c36e9f6e45bf7355a340e66d80859bd029607411d99f1af70e5063618ef,0,0
6cdacaef5193c892d8c93aac919d2a14235bed878c9c980b9342e8d3977b00bc,0,0
6ce02434261a095a235db2c54c9a362f594676e699c92ea031977f69dbc16b4d,0,0
6cfe1dcef2b21e3905c2cc992ddb1ed26f5c731d9e351fa436b9d7b992d00c72,0,0
6d1797839eb5e25bba10a20d88ad2ab2c05399c0d8c70b20150089f5f2c154fa,0,0
6d23fa689dadd3a5ca46c70546c55eb8a336e8c2dbd51289fa33c133afbe3015,0,0
6d2a6d0b0baed606a7ecb78d06e6470ba3633daf5b04035b3b26964421553553,0,0
6d2be6800e030970ea1358e40a0de94c0c67591773ae4b4ad74cf1fb543831bc,0,0
6d4c8dbc3910798b674268188917bbe77350de66a6cb9cbf4485ca4550cae8ff,0,0
6d53ea349efd1076bf72ba4f5f19c063ba3ad817fcc008bcd147598fdcb32a41,0,0
6d582867a289e5fa1b3baacbcf12e4fce2121a0a0bb69d3748fdbefd17df4a29,0,0
6d6785fe0e065440a9740266849eb794f199b85583f80d17e63c7ae2ef50148c,0,0
6d6f84c4721c12b9bc6e49dad16e8176e3b0e67369baaa88c8e26a284ea03a24,0,0
6d7a5a2c00842a0d8145999bc09d9d9ed4111221daf96ac1564c8894c5baf84b,0,0
6d827fd2d6ae5e151851a717ddabf5b2cf7ef6ea76054853ed76ae599ca5328b,0,0
6d89188ab6f6f6e751999e76a844ac04ca72764b934d43a18358ea4388210a1d,0,0
6d952386017630b94cbf8fa943f680d7ebb88141abba67c089b6abe58bf096b7,0,0
6d987a11ff089a7894055b2d53f96d638a04bbc9afc3f8261eb9aeb637655bf4,0,0
6da0841b38f6dfe4833cb1331c046edea67536a9b9e3f2c4359f4a3d54cedddd,0,0
6da3ab4452ba13a779d4e5e9444e8db3785c0040958d6697a427878067205099,0,0
6da4f0cded0b5d26c0b6af0e91dd4db6613e416aba41842b64fd4b3118c346db,0,0
6dae8477011cc5e27cef30522cfd27fdd2753b8e05e836aeec680ad8833f3543,0,0
6dafa9807273861cca766d0275d120ee66aba53a94ba534b15c4d83f56003d67,0,0
6db1a4672b1fbbc654480c45427549bfcb8507b4429e088ce355dcd2b561dece,0,0
6dc5f9926aad0b23028821b165da55a659170f0e5c7e44ea0fbcfd80018fb5c1,0,0
6dca0c0191d4dfa8a4738d48807c1fc2fe2651781ce4a722334f3cbf59bd7fe9,0,0
6de4b03c247d3eada93c130fd7b6661cfa41ace1d31266c3e73a473a83acaa8b,0,0
6ded0f6d3626ed489f5853d1f7733285ff80e899e42eaabf6d736908075694bc,0,0
6df8eeaf4303243153257b2864d86c669953a2c897ed4a24dc82ca3d8a98757a,0,0
6e1502c3731abb72b3263b5808741177f3492d580f7c9aa038685ff215083125,0,0
6e195a923fe08ae1ec312c9281d977e8be5285c45255433ed9444594c1449fb4,0,0
6e1ac605e1ad652d4dd5c4f7ab3c133d5dd95f8ff72102c93c44e1eeb89b25e8,0,0
6e1e5f51f0e6e06b5d99bad256b16548db68b1bed2f1d78548908cd4373efee6,0,0
6e27c18f6eb82cbaa7af4f292d8663bc61321cf3ea3e3abd44f76499fd7a5d6c,0,0
6e2cfe020569764a5aa199e735d2f55953f0df67c87ba4f528e07027c8f380f3,0,0
6e3049694f023e68fb7de3cfa71af777365bcd38fa228ec5483fcb8df0a15d10,0,0
6e44c07621c69cdc5a2265fb8891534fa6150439e3763139ce5251a5ad16ef3e,0,0
6e6147c7718b2955b46a109c57f503b9b5df63855dd13f7bb567ff3f6c0323d1,0,0
6e631697dbe952ba5e014d3ff218e732d0bfec931baf2d9d818686ca85faaea0,0,0
6e6ffd2a83c021dda4120e857947c8a469ed645f08303e7e2b0bec2f9a64c2fa,0,0
6e75b752454617445bb053c2aabf240a8d39223a3766e0a1b62736a719c49bad,0,0
6e78b0179f3e6653c8715cdcaf769daf86c3d6f1155b16d510f4c15c0dd8150d,0,0
6e7997eaf360aa5c6e1356c6f7fcc8396e3433ea7d530cae574ef5d83cd305fa,0,0
6e7f3fcca1fdb006dda5ebb895fbd775f0c882b3cd6a54c139a2932691b9c241,0,0
6e8020826235de68c8b5703efca98e19e36bac3bab89d5df02b94f14dc06f595,0,0
6e815081db46e23624ef07d3d9d4f4b70c6b7f41d45d877e02925f8079302695,0,0
6e8839701dad17f9624829719d975881fd49c0683ada9348eb9acae7c0ab1e43,0,0
6e89dd4892ca12b6c5d9384f5c93fad582bbf7dda27ed1b9381bb807bb362dc4,0,0
6e8a046320eb81debb781359c112a2ae2f14970b139674e325edc46b4a98d628,0,0
6e90f36b0bc7b74c91bc6f30aa48b905465b2fc53083a7fa46a0a27ce6646caf,0,0
6ea10248f9d738cf3deed9a5e76a8a141c855735da0ef5a3b04d6dd135f1ccb7,0,0
6eae5611b9743553d110d7c3624f562027f6d9ce327ca34013c4b38f303189c4,0,0
6eb343f5e8a059df94fe5a2164b749c411c4a0cbb7395338146c830501356137,0,0
6ed0c37cf8fa60981bacf812b9d8e922a426ffbffa8a53b09135070015658a57,0,0
6ed3a76b603fd1d7eb736970cef1d75f1d65eaec94d0e10af624fa8f42b556a1,0,0
6f0237e633525bc1a7b23dba3869414c7402fcbb8f7b22f24c256a850e1935ab,0,0
6f18d14767d44cd586adfde9b83eff0761e354fbfb659dcda920b08858c409f4,0,0
6f26d23c8432ff0bc8ba450a1006ef0cd6356bbf006d24acf8740867ddd3cb57,0,0
6f491f66aa8f4d143ff5053b4eebecae3df4bb659643f04d5dfd0cfb1d7ff2b2,0,0
6f5de20e462db86fb63ed07a10b927f5c088f2dd4710eec6f5e2f79b79b81b42,0,0
6f60ce38e6162f45981130f9e1d1354f63232067fb8e8c896c6cb883c07713f7,0,0
6f6c5b5e38e2e3660e7b5547346b7a12ad794ac22667931049594964c41b6dca,0,0
6f6df9c82c9d7a1c2c92478c3d1da007099d8866377295575a22fd77770b4d27,0,0
6f74adf550dc188172af7cf1d9207aa7767fc2f3d9da387f9e0898ac4501e718,1,3
6f8b82fcb4e50cdb4cbadbc2f39a8b219cdb20021898cd886b08f946d08b0d7b,0,0
6f970728de5218f1d11cdf845d5f8ba18d2aeeee1157bd74742b862624519b56,0,0
6fc166130ce1ad56667d89442ec00aac86ded6c008816b0ee72e0ff9d12ecc64,0,0
6fc34ec38695b216ba87db600ad286bf950e4d173c703aca03f8a94d880df421,0,0
6fd54384a3c94bd194fcf03bea1a33f16b7d823f2488835642b05de556a21f0b,0,0
6fd64a5beea17edde22bf42139026335a774b2db2fd85b3619ecc7c782df4c62,0,0
6fdffc96c74f08ea776a404cffca0837223e2c9d485e248ae25d6e3d52dbe122,0,0
6fe10de61d1a3994be5716f4f3d754061548c8c65afaf452bf4728b01a0cd314,0,0
6fe48386f3c041061a1ff20fb4a8618e5fd9e25a252c14d550aca0fab96f5a71,0,0
6ff0c3fbcb6ffc2d0051b53d64bd8119848c4af7a7ef250075eb31e05d4d6810,0,0
6ff861cd2b1faca5b070c86a18a5182c49ebbea638391238002217bad7ca2c7e,0,0
70058b2d5a7ed92207d5d579983e42d0c2208cf11f82312007de063813548a2a,0,0
7025e831c7ccf288ae49ae411dcc43f7df40c7925c8d81ae87f18ebb07a73b9a,0,0
702c691cbbf827abfd508a838003a9a9fa75e4918515388e313ec7e37d38592b,0,0
703093928374db7b45ac34d6cbdc852596dc7bb338975140d228df12eabd4dac,0,0
703460903b6a0ea7b203a66bd6e43f5d269431890b6e84d5de6aaa877eaae805,0,0
7037789365cf61f44953f9256d3a05c76a965dac6ac7303f5e9bba1a93a6bb8a,0,0
703bb517409348f27f825b44178c72e4035037482ebbd30fb439fb9b58653d12,0,0
703bbd818ebbed7678e7d3b9db6ac3feefb6222f63c50bd758b8177680f874d8,0,0
70526b014fa74eaad5d9963d8286d0d31d43f276b6bb2825f66a2e9c9dba0bf1,0,0
7056194c298d1b11590259a1becf684b750cc63eae0b1e7d833435bd0486340b,0,0
7065669b44bb34edb7bce1b45640b25b38ec4767277ce518c213aaec51a5c73e,0,0
708196b781ae782abc68a659f8761acb3da8703565c730fa5c2ee61fd78198e7,0,0
70876062b58634d202cedfcbd006db725821805c53e5eb773a97776955983325,0,0
709f6bb0fd3b0fe07a5cb08e0966c1a3c68cbc67e2702f3cf520af894d01efd3,0,0
70a37898d3f3d15f3ebe1ad999cc2fb9be4e6358949390de77cf0bc8a2f9dfa7,0,0
70a8cdf7f8277ef2f97b6e7a30d3edf27be2c9d620cb8f2cc95527831f819187,1,8
70acff632cb72d9c38a1359fbf25cb33bcf9cf0697e2aa32ea2f76b445425d1f,0,0
70b071adf41727d32cbafc2558f74aafbc9eefebb0a35f818cf81055472dbf23,0,0
70b450e31eaff986caf096b9ee199105f68a667c39def37c45157a155e4c6dee,0,0
70ce1dc2b0e6971b38d0332546480e3842ded07e0770c0d83ca3593f15531718,0,0
70d6014761c978e9756b922a15ba041a0bb531b2c513982646699318dfcedafb,0,0
70e1edcfea4960a1bbf228f4a9f259d4c2a0239c6eb1be25e516b4cd58808ee9,0,0
70ec82006e3eeef676d569e3ba6466c9e2d377bf2c3e4df434976c9f2ba3cfd1,0,0
70ed5d2412de0ab20c35cdba4ba15a1b1b54ca53ba1a5c972c4e9b42bd777fe0,0,0
70f54b947a53cb2b83305d35306e35ab0c9ca408f378277dd79deaccf524aca9,0,0
70f5fac96d49038d1e250bbd6e254b81eb7a4e3e2d27d5e1a13bb74cc593d2d8,0,0
70f8e37ade57112047a8f9d9ca837991bf742fa22f896eac4d91918aacee174d,0,0
70fc0b18a3550c5c0c6d136cad0f9360c5b5091e2b673d264b36e5c4e14dba3e,0,0
710137ef603713a1ded41d42e0cf8040cc36ddb78b4a90e88671944fe254f8cb,0,0
7110eb66cc4100cff37ac968b73375c6e58b6ca35e45556b65a3bc64965305a4,1,1
7136967203f556069db74fb66ca2ed33395f784d410bce647e59d170b43af65e,0,0
7138e8cc54fa742bce4894bd83009d7b706e0efa1b0108bb27249c618f652649,0,0
713a1f5abc2e7dce1c6592516dfac4cd3e712b77662aa7de10cfb411ff619448,0,0
7140f92af806ab2598146773abde656fbccfaa40c7228cb8ae4952c0294e27e2,0,0
7141bcaa33fb3340f79835a07e8db0097dd3b76405ed2f2845ef910ff8fc80b9,0,0
7146620d78f4ea49f9a0d7fa9bd8ea2e32530d5f96f59d46dc29688c6b377b25,0,0
714b99e41520dd6934280b709428ddcd85a547475f2fe19c39ee3cc2483cd49f,0,0
714fad6435d2255cfd3f86fcb8b28fe91a29001ba9deaedee369856c70437097,0,0
7152afa70068ca270b42626b3a2f6ed1b57902e19b2b16a52f8fa72a114944f2,0,0
7153af913cf0af11294b2ccbf45a8ca5410781c364ab3b56ce3f755bb86d827a,0,0
7177b808da909df8dc675cc997a359fe9d2d9e32356112e931200a4a70b08fb6,0,0
717b9a9a7d3f1929645b3ab2598ba21076c076b92d80bac0686e79c66ac952fa,0,0
717f6c41fc985c146e4a072b13b713b89a5585b6a5c036c47e9bb728f3a540e5,0,0
718869ecc4c8989cc0cf17be854c8cf4a5833906b62219ab6f605c6c3cb81571,0,0
718ee407e093ed99b6e8f4c1a4acc2abeaa72509ab9d271fbf3cae2f1e06e0da,0,0
71a015f0be55614171bc07d9a5f9c1d655c95bdd5c27fb6610ede2f30b90242f,0,0
71a1b88c9088a2ddec2e55506ae56ea9a96bc3456ef943d967db468648eb7e3c,0,0
71b5602c8809c31d03c7fb8e28629a75b0739a86123ea4b19979016319d13577,0,0
71c199d0add31aab201c1efbc5646e767e30dc92706e0245f0d45ae746dcdd79,0,0
71c5ff1219c21a50bf681547eba18166d78dc67a1842bec0b297be6b84960cf2,0,0
71c71d3d2b9c105d7b47b56124a013c07248552bf29929bb9910711990af7ea4,0,0
71cb81f41e0070b925d4991d367ff1c08d114c8769e6db9d3f3a5812b2d72832,0,0
71d5fa9a501c68ac904eae04873c49afb5e6004c9ef287e77a02fbeefa41cb44,0,0
71d66322c2d194817595a090339ee9a91bdeb54c89e90a290c87b6dd47290f60,0,0
71da97a1299065f8bf41a1b56b25320f6b843b39db556771ef473a851508187f,0,0
71e2752c65a3ede55ff8cf2b9496339cac2da4727960846e90d379fedf23bc0f,0,0
71ecc7e0b3d93c9ea22b9db511d64aeb2aa67824426c31c7a50b542c85a3d14b,0,0
71ee320f74596ca13513835ad79fc4a802b1435b8c0f8da233b476bc3e61c50a,0,0
71f4ceab91f38b4686d54b535cca7658c3d77e3a2a443e74e0bfad5da842ee87,0,0
71f607578a60bf94ff263141ddfa7fdef2b4e08d56dbb581af0a9cf7a6c4b3ab,0,0
720fc8f49f71b032579c65e3ce0096b01dd7c1e8a16a247f3a4ba1901ece7d51,0,0
7219a875f82f00e90da472a06d7348e1f218066b462041a422ed8818baf9d8c4,0,0
723baf7d574d7f573c796a335e6af9275ff726182e035a8798827bdbb40732a7,0,0
726034e83142e221ae78591ba2ab7ca522529e337b24714c815d8e91e6582a5e,0,0
7270e912ea80cf4b2751f8568d2525ae16c0701605d9af83152be22a6ae6fe46,0,0
72857ece1863069136c7e7d28073068c9341b5f8346a260d1999f7666cfe65cb,0,0
72a00a9a6ad0545c9ba5c34170e3790d5b629c1a0a9ef0467ebc9c2b614212bc,0,0
72a2dfde008080e5be08a53b0bf10982361473d66769567670db50e30e260f24,0,0
72a4866455bdf4360c462665926ff906f3d7beb31b6f62138f56a71fa08774f0,0,0
72a7c017426c62f727d91fd51218d47b96b230010e8e15908dc547d4e0ae225d,0,0
72a8a234e23301a0e87a2f9a7bb5cd66804eace2fd4938c80c1d8d9973efb480,0,0
72aa96783977b5549753f55264d67006ca910997d1efd726265e7bbdc7d5148b,0,0
72ab0050a2350e157b206bd72e93f593d2ffcc8e631b3a718b871843926488fa,0,0
72afbf25b690b4f4d357408831347b1dabcc74f0dfbe3623f646245ad7aaf002,0,0
72b1cff4fe7919267db0e99567e44bf33b1cd658ccef9d040f26897d2abec7ab,0,0
72b72b91c686ca85ea2dcc76335e873a01c48afa1a34c2f2afb2857cac678dbb,0,0
72bc4b8121099195bc59fb18c6efbdb7e2205c29ce9d74a5cb46df5d3dad82f6,0,0
72d9545a678eb774af56834c6e21c1f41d303360e18cb026102f071e83e327ea,0,0
72e00f2199c31c4dbde42ba9a78510307e09d0b728df33cc60edb747d6c8da39,0,0
72e7f0850e23764cf35b9fbe8f66910a3a82ebdb2865eefe44d69fad2a4c1e4c,0,0
72f750eedd6713a64e1d2d43f577d62d420217e4c646e287582da0e5faba981c,0,0
730d10a420508d9c3b476c6eb037d97fbfaef3d85891dd449b39f4e5ad884a63,0,0
730f603c2351e3a28a73b83a237c1267c154eff45cb9d47bef944b9251bb4b67,0,0
73143b196fdc7dc6ae994840aa64cfc7c43fbc7aa848335f1fae34bd19632287,0,0
731fd4d56d2a330dfa6c9b0c97bd185b3f288490fa9e0382548d91e409f01f44,0,0
732eaa210956167073490eeecffc0daba825f7ff0917abf4505acd47ec95ce14,1,4
7331359f4c29eed773c9aa3649aa2eb0849fb061a98a3d33d0257c7befdd7136,0,0
733686513ebab280ed4e39a3dcb677e8ec18df69f249b391ba2579127947a72c,0,0
733efa91ae7fa5b67bc6468878cb24ca6e5f1a1d5d8033a2941cce4297590a56,0,0
733f3adeef2caabb39a75299e57c5f3011328a16d4a7ddef83e95a210d2605fd,0,0
7346d9470a6e888ece5660b3f8a37645c641dc44031e0ff7186196c62e8da036,0,0
734b55be9cfabfd3567a3d70b77eb3414dbb7e8b3f34351fcdaf5d7afcae7543,0,0
734def35ae290a1974bcb8729117f233b6fcb482e3aee4673566c1a6d77a3173,0,0
73550eb77d12face6f289d54cdd8d1d3ea88b37ed35184fa023384118f452d2c,0,0
735545431b678b8fa1b356213df82ed8770cdf73d37835b74b75e9489f3ce604,0,0
7356e3ae2bf912693134e5a43ec057acc562b5c0b26d40c2d7de3363e8305140,0,0
735a3ae75096dee5a0451ea2ff48d6f1d905008b8cbb93602f2297f33a1dc127,0,0
736869a66614ee1a3b9c095c26a594284826db4249920f4cabc6ae93d958389a,0,0
7375ce9c991aeae961d3c18520b1b5350260330d0331a439a253999bd02d7275,0,0
737e7a054e4ab8dbaba4603dea5c17fe6ebf11213264ccde350c39f5dd297f2d,0,0
73830bdae4ea73deaf8186fcee4fa4cdb6ad28b677f0f65b50c59ada765799cc,0,0
73878605173af5de4779b75be5d550fbeab31c414ef30567ee2b4dde339ba063,0,0
738b93b817c6098569d3bf9e708f6ce455607427ef269eadf0bb8dcc61054bdd,0,0
739023b3db2a63ec4c34c4e6f87fab5b7c08bb3796d0f449911d67fdbb0ff53e,0,0
739ab8162144952c071eaa51c0f6947640870c28d08790cb1a972994408026e3,0,0
739da0aedadf1d49545c4b4c6439540dabe99c083d15e2b374e27683bb8c9da5,0,0
73b029a591caffb401eeb0a055ca74eec6c93d939b61470f4b1cb6f2663213c3,0,0
73b428ff4baf8a8445bfe9bdab0c8f80d143baae5380a37350b918338d7bd0d8,0,0
73b9436942816dd8ac17bf537296cc7fafeffe2497a2c84da6a175f3426dacca,0,0
73bef6d50bc582c2ab8dde11793aaf931e60a0b772a0a65da4a2f54b8050991a,0,0
73c498598250ae52137364ef2a96efce6f55c946f2cd7ced00e55f4039cff936,0,0
73c9e4b18501b4548e0924eb1c07fb9ecd178537df1e99ebe35383027394b4b8,0,0
73cd2dede484dd74ab7f5e8b0569d20789593ba67b84a63fd74736891b289b39,0,0
73d2e6581a59c00be96d773a3edce49c2d5063c82a608e9c5c4ee894ac3105b5,0,0
73d677bfaf836a680665011f7347f5ad12676cde48b2f8a67a4892901562e61a,0,0
73dc8af4c6d4a04987c207277da834f01910c5fcc199e9d22dee8f503f1df278,0,0
73ddfe6e20031df2b727b1febc1ac8b8fe1aa51f0bb253927ec0e12aa9281e66,0,0
7408e8d419996b4129abd07a277a7047c828cf7af8ba4187449885898bc99377,0,0
740df9439fd18b26935b613770f83673fcfc23ab91cc727805984d015bc44d61,0,0
740ea03098d90c3a25d1f6900892ce64510b6f799d116629f170fa5c261cad26,0,0
7412325f5595ebf55fd0580ab2ce40de973d047bf49f492d3630761f1ca77b3c,0,0
741b5cc04f92c7059184ccb669bf6ea0c857f769a0440c8247cb69434563b75a,0,0
7422b553180496a5ef7911fa5899e087abb41c897bcb989c0a3ff474fbb7402e,0,0
7423e2f3852e3d3bf0d49d8dfeacb8456b59843f01d6e36df3ad450872e77d08,0,0
742bf7d24a5ecda2ba149a970948111b2b2dd65a6dce01d573f7fd8acb60df36,0,0
742fc7aa8ceb3dd2ff6105bde597b15c1bebada1e90f195ed7635e46d52fb832,0,0
744aead838151b3fc6ce53ad6d9caf8ea01f4bdd90abad80f37f0f174ca03552,0,0
744c18988da1863705e93f52a5aace55daa49225c3074845857a3a1dbb1dff55,0,0
745160a639260448783fabf3045ec2b55b38d46f759e2c680b7f71668d1adc78,0,0
7452ca0158cadbec042b0d4c30b75caa38a2f7d1379b20e214885e80771c15b0,0,0
7457fdb39e8d9514e063e039594348aac5c7754365f29bae2e32f5488c19eee5,0,0
745a765c1fe69e4577e3de64849e04f46d99a1c7b600c6fa9ae6d99d9709ea49,0,0
745e56a779bdfc7c3000f38193c9e55dd6bafc04dee819dada7e534499f17ee6,0,0
745f9d8d602c33245102ee0abb9e1a41dc0033b9aaf9111fb046b0a02fdbc0aa,0,0
745fe02f36d661590de2ce42e84b6ea62c0a6c9533b68365a5505cd499d8f803,0,0
747612b1e6879493ba8d961c62a71707ddd444b4804a18fb383e91741e567af7,0,0
74761965c3207922b0c73fa0810b843c9d7355d4d5d244257d08b7718322701b,0,0
74789239bedef67183eea5917919ec4a7617249103e1d89f6c775aa783480697,0,0
74b8f0f3eac17ccec17fd5aebda938862a1c31186c0b68a6d1bbed223c7a4b84,0,0
74c9210d9371a1392a8ad77d9103a1d454a0c4501f482d014ce54fe008c7a501,0,0
74cd47ad83ee1c6d99a35c7334a2ccb135b6747c1e352edb5f6573bdfa8e5e42,0,0
74d1430348225417491ce1ce6710fa4ed6d87e4b938ecb15d377401a83d1fcfc,0,0
74d276df47ee3be44211dfeca00185cd02b6b5b52c645b1cd2b211f5cd3ee516,0,0
74d830bf69dbe403463b168f458c20eb63d42a54f9feba5972db48ec5bdff4f7,0,0
74f0968460c1dd6d1001f3dc3e25a5bc2ef323496276ceb8807c62d54efd1162,0,0
74f71893f11287843fc3bf1cdde56853e42a143e1c90687f887f8b572a4b131b,0,0
74f71fc02fb46b67ce00477a7604f7a387109e2685986c7ad4faeddae6812378,0,0
74fb0915ed638292c7858c89135712f850233d37f15ddfe1bdc3efff6cc40695,0,0
7501752e91c4497d0cf4564997bf63810804779d2992eed0ca2e92007146f130,0,0
751b16079d8e53610f49c4b2f2d182deb0818cfe0856cb02bd41d719ee17f1eb,0,0
752785992256fb8dbb3496954582f51d1d03abf57f11d0e2f81d42a3f5466122,0,0
75295460494e6bd635b26128525642e31136125f0473dca8148422079c54a967,0,0
7532e3d7149f8e5a3c765aa0afb7e995f1633918f0fab2ea8d9366646de23aa5,0,0
75473e152cb91ae447c4f2cf8a02df7e787f8b6ded93d2c89401f31a7f81781c,0,0
7548a6946f9c47bda88badab7f068534cfd3e8aa06644b601e0c5c62efbe1b50,0,0
75506c6538746f95ae9396bb032a0c92464914f3ed11abfefb77cb1ca09f3ff8,0,0
7550c02dfcd9a8466b9346475d9d06ccdd0d44bd979eabd96b76f110451ccd42,0,0
75548ffe391ae97230f2776234db02a3b2f4b693d6296e85708e128202e35a21,0,0
755ebaa012189b862abf3361e04cbd3f52a6cb6623a73e2b5384946cf5d1163a,0,0
7561dbdc5846f24d2ca3fa411ce7b98830cd99a86ed3cbbf38499cca67703b1e,0,0
757272884b0629184eee67022b9abd62dc6660fd1fbd7bbfe990c173edc07f05,0,0
75728b4a7a61683c1b0ea0c76dc3a22efc46447cf416fd933c475848e36eea92,0,0
758957c6dbe3e53553795fade86a356aa026b92ba2fc19a91d1f60575aed4f57,0,0
75899d045b1d713cbf3f3e241712de315fb2baa0c31004d9afb6f749b081f339,0,0
758e66be4b8fc4ce4dbb007f62b1c49cfc57885e8c6a811712eeda2742066e8b,0,0
759fe0f345649045a1fa53a4084e7085a3f4e2c6dd00abcf6889dd80483e5082,0,0
75a90fa8e09a77038e06b3b869bc228009bdeb0f429f4dc238d394fcff293b6b,0,0
75ae99d0d96c6e4eb1514ca53f8bb100a62d2653a7b8242ada5854e735618144,0,0
75b7e2fff7c6fa8a48406f9025156ca9221ba55c956842419d6455ff9b6abb0b,0,0
75bf31efa5c7a717a7d85e1537403759f7a738f80f0d5768f0441c1aaf99ec83,0,0
75ca37326171cb74846d4bed0445993c838ad8c008f8d484a2aa25d528eb7099,0,0
75dc0d2178e19aeda610c11f44170b3e5b3783568d9cdd7820e796aebd1c5289,0,0
75de2d9f5cba2d39cb56c3eb79001336a274b46b74512b5e0765e39a6c259d6d,0,0
75e1ece6c1add90a63b424913580451ad1ac44bc95660baba116bdd61d2260c0,0,0
7601f3b568f284df6bd81167e78b4c545c7777cab073a33e4e6e1b450b5f923b,0,0
7601fa47d7397940fdc4832fb37da9a55b0aac804635f61f4adc9af938e56b91,0,0
7604fe8ab73198b186fd329e53bca5649008bc29c50e1ff8cc18d6b320f4ec4b,0,0
7610ec7326cfcaf55963bcc421e507c5b9f5298ff7e58b32569a343aa477ad13,0,0
76169f4e8fe47456912a4010df3b777ec1541d0acf402b1adb00e514b98a9a2e,0,0
761a140b6884c408e1777537b768efbd6ff7119090f33373fadfbaabf264d18f,0,0
76327d1c759728ae6e6e8d176306223ced5a798cd18d7128b377e5d5be049f98,0,0
763a2af04e9e823ef0c6f975021ec22c58cff91133037116138e181e1d1fcef5,0,0
7641217cdfec7200e20c87bffa26b8228daa875f6bf236631f72cd396b122406,0,0
765eb1d1664ae913e91b0ab737878136ca218ce0085ee2095b3d5c1175e6a91d,0,0
76698b33bce2210ec24e330e73e4802db37e769b4ceef7c99afdcb3b60b96d1b,0,0
766b5248560cb7174551bdedb0098de28c67c695871049e67221eb2b31882b38,0,0
7678e1c5b972f34cd18f10efb358376f71ac7604cf329c456ac1b07344ada6b5,0,0
7685f8d92bf546790a89404d5c25ad1e73ad53529bb5f1d5eb5db2f2aef69a8a,0,0
768b2acbbd9c04c4e98ca50ca65a05d87be60db7fc25388dac1cd711fe032b72,0,0
7696344aaf508496eb5a6eba56808c4695d0dfdfb69e3f7ca657938f6c2d9793,0,0
769ae04856bc713c05653ae5c246b3864d6307ebc32766e3dcfb5ec3ba94d786,0,0
769b6512d66c5a659e0f81c6fb160b8b148d97ab8f71685175adcdae01e3cc87,0,0
76a1776358a82e194513d5fcfbd5c4e8dcbf5ec8d6a4d44cd959821491ce42f6,0,0
76a474520cc15f008f0c3a8697267e32851e0cfed500373b8d13695d1ea8956a,0,0
76a8cc8012f256166c3b88691865edd77396e2160fedd016735f6bca0b19ed2d,0,0
76b0af7fdac64797442ee3c1c4bc660e773f47f6836f46a7d2a7ac72ebb1dc5b,0,0
76b60d8b034484f571a914ccc8a766ea82337158a8e9cb3ca91d7ac34ed17f62,0,0
76bb79136a13f098cb47b34a5c48fc9e2674f09c37f7f896d1d9087e8d0ee304,0,0
76bc004e4498c07f7269a508152524312e242d40dfa8f7325cc9d37d093ed99a,0,0
76c09853b654e143ac1c68d72af1613aa0a1425e62caededb92516a81a31f019,0,0
76cb0e60aaa3bc56cf4ab97a5b20c8bb2e2d2ee201a4e86fb7be48bb17588ad7,0,0
76cd575316b05fdb494b98beaff70117229a3b31f0bbd8cedb4dc0c1c6fa0421,0,0
76d22938c54a345134203cfa1b8dc51bc37c2f64cf08729c64714fc2f7f5d2d3,0,0
76db47b2f8082445ff2e93aa06b5dd1336b38cad171667bc8d2e13518d923177,0,0
76df74c3eabe1a3037c2cc25e2429b2eed7ef7492cc35c7743db52764bf2f776,0,0
76e1673f7a46c493a3aa631838daba818e4cd29c1ed7f8b9d7a0da137f9118db,0,0
76ecd90e12f762125ba5d1c59369d1e0540b5955fee567481140df13c0bb8238,0,0
76f47b4903a162051ab60f7672d6435af982c9d15f8da466c3e282cc1cdd64d7,0,0
76fa04a83ea3ef36ca3df64d40569b0ed01173e5aa58856cbd31e1d866259a42,0,0
76fc719355f7f815f67c031fa0f3980a07d932ac584bf5b7f450ea5c02407bdf,0,0
77002e1f124157f899f59c57835ac519516b5d011256cdfa650e013f83238920,0,0
770ee7e9f043e9a89555f81a380eef3d41d7b30184b1e662dc59f5fbd519d232,0,0
771306a8779afe851aa9a91c298b29cafeb2b806d9419f902059424ff7f0c0c4,0,0
771433358f242da9c8f38ee40328e99d3ccfc8883ca88f326d01e045b85852be,0,0
7759081d74d1c3386a3406690da50248d5282c809ce58b906efc69b420f9d8aa,0,0
775dda7ab94592096c352716a3700d6b66dec4788c2decc5a7761722a841ef76,0,0
7765af150f68bc2aa850022b9472146c70c8eb310c7c6cc56818ea12e6b7e01f,0,0
7767f2dec518830f1992faee697acde134105758c09d20220a24346843641411,0,0
77694e031021057552c45b42f509ce2b56b38811ddd6612c120b27fadb549bf2,0,0
7776c88501434f39ff3fd022ca3aebaa14621637cdb089b36f635880d89e036c,1,2
777ab1564c802c0abfde51659acbc6f810a554022a36cc0764d4fcde147954c0,0,0
778c9e60d001c7eb87dbbea5b4cbff111785db7bea65788abb48ded6a411e5d6,0,0
7794dd8e54cf7eede2593e277b8dc0b68e5b136a37875dced7251c0ed8b24fd4,0,0
779e48bdd6f7e7f0c5adcff95935ddf275b2346793328a2a57d5ed0d2e3eb306,0,0
77a515f50dd035ae8106de29d861da2f0bae1fe619517759944e0ec686862c1d,0,0
77b49b5883ed281dbb8b9be1a28ebea3dd783450fc103f0bf2337b05f6ff920a,0,0
77c246c441ee9ea76d4958ce05aacdbc076a4bb5ca3346f40993832350ab1b98,0,0
77c31f6b5691c3ce16c59b2bd563584a7f23ef16065e6d3aa1bb7583ca2d4c2f,0,0
77d0df73f64a1504c6aa8e6e6ffbe59b45bdef81d641772385018e1ada0bce33,0,0
77d3fee624a2524aa0e1e23064ba7d68ae4c783f1330130ed9cf1839aca656a1,0,0
77e18d122386a2df7c3228e4ec258443e0d5f49626987b179a79abcd491922d0,0,0
77e6c56ecd112392f153286e02cb534f4d429f9477c296bf038b1b1d06eaea92,0,0
77f958ae02d02d2109fc7af95cd8d65f4a60c8bd51f1e6c88fb508f59019e27f,0,0
78065f73de0509f325edbe13f0e990736e52aaef524ea6c6a9845e984d5ce81f,0,0
781a6cf50fd6662aceb8a97409094d49cf63117c3a4c495d6a0a21bd4dc74b21,0,0
7825fcde3bb651f2b24872ada26e81e4cc21a4d31c4a019ae958336347fd11ed,0,0
78403ebded499a591444feb2f936bc3aede552677efecec2ed810a17120060e9,0,0
784a57682fd757dba0b555ce0adbb8aa6775891f7dd8ffe7e75d8047fb44b735,0,0
784baf5f425ef33576ec166fea83116e1adc27ef335f8a42e25213ce07e48483,0,0
78541cd7551dfedcab52716e22249a32e80cd67767f9e13d69f84d28c2e829d7,0,0
786dfd24520c765bdf65c3d69efe77c5e775dc813252c0164a9f78814a3917ed,0,0
7882a30e35863ced14fc5aad475623394a8731c7b60c976ed9fa7c5279b29e02,0,0
788bc8a680b958e98dd033dc773e82f32a4f506e731d543be48cca10cf07431e,0,0
789ab3f184606dc0c13053ec69b189a58518abcc06796cecdb0285f5827fc561,0,0
789f5031fe9283cfa6cc9a0c391b62657a7223c73fed275693bf971ee63b1db4,0,0
78a99302f251fdb0a6dc3185dd6f38637334e8abda0f3b74be39b25a730771b2,0,0
78b2f8cfe6d34003a97bb4b24109e15c99198d7746a590bf14a1ba2218a25641,0,0
78b511b77b51fcdccc46ac8added260cae3fa5aae20474e2479bd523e1f16e87,0,0
78bc06340725498077084d900b4c4b87857bdc3dbbf668404f1284852f31e14b,0,0
78d13c0a058a90908ce0d51c1daf900703ac4fa75e50fe6ab794fd74501a80dd,0,0
78e9f7f84e08d81546661c04d9eb0bcc6f8b2cd5b1861c8919bbc1067a400dea,0,0
78ebbb244164a186e7ab953595d347ff982e694216a67aca0f20a39ac07d318f,0,0
79192a099b1b73a33c673ada421c100978542129f6adbb84b79479a6f25775eb,0,0
7929dac8f82db0e8fc1188f9eac7388658b377c4bd203d98cbe5035cccc6ac26,0,0
7933c5e02b29be03d97d5780dcd7a4cbb475c07d17a71261e7002f6ef2efa55a,0,0
793ab867a7cfb79d06224951807f7956e3b7125984f37ca4a2ba14bd037c5ca3,0,0
796a047f6482af99b6f3cc6122b3568e5566dd8f117c474f04faf1e6cf7da2f4,0,0
796c8c665315e1423cd2b679175d55f4cec0274d9e0abfa0efaa89d141edf4f6,0,0
7979939b03fff9342541f62e85e69efaf4cb15cf85f119960625ae38bac5b918,0,0
797bf713cc103388964c894152df7b157596f4ce488a6341f91beb16fd8c9ca6,0,0
797c1dd7086ad44849fd5450467394e74b1eceb2a207f7acd2ef73b000a7cb3c,0,0
7980c67bf95c164bc8ed72eed02806c416077522a27a4f640cd5c2fd8a73cbee,0,0
7983cb46e1c57d4b198ba1aeba967300be70f1da759ca0e5df1342f6a7a35b9a,0,0
798b4a1e417584adfc6c6394718b31e4141e35261cc5239cff7ade6f42634e49,0,0
798d0eec207e1d48fc9ecd6785ddce33a3eef2442006a944088f498af33672d2,0,0
799577f8a8e05b0fc2ed9e3ca9a33f0b3c0297d82e68ed16b0364cfffd75968a,0,0
7995d541924e640d2358ba875b1c037fde3c08905a7f79a8e884e652a55f476e,0,0
799a45468786c3859636be914e0f333ef99ba1b69dd2b6135d219108b1cfb467,0,0
799cab9247b94ce80d28630e6ec0081c5258b98a30fdd9fd5b76bad916376f25,0,0
79a9c4c37c2b15420aedb5f7968a2d53c39f5e896f2aa1d5c4ae5c16f4575a05,0,0
79aa10e18120432da4f8bdc142810e333be21809014e477fafd89b1aea5f4267,0,0
79ace4d8154509b0f0febbba5369cfcefee73aae42d8fc0b178c21fd4387eebb,0,0
79b5f2ff384fe960b68b51ffec114c627d7e4aa7440c6a965ec3035220583248,0,0
79ce27b537e49590f60c365c4664b502330e8fdb7809dd8f227e447e43a5ae58,0,0
79cff82fdc9d8f5ccd5ce0d28f2a4aea813d07bf043a765668fe552fbfab3720,0,0
79d5db931c0990251911c09fb87dc05a7be8d455c3adf2c8c630812dd3cce736,0,0
79e2a33e123eaacf3b7ddbe31aca5f39987d2c1bfde506b0f6360a3ec100c10b,0,0
79ea1823d8c75c4c952144c5967de21ee80b4442195b68e8357fd12d1d1edff6,0,0
79f1b667086625ba9ce87e99f1fb7d7b5541156937e50d89e90ee3b26d42b6ad,0,0
79f8b65bfd9f6bee26784934ecea0fd2bd7a29fdaff7de8a26b19f59f7a7e539,0,0
7a06dfd8702b56f7d87b8e394d370b0bd324928780c4b05a1ef0c7b692179818,0,0
7a2173463ccb8a08ff5db88f7a83112a954347ac198bc192b02d0c90e6054f8a,0,0
7a2567e8b6421cd8e52bd24ebad915cdcdde7ef8de5c9a97c429fece0b99ad2c,0,0
7a34e8fe8fb7be26051ba4a2a1acde830eb9654bc4b24f1236cd649abbf53375,0,0
7a3bd01cfde8adb19c27a907376af567ed4e1fb33acf0e346d5c043c66400c56,0,0
7a479ac5ca9c721928c4940c5d83ac0b2d26d2e30c0b61e8422720f8c5179c85,0,0
7a56b216f60b19827bbd2110336c7202ccc1fa402d51fd09ac61e0c153868232,0,0
7a593853fb1ffd1730a67d64a131c1da89ad4c037c976141bf4902073f69c276,0,0
7a5e618a7f534f1a098238d20114cf4c2decbcd93a79dedccc5718952449018f,0,0
7a649521cff74edf3197a40931aee2bdc7c98e278ddb60f67952205b0c2a9f5f,0,0
7a6ee6155a1b6ba761df5a1fcd52edc8433824ed6d5b84deb0eac6bbd8f20863,0,0
7a7cb33dbaa09c84dfabbed5eed4dc3d22f6e81097a975ba707612dba1702094,0,0
7a8596c2db60dc54527d9646fc460e6bd55b44f1509e993da54d0c45d4c31bca,0,0
7a8832ee882076237d3f9fcfcabb0d43753263f39208b6f13e977d6bf779ce43,0,0
7a967c923c8f334a00ed11073efa0c746436225309b7233b8675c5b005902209,0,0
7a98400a402997a5b1939c6d3bc0e94f53fca4aaf9948afcaf6e81f7d8d234b9,0,0
7a98dd76c9a1cd602b4d7bfcf8fb4916081f317e1f87d5c54fb265c6e68a9ba8,0,0
7aa0904134c85daf1ae82ae2b37eb422785166df23699ae2f8b6e3b39ed30260,0,0
7aaa6897c1ad29e2d78d27baeb5b44da8965ada75875db1e0be78e12dff48b2b,0,0
7abc8c9d9932ed575079d2381c8ee044876fa112efad42e7a4b5de41095c79db,0,0
7ac76f04f96b6b1b7a1a11baad68ba92ea56564fc9a1aa2be5739d395037567a,0,0
7ade9aa465ca8dc54a1d3d6a24f189ec6223958cf7b378626afcd7c42ceb58e9,0,0
7aeb45f80c2ee43e128437e08ef65630941330159dbd6705183b8f23511c9c68,0,0
7af056bd426406f07e226606f08738d0f57c2af75707ec3f8442688e12969685,0,0
7af5456cf436d119a4c3bb899c8813fd329c3bbd7834644deb5c5684ca52e400,0,0
7b040b6b2e004201e4b8dda6e50929e02f72cc26a93ac327a219d8317cd5856a,0,0
7b0e2f116163d9ca5e619ad5919b5ba0703890e500facc5fdf517e1698800619,0,0
7b1d0f0c652a046b4573344418f24de6c0b703cfb81867cef0dd0b768c6ab77f,0,0
7b1d34533183e9432d1d7d0ae19d23026df5b38c93757df393b22764b030e857,0,0
7b207c0fb1e0611c6f406bc1042fb107aacba493ec1f884443b4ba468a2ccf7a,0,0
7b21dc415be1485306a8a3c4d27c9212cc5942c22158b74b4e2b762c94f75dd6,0,0
7b22229318f83d738b6c90dc6b915872a83886fed6335af33fa3400606ebd796,0,0
7b2c2158ed57fa32ed7b541db1612caad7129ee67a3e8755ca5b1c56e2dfef65,0,0
7b2c42cf8d1b07ee2a1062add537d8a2745d1fbfe5b2d1b9f9d69f72931a2a72,0,0
7b37137f1cf04fae9c1cf2b9bc867217ac8504d49b932ddf85e390f94d9f4019,0,0
7b3765f0442e16ee832c8675bbf67a29994f74023a0a613419645f2c96685bee,0,0
7b37a06383916bee5cd12a2047c79e43ab8a6dbfdeb6918a5496324cf646964c,0,0
7b3c9dfe227f296f2205a44d44f7dc810ff3b04ce6d78c4d07c250552afb79b3,0,0
7b4a03786c453f986d3d9a46ea9578828ccdb7f95f9b2b259030b19fedffb2db,0,0
7b5aea8ce92ac4e83f6b7fd3015a25eacf9938b40c1230b326ae658d44791f8c,0,0
7b5b25954adffb1a09e43797733fa2852aef5375698480dd5c803999ea53240c,0,0
7b5d00b634952485a84e2be2dfe901f7ca8f1601fe0119daec750755bae7a531,0,0
7b5f39292e5485cb47b85f27124f3827a04cab8723974609fb9365dce927cf75,0,0
7b62d506ffc365cfc6a9428c3e5bfe62584be22a6c0267ce1214cb2392f10c94,0,0
7b6b19de7a06155fcf9592ae4d11db3fbcda4d891de5aba6b23b7f773b659ffc,0,0
7b6f5b680002db13162464dd2eb924f28e6dcedced2a1eba110665b5dde4aff8,0,0
7b7badf6b7920ab1d577fe24ffd598a717fc5eb37fa4fc7264704c72f56fb612,0,0
7b7bbb1d89a21d7a4123c3a070ef346a1f2b5fb85ae721f7d0274f2adaf49c33,0,0
7b8913157c05eb85e58a6939395794766dcae5e6dc2ef967cab00aef8a34f400,0,0
7b8d10195134d4d908c80081634fbd7666d147dbf565ebc422c1c32544c0e5b2,0,0
7b905cb5571b44a5f2ada8a58566a01353550cca26bf03e15bf028e4fa4d0c9f,0,0
7b9bb04083b3e9c6b7ce8d830fcfc0b428baa2c5790b367bcf8f4555eb8e8abd,0,0
7bb02f3d2db0e831572b41d3f8d67042b7ef69ea5e0fcd7ab9ad344fe350e21f,0,0
7bb8874cbff2ccf079ed39ec3a6abbc4662d8b9eb600a954abca63edc7f67970,0,0
7bb8bb691b127ccb131805b42e66f1b6d07974456645d62b8d566dbd2d780c5c,0,0
7bb9221532c3d46b75922ece51e9835a13c7c7433dda1351b73617f71212217e,0,0
7bc7b949564268cac835b3957f073f3a7f17875aae98f690fb9d40dd8f3fd703,0,0
7bd312dda78531bcc195f1bc1aaa1af67c469cead03cb56ed89714f2ecf13c7e,0,0
7bd76e74b4967b3ba05e04a8c70d2c18c6f10b649572d093bafb666e8ced2bcf,0,0
7bdabf717b62570b2a6effd21b82a0267e93f74a1420d188293409293be61c7a,0,0
7bdf079e66aa79e79d0800b0698d3e59ce302f1791f32c51f75593590e457e97,0,0
7bfb7c217203c98383035ad80d78dad897aabf52a74c527f4c6a0bbfd1cbb4c2,0,0
7c0776db0aebd50d4eb93c7b7cdd4728b27165e0cf927ad3cd661198877f253d,0,0
7c0e13019d8c0954adb320f269d230549e9176aa19976bf877efc4ea33d9b420,0,0
7c20ec870a3f493c5c385ec421d3b7acc778a761a032a76b2fc8638741b53124,0,0
7c38298edb0612b2132400a42d2400572823f512c55725e1ae1de74daf584682,0,0
7c3886ed58cb77274d835798711bbab0177c0e34564e515bfcf914b520d6b751,0,0
7c3e6c423d726d42598874265cf3c765e8a1293452f80dc40c7227716d4f942a,0,0
7c4386f7b3ee5cb54ebe3b3d2e8b6349d3d2aae18979673173bbeca2d65cae69,0,0
7c4d5e4024f27d7be36df7c60f5a39f4120edfe946643c042615f2da831780e1,0,0
7c4d678bb59d341b6096b5110256c3eacb2fc7f65322633d8b4e6206d5f2e13e,0,0
7c5e647ab78d8277907a1c66f2b9fdf412c7980e5cbdbb37d08be533e930f733,0,0
7c5fe34b04cab88fa039c5491b15d5c5b649cdc1029c7539dda057efb3ff4ed1,0,0
7c63984c60fd4477c692ffa888378a588a1d02f99eba4c4526ec712a1e362d06,0,0
7c6eda725fb56cf35637e5a12a79f0623c04069c7dbc7061f4255c83e18ee412,0,0
7c821371dea5a38ef4ea1f0cdd55639fdc2717422152de0a3741b93822527b82,0,0
7ca7fb7bfe80a50df18e89379c50dd275c1332549ea90e3b969af2bfe4981e6a,0,0
7cbb32eb2bcd9f258f86c4b04d3aadd3814c4cf4199a1e24ef9e3c8fcf3f550a,0,0
7cbeea71f377bf53600e0dad283c8cea5a76f4694fbf4ee5abb9d6e353014530,0,0
7cbfaaf30731173a1e150aa137ebb3cfa7a209fb9a04152ed41c738a04413c1a,0,0
7cd2f701b226de19688888b2d05e37760a39a8f1f5920d385136acf4f64451b3,0,0
7cf0bb350bee955095c00daeb38ff766e6fb4ab6989d30081fcaa079f42360bf,0,0
7cf7e247aceaae8d968f77f953504693e11eced380be04672cb0fe8eb03f6a8d,0,0
7cfd069b834ae859ceaa0a3eed18d24115ed7d26a39e42893764f3294d84c9ca,0,0
7d051c173bca04e326e79cb68d924e71a9a099010b05d1e4a34be7dd1de35a41,0,0
7d0db166abeeb489e7b515e0d1bae1b0577136f3d49734503ce9968586750d66,0,0
7d18780d16e941e828ce54d346cc4750d6fb7f8333a2bdb0d7ff8d808df87f76,0,0
7d19a48e41335a889ccc3f676a32aca5014c015eade414593a1815b31e93d2f7,0,0
7d1e403d629cceb5fef4bfce63e000e352c0575c6850d2f5497a354a7b21cd6e,0,0
7d244a92e194aed6794cee066eb572b920cff280c774acde52231634105a6f6e,0,0
7d2d9ea65c59db3ee51727d6219a9ba905edc3a31e53cec8b8a9b70f388a3929,0,0
7d3895115a45c2b67ddb212b52e2c0945c4ba569fde527bdedcc95cffffa6004,0,0
7d448615773eafa7ca5cfe8324b9167b07b8635c949772a6d34b182e487e5479,0,0
7d482fd571c26a8896d0b675ef4c99e99a9835f069cf56709bbd643e942c673a,0,0
7d4d68b9ae1cf9c4af5c201c81bee94fbdc72b701e11d8d2719c6fffcf15a199,0,0
7d4efedf6763dcf7da5aed9eb4e3dc0fe66396fcd42e5d7b0e23deff97957369,0,0
7d4fc0575d11344be2ee2ae0e0093721fd510cd8ac4aa80c912fb196730cf8f7,0,0
7d71002783d0fa782181d0909a64bed26e814b1cbf6085213dd6599720f9af5b,0,0
7d7eeb8788874a34353936246727d238420e944d06daa9547c3bba44835cf05e,0,0
7d9ce136a9333378f4481e0ecec58894fe6b97e0742a6cc38462ba7d925c2b2f,0,0
7da3c55bf468599f66b0ca84d62a4e430bc9b460e71f03e7dcad6676b7d6b527,0,0
7da84e9789a5f1cce25dcf96f5a7ee2dd280f47f998631c89e847dbdd8d770cc,0,0
7dc5d5ee789707eb9485211219b49d1cfef76b6785dcea3b7c6410fabf2f2791,0,0
7dd21f052ad5ada6e472c4aaa65e4bacfb43acb37cbbe0fdf3d968c4bd64a424,0,0
7dd376da307933c5fd9464a229e8ba35efebebdc85bf10b40c05a60c12ea1f73,0,0
7dd753feb1c3a1494a255d1ccd9ac31961b0186b64c98b88b1a6f6580e725403,0,0
7ddc4fd2bd3fa8fad12946e0a4ba1ca9786f8e51ace59ff46da91b530798088e,0,0
7dde64a281245e7dc505289b04f8a1572cf6ff421c6dc73dade85e47d65a2649,0,0
7dec5536d528303eca91a32c486775dc991e18fbbab62abc866ee6bf5efac470,0,0
7e025484bf55dfb89d28af156c383f8b15d1c281093c9e43932fd50627defbc0,0,0
7e031729b6924541191699e9186002b152c00b2db1699be4bd11a22ae594366f,0,0
7e11582becb60adb5d86767ae4b74de5c15bf1ec0384aa35fdce2f7c93e9088b,0,0
7e1d0736d7c5380c79975688390d96a699e2f4a444e11e5089737c8b4831989d,0,0
7e207a04dfd00ba6872bee66fee7727dddba6b4732c12d83b3a9983fd238c4eb,0,0
7e2515bde3a783834c7ea936cee120d87458a54bbbdfb41f373845fa93f962eb,0,0
7e3273603e018e05f07bcf6e575b304c6c430e6cd41fe27d7f0f8f0d070d6356,0,0
7e3bc7bb493def7f5ec4543f110e4cb9fd8851fcffcb0f9b30a2928ece2a92c6,0,0
7e3e337773c202a8103e314d420000e620f6b836a2f56c52e6ba0d404d1df8cc,0,0
7e45b327d76494cd3a3dae448df5461d8d5f5b8e14fc33414d2d7da660c1ef75,0,0
7e49162edaed240fbcaceb513e7e569dba9230e6cb3e703774ecd6b92ee4417a,0,0
7e4a90b6ce6d0a6bddb29b6291d37b2eaca0bc11d9be2a991d0ba6decab39e4a,0,0
7e5a484a1d476e1ce6b27e451571c1aeb2a1b6f521f1baaeddab232a321298a7,0,0
7e5bdc620785a023f72289f701d423bb56d73332b5e2ae01bdec75ae749cb316,0,0
7e74e711e84b588c446a5a52b3182782a3667b5c711050262fc992b65f8a7f33,0,0
7e88b3a94b805d116a7511be8bead0f68e83b7acc1604a8db5a997a57f8ad696,0,0
7e8cd4f0fafa250c56dc340f3543f75e6cd3d0f5d8e93d8861179eac89b15f40,0,0
7e90120b1bd2d69ceb1752884409877d3f8773655d0786b20f142c4898e7fe68,0,0
7e9732f38fcec23a65d687c5297baacf7909cafb599d0f75b8cbf28e5e181b61,1,4
7e9a1c716e7665204076b6f004164cf6599f49cf8f4aeab572ff6fde485288e5,0,0
7ea2346aa4a718a94122f43c82c097ac01e07686f02de494c23e2afc24a0aaf8,0,0
7ea6317ca7cb77e9dcceaeb381b1a2061db932e601d1bc8c884b7bcf19d3d791,0,0
7eaef80105e4b6ac1b18f4914d2d5d9a9503a7171bdfbeb973fd59a9c3a6972b,0,0
7ed9f7027caa5304241ee6af8049c4bc29b2e12b51f59b647dfbc736f90c888e,0,0
7ee90f24fa2cf97f43dace34cc3b81c16c06b06ac7056d88c29463cf318662ad,0,0
7eeac436119cb31c76141ddaa437f707720c3dc804f4574d341085185f96286f,0,0
7eeffb319a2e62bf10fdbd0bede5fa23cea5507911c09dc9067d6631b607c95d,0,0
7ef160ea313ffea5cd004b93f761cd059f0d3a6a14882009dcfd1b069553f96c,0,0
7ef31ef34e738920b41ab5b020e57835fbe30fd6d5a3f3c5f4826b917e3d6870,0,0
7f04a24aec5cde6e424472a0257f78b36c3f04424c8275e309f2adb554cf9f30,0,0
7f0e47c9825e669758b6c95797b899c5ea3a3381573373eb7a1510914d011252,0,0
7f13649be10b358d6a7f9a2a7c25273381cf84226fcc259287a05468d4f4930f,0,0
7f1da1a60f353407020237b211ec6f6a11a2bd08570b2006f0d39ad1dbd1057d,0,0
7f3a92a1784637e6b70608ef0acde45fd2a4a5c792067139d0e31b0814faa825,0,0
7f3c62c5ef70fc4b7f2b4a943f183f9972298adb8b5e18e60eb6ed64c280b6e5,0,0
7f40fc2bce5752b50951e8c4c62b4912c57e60e5d662c25eeca62deef437e3fb,0,0
7f412efee5dc08931f086bc95dcc826b03437d8fb5a21aff4b14be3e812914bf,0,0
7f5df0f81c01f0096979f60b2b645db16c8209acd16faf32308f2e44ec651c27,0,0
7f631eb856766a23aeff873fbe04107a7565432967c3da9c9a745acbebd05415,0,0
7f6470f765fe98630ef8fb2166920df4e7be9855dbb16afc5b3543a93a3070cf,0,0
7f6cabd3c25533d71ad7f2d12b8a11f8aa293e3209a76c2bbdb422eebdf0cfdc,0,0
7f779ae945d466b555e311639c6dd96ebf0a37c8270c230ff7c1b151ccc9ed7c,0,0
7f84c7ff6184502dcea695f038af3af66197c882967287e1c7ae1bf767e1f444,0,0
7f9c14cd2de44bbbf61b6fde05540d1f9f02588053ba58ca746ed00619c23875,0,0
7fb261fc626740aab1f3156838519052a071acc6fefd0eb91ca39a35b6cdf2ea,0,0
7fb52e2a8d3e86fd5d4747f894f804f210915a61fcd4ab6fa6f977f376de3524,0,0
7fba7ab8cfab2c5ea7e3e738cd3dc351c903cd0a349eaa07cab664ef783eecfb,0,0
7fc496e2bdbae69db1477468a50a889ff42b1ccf4a97a101a71f379a1ab24db5,0,0
7fc54baa481e1030e832b5ae01ab92df8818668b1692e331cd6852606fd94bca,0,0
7fd21e795f84281a6b3e3b380a69c4f129346e026499fb93987095751e727988,0,0
7fd8a6c06b204c2aa0857daddb27dd4207596913bfe417800c4e761f76a40443,0,0
7fda50d11aa4f1ef4724f923ca908757b7cbdc898491a986e8bbf6312e69da82,0,0
7fda71b18b140e83a92e05a5cfd11dec593ff5204daa28e4e320b1b267d4d2ad,0,0
7fdfa06ed44dceff943c48b649112dbb7e05260593031466b4c01e8fc28d3820,0,0
7fdffbb5cb3904eedf3009b1fb0646a48809b17c61bed39f2b00deb680fefc90,0,0
7fe4f39f22935e1aa5efade16c4538a906819581d35e9a78020016ff70822bdd,0,0
7fec52c655b05fc7696b0634bb382060e4d6964eb4e66344043fd5d8df14f55e,0,0
7fecb212094285d98da43452c614765dc33bec778e10242118dc05dd2e1f29ae,0,0
7ff390913dad71c5da45af35f345429f6e3e166b9353ea2868e9f55fc46a3586,0,0
800713b77010fb2d73b5f2b7c9f65266258d1b65290df63c9c37cdc0d09ff44c,0,0
801aac5fc44bb155b4e93621cdcdab49cab507db0273c0997993639f97c23d70,0,0
80267e50f7df2219cdad280436795fa45f1afcd314b1884c5bbbc0f20ebc1124,0,0
802d065f4c108ae85e6c6ff117e1b76e0bad2b6efb67d3432182d7a6a484950d,0,0
8031ef9dfb0460c7bf39f4513cf92330ffbcc23457abe4114f38ac34811ef0f7,0,0
803ab4b4d3294074dd497a201e9b07832e06d1fa5315d5b20a59b64043dac764,0,0
803b43df37ab10c1501dbc80fec744895bdfd7b677b68af5393785b82b189e35,0,0
803b8899c2f741e1183e233c32a8e17f6bedd922d3e55787f2607f346ad76441,0,0
80400f924893ec4132126f671a5c4d29fc59930dad8958c2f229958155346a13,1,7
8040853392650a984d1c24618d42adf026efe4aad967f6e920a8c9419db16cb7,0,0
80519b8f480e96c25c55ac033820cab9643a40bdbb152f6ddc5bb03012bbf2bd,0,0
8068eb4ccad44eae5af08572c7f3611aa8e0dc299c650632136fb4e5c223ca39,0,0
806c58dc413ace981e63cb585d291fc222a192eb6ea3af707b7f1609768f9a0d,0,0
807766f2877bab6a668562b4a9e47f4cb73752955e9066a4c25d925700361b20,0,0
807cacf301579977c9eaab5d7ee993816b814e72d5431015d93a19603feb3dbc,0,0
807ea4e4e4551b3d5655a5232ce2677a1e948e2bcde7528c8e5935d27486973e,0,0
808d59c092fa54bfd032f0d8c8d021364b48801976a257e726966d5282e8c439,0,0
808dd412395d5491f8c09f08c6c01250675fdb2ffd19d1881aae976885594e29,0,0
80927b8f320c70ad67be4d16bfa093307be0fc39766d704925a9a81ba8b615f3,0,0
809a886f624b3ec4f4b22f705986fc8d8f9f262d83d3b1d6c05e83ed9e6eff30,0,0
80a1406dafce9f149e70adef683f7520e7e007005abf426039a971a60510d219,0,0
80a2e34f3029e71f000a6ff57bb948aea61eb6d6a8efb9a048fccdc47bb4bcfc,0,0
80bd1ea31d9164a53b184e78702b9ebdbf2b4e8c814cbdee6117936e7a91d9e8,0,0
80c940a9f2fab5c6052f7cd69f0ce3b1b4fbd54148a9777097acf62d384ac1e3,0,0
80ccc0daea144b6d95123fa706dd166361204542d8ceb03f1faa054d9379d7ab,0,0
80cebe476fda373d18b4d1502afa2e6287d79dc07791fa40bed4ede1d002e9ca,0,0
80dc1c9616c01dce9693cdb120bf3a75edcb629196b5d7587602f7c06abf6170,0,0
80dc778c83a6a60025287d7a2aab946147322342b711134c1257ccaa6a95684d,0,0
80dd77884555e5782e6ac5aac6658f3821b6df0270b8670dec3fc691eb5914b3,0,0
80e17c821a00ab0961c17ff980dbfd9f544fba04e4c2913b299645c454a6bb0a,0,0
8109eb0c4ceb0df7e1f241d4743df5742701e68a4e54967b97f5a4770e75f0c9,0,0
8110f9ed15bf61018c7e004bc9b282eb036cf8d996d7a89d1dada5542ca9f13b,0,0
81182d7aef63d6e8ff2baac370bd0ebbf93104556f92864bb78cf461aaecaf5c,0,0
811ea2d041d86f01bf7e08ab48744f4da753ffad04384260c932154939677464,0,0
8124a1ddf74029766e5d95706b529ec80e0d76bd7fa2feb273f9afac83caff40,0,0
812c34a4c182f097ac91e92ce277bc0b2dd9d8b07fe9d24d520f3c581495836a,1,8
81429e40ab4ecb004a76a094d72a5612fb93920c35a26ee213466db3195a2ff5,0,0
814b5ac225bb8c407c68314f338c431c7eeb20420f265ced75621ad461f5518f,0,0
814c0d45fd5a57dbce114b8eebfeea4bf1091f9e053968fba5dd006054b8a73e,0,0
815684dc74138972c5a89e08f33f55a0afd2b60e966368cd4749d93e86de8667,0,0
81625d0d735defd0158133ce7089cc6f23f65422f635d41d4b896feb64ceac0a,0,0
816341e6331d52dfe51c0e1603666e70edae6267d3905fce95bfd0bb6e7abdb4,0,0
817b41f051c122972caef25c4c1b748905143f0fc5e7289b2940ce5c4a8a9e9f,0,0
818779c36ccc8824c6e756f48575c119f1b4b23fe9797aefd2ca38743c52e151,0,0
8189e26b2bc506298d9f23b31aa822f89306a37f5c4811ff24e7e3e4a6d46e26,0,0
818b753da90e58857bbe3be0bd243bbdf00edd45df963f64074f8ea3a575638b,0,0
818ecca99f20048cf8a77906b943a123f9bbf32c0f430ef81070ff2382c8fe15,0,0
81915bb3da463a130d16aaadd71dd0a0ac5cf96b85a8163679d93370fd1de398,0,0
81947187cf05008beef175b72c850b9f01504d715c46627f6f5e0042bb609807,0,0
819a590d7b1ae965e630c8494b47824369e0c5637a3f64d2b2a9e6fe3d16899a,0,0
819fbe7be152f1a72065818f8b9589f58527d775e2ab27066535a0f47d5406e0,0,0
81a52945755c44e757fde1572567df153582d69d259a99253434fe5aa9eee47f,0,0
81b12ae204864d6106219cdb148305ce6491ab19a7e737f9d73ddeb51f0226de,0,0
81b5ded0d649cf156baa18f7e647e86a11c0f067dc4438aa42c453deb549d846,0,0
81bc1ece752b0bdd925a7673718e3320366db46477bc709c533a3a207dea0647,0,0
81bc835a54c40f7f457f74814cbe8673f2405e127518b21b59f9b91fe94eb8d4,0,0
81c1f7b75792a7ed86f2b246acd11e9da498206a2bbaa04d610604e8a91e8d8c,0,0
81c82534117e603d2c24c331385741e59161721a7a6c8392577f9ab9ae6ec83f,0,0
81d923c0d7fac77c914df5070e809d8b244a7b82e6b1c15a1fe2f877343c0453,0,0
81fc82ff40391526564cf7e7bd090b0a1c7295941a530ad83d6d981d33f61820,0,0
81fd8262576dd2199f2fe114649c07b44f08baa591437e597da00c617ac7114d,0,0
821378b3c9d3cae65325ec0f1eaa49bfa49bbb938bec70182df8a7c009e16ae8,0,0
822e1ffad2c4ca8c93a65f74e707d769b53215be8aaee39716ee01b99491bc13,0,0
8234fd43b628d4f53af581fe11898696718bc8e2ae6ae8c5de9223d91f62ffb8,0,0
823535df196c5eac2ea0f1cce0269ee264dd54a4d89957bf4ecbd40f916ed504,0,0
824964e8321ef4dbcfc087df808c6c1641011e3471ddfc847a636547859f0417,0,0
824d83309c9b04d2f2d1cc9eb01899c3846d7abbde15bb3a7a33f868e63aa871,0,0
82627df44491f082c7ccddeca512e4f27116d9d3355bb228e54a17b85883efde,0,0
8266072154204e76639905a5b2162e9f11dc5f74380a16baa5ec9f7a4bcda031,0,0
8268fb89899960f24b98f02bbef05a646360bffd8eff8446c9330e4612274cb5,0,0
8271926ba7be77f9351966f7089cf7ae0890982a9245591f5ebf545dfd961ff0,0,0
8274845ac043a8369478f5c61db2d536765cc2734bb274250cefb5d56274b3df,1,2
827c0928e2972d49570c7b84daa2d01d1b81e1981176f1b9c40292ad6ebd21bd,0,0
827f690ae1c0bda2d586d53d595f72a215b5bdefab1661457548abe7c4bd02dd,0,0
828bfaa8915638cff358b0ed8930c0f9c7bc27ca7b6f13d032d8e73c23f04d7d,0,0
82a680e8dffbaea266af64db5fabf0ca5c2445bca57b120fff9fd6d5d6b7e8d9,0,0
82b5b5058f848f987f129412b44186133481adeb1a8d4c95f40827628b34c737,0,0
82bb511b3714302b2babd0b669bc74dabd5e6033b5bc57d8c0408c8396f5a8eb,0,0
82c4cd85f7845d42b77ac6e44816edab06de5da7209d8e4159cc6f80e583c720,1,1
82cff9c3dd706c69fef1916b5f241cf1c6a3eff18e5f5f4f09a45e7493421122,0,0
82d3cc9d23950410818bc8473468415a94ff67fd5fb719141edb6231b4148759,0,0
82dc2a4a8422e7f84fc59bb2b6b63598985d6a2f4dcc4acce3a2db1cb651d821,0,0
82dda1c4827e58287bab8c2c6899efb9194143c9bfd8a3223ecf24735214ea05,0,0
82de263b60d6821646516002abadecc6552ef1ddea8362c0e4ffecd23e58c474,0,0
82de306387b3a86964333df25fb8711c31e62dcfe46f01f1a5a8ce046bda3f5c,0,0
82e013f92e9a7e7a1d5ce7a7edb2a42a209454a268e5789f1f1ec7a2e5c89f63,1,3
82e75d18bd4686c8656ff8e3c204649d5e957a8b3b38e4ffeb2c139b067a4bfe,0,0
82ef761a5e3d319341f89515e540eaa2edc0360a97a5063ee0b0d800a1f3fd11,0,0
82f8ca927cb183dcf5c790e7d2adf6f7c09d716118a6a0cf577145c45f8426c9,0,0
8303698116ca7769cce0d356b368b0906ec48cfc3cbf96912aaa4a2bcd426ea2,0,0
8313a353f4eee00100cf743efa8fda3ad90d256a01f3bcc5d001ad5e4fad8601,0,0
83161f89a643ebc2041ae456383ed1312c040fd2a1677bc47f331edea277fe20,0,0
831fc8c1dd4a0cf582b05f65b09844d4d9d4f457e76381ec3f8e0069cd79910e,0,0
832329f1227a10f1e6957e3d953730f5181d326b0a92e83c50a646b0c5930625,0,0
83318b7309fa7b3e84289b10dcff7cefe8b2fbbc5b2aeaa4c9092a004561f884,0,0
8344c62e7821956f61c1e4c31d68a83d1c1d813cafb36038d37372d227d2a820,0,0
8347d7a817535c4a8d300553738a64f5136826063a2befdb9aed3f9aa07ca2b4,0,0
834aa92e17e58d2a1f0c1040cee5608c33c7a6b8bb63d609f51bacbfbcf23097,0,0
8355731e17e3032ad3c67764ca99e432bcd19ff0ce98a599c7a66ca50088fb51,0,0
8363999063cb2a6433f7a92d32ccd261104d2812a0491f18e9cc4802496d3616,0,0
836d0ffb142935e76ace265ee805cfab81273a71a068bd1d415176dfe6df909f,0,0
836db56651e6518ed398a8e3704553b1653a004c0cc800777b56a940e9d355c8,0,0
838723899617adcc685b36a567bd37549dd7b302dd3f2c5bf99d039e06be3e06,0,0
83927d51ecf6d660069a39f4252977f0173004734886b235bd126eadd2ac9b0c,0,0
8392f02b7cf116232cc3c56e0c12e01134e01d7c733dcfc2da88c488ed788b75,0,0
8392fad5225641ef022317c39a48552a70180282718f796645c68fbab71c81da,0,0
8394c9820f182a1653484ff87a77e3ee2e633629325d082c008f9015260db965,0,0
839c08c509032d53d4a080700ceada416b55065b7e5892438812acfbb0c34e70,0,0
83a1336d4dcc132ab56067884bf28c677340bfeffd7f8affac878d394d803758,0,0
83bfb64bf18a68f7ae2819c90ff3d1a177159badcb8dab743ead9827344a708c,0,0
83d490c582eaf2aefb3984c27f4ef256aa8a10d212519043c122542d2c7f1fdb,0,0
83dd7d260e71e981018a93e25808b651d2dd503a67c3cf1a7a117c3ca67afb07,0,0
83debebb27383fb60f21918eadaeb8f8a0d8e53b3cbcaeec03a7f1369a1b4fb9,0,0
83e824a2629d3015b6ace598d8fc59ddba33a7f83f3e70172e80400e6da56c74,0,0
83f04830c3df1d06276bfa6ccad54250d85034ad5d99e1bfda7f6b4c586ea5b8,0,0
83ff538d140a72a1d43262c12dcecf8148c7f9df565ea4ab22507a0e02d4d110,0,0
841f9056ab97fe40c3c1f4d47d6559f2f31464029b9ac03769801c2c1f6bafa8,0,0
8422dc57f3f3d3f6467d7018cd6ee8dc0174137470729ced1e60a286ff58068f,0,0
8428a7ebfd81a417cfcbfbe886f245bd208c4e1dd6daf9cd42983eeb26d69efe,0,0
842d05bf732b3066f81809bd49ac2e17e596d7bf83e0528d2216780b4ab22657,0,0
844310df7d8e9a94de4288cad8ba47780bf4745fd494b70fcf4db9cfa051fc3e,0,0
8443d59bc3c696d7d5264db362c0c1e3cbaa100397e78e539848e264f8ff9d5a,0,0
8449d2c14767bc8c2dfb24bb93f15ebf48d35e98772372dcf0a1f16cdfc5d112,0,0
8454cce2081ff5e66a7f0f161ad8ec1749387106c68e5a71314db595c82f7d16,0,0
845d5c6cd73669edea3516a62c42cf5f851e6b11b0ea34bfeac7811d0eb6fe1d,0,0
84613865b24dd898555b0ad706224054be047c8b70aca75f1c6d8a406b718d53,0,0
846442577f688f3203617c585e0b59def081a8044df49ddfabca4ae9c2dc9e5e,0,0
846566da210ea16a6e1c8bc9c095c43d7db253a983ae4b9a5343ce78be63717a,0,0
846837639fe4d3105f90925e5a304cdd4e72dde76fc1f3b39ae7b96d9cb5aa68,0,0
846e8a54c315d8124ca7b414d25207903fdbbb74d4dcba9b3bcc110430913487,0,0
847918acaa89ed2c250ca1f8d70a233d071884fd1e1443769d6440ca5d30a94c,0,0
848485ee190ff8157cbcac5ea9e998a427f6471a339894490c129b6152ff54ee,0,0
84855ae63cd01d603b95b36bf5d4696d8d3ca425c0b34796adf0a77cf93da2c8,0,0
848c5c0e68600872b9f0f03a14fad715ac21f0269e18e39ba85c85b953ca1047,0,0
8495fcb4dd4aae1c6f51f219626b1de1958888aca2444341ee4f64acb2169cdf,0,0
84992709d13738ac514de9094a80b5dc34af1cc1fe94d08e1967dbc5041c60cc,0,0
84b63beae6bd71f5a6bcba7dc1956f6dc6df685b6e030a36962e2b1ac49dcfce,0,0
84b7b034f16c922e4bb41a8b556128960248ceb84796fb4b396e08548fbff6c0,0,0
84c6d97090340408655db75e7561344e278c07ed5138e1998f165882844ec0a5,0,0
84c7d6798f84961648fd701276c84175d9fbd5b3eeaf506d9bd0aed7ea267107,0,0
84cb58e46351cd2ffa0ca39b6b1984a1c166116d9f600a5d349f1e65149fe266,0,0
84cc55a69a6834e3724fa7b8f11dd7aee68de5b247b8ddb30fff11bacab9d4e0,0,0
84cd92985243ab7f15d68aead8c23c53d7b9e271a3c3d7e7ab762658303d237b,0,0
84da6cebbb6e1bcad71e19f080cc17a4c926a7dfaa40055528615dd4887d8913,0,0
84df96fde6590ecfc5ab4481fbc433865c7e08e98ead89fa55c39d9a179a346c,0,0
84f1e9f3444b51e5c56cdc7ea8a824efb297d881892cb641a1a198e2c4dc6bd0,0,0
84ffbb17525e73faddb9032caef1759273ac90bc5b66786fa8113ce775cbbe31,0,0
850ea66161a1d71f58f87ed4c99a29a4fe749fe6dade369bc8b75c6328822f09,0,0
853a0777683911759b079c557fd8466a72a62808d48cdb40cc03ac0db56d85d9,0,0
8543b43722999ad52ebefdec080aa89f3606e710e3e89f7b716655503a5ba05a,0,0
8545b8a3a8cea77cc2c99d3cf2a30295ad24df2519c67c8dd552cc30ea985973,0,0
85467b8c402b1a7e5198e01610a8611ab64a77fe2d6b3eb0e95bcb6fd1df609c,0,0
8551d90f44a6d8a634dab66213febcbd939c2ee8b5ed8b7283c61abcffda2a1a,0,0
855bbdafd798b9b28a61c93fe131c576c6bb9ef2d12965da173a16a782daa5cf,0,0
85707d19f3c5ced04f310d16f7fbdf27409e3211df8ce604b642606c8eb7ef50,0,0
85794ee11d2352378891daca711a9835fd3bfd2d7ac9c3b4189ee4d25faba385,0,0
857ea4aed506fb11a5150782fad0635824a7a6b41226dbe325a0752c6c9b89e6,0,0
85954542b660be38b7ef514089da7dd8ec4f008657dbbb60d8c33bbad74af129,0,0
85a1e1fca0cd9a1295f3e854cd20b31d5c0ee051919c7f51ffd820ea4880b4d7,0,0
85a4e15bcd8d8b8ec4a43afa57e0179d7f10a4c1da82a482e557f0b99af45aed,0,0
85b34e9c994e5c90e92feae6bd552ab4015f027c96e55e6cc1abae621ac992cb,0,0
85b6962c68f5bafa7b0a32cf3915c236a9108a0ad48cb8c9db99086bdfb29a63,0,0
85b702145a1eaa9f0b4d774795d62f8d892ea7a8baefaaaaeb136aaed37473a2,0,0
85c5501361715633c01d3ec97c7895617dbcae9f3f52ab779023debfa4f000da,0,0
85cbb82d02b6fe116a36ec8aeed0bb98fcb7863f2e655dc2fa14f72cd2718126,0,0
85d74ba191bdc72a23f8b23ccd3a94ec42c2264ac8f957746c3758f9810895f8,0,0
85e8311dc40bcc22c41c0ab7765fb6f000a022f95708860eac2a71899f3b7c74,0,0
85ebed54b23b9ef97dd08e61ad13465bb70dd9e1a21717d071b651346a41808a,0,0
85ee480a1085f68961dbf93f1fb4c73f5c57dc6a67203d26fc3d5d4157df5e2b,0,0
85f1b16e5bdfe1fa61794eb674d5de3db220d7e928a4766f17ded8c4d4321af3,0,0
85f4aee687df1afa01870f0247d2bfb87f3b1a2a3758c02efc1f1ea59eec364c,0,0
85f6d48c8a8fa1662a38c602d6310cfd6b8a9dbd83aab583e26749cf0dbf8b6f,0,0
860d6372ab3d6d5b1ba4b0c87aeb3c73c91eb4822ec35e1417aefe52a9e053bb,0,0
8611dd55610efebc93ef45b34e40968376b21ec4dc75e956e2b6a2bfe1357af4,0,0
8611e552497bc1879fd63f5406383a7e7b44d7e9109eda4a30987ad1d56feac0,0,0
8614362bb706aa39dc76019096e8d0a0d04e03bb968de94489e6ce71e844ae23,0,0
861a94964cbb4630e4f8f25fa2cb052e08b36f08ee20e0203787b66051bf0f47,0,0
86366d43ed3f1adbce77bb8900db800a2be47773d94c1a991c555624fc28fdcc,0,0
8641e84e597b5bc26e98762f122fea9864761c408afd436ba170883e5bda2588,0,0
8645522320c856f41e657cfdefd2d00a8580cc52231d694b0673d6f166a51752,0,0
8648f6cb945f36357483bbce7d43dbdd296a75e5a627f72e8336a2dd529338bf,0,0
864a2995c1e2379abe8406ef734f1d0ce15348f7ce94be79d64bcd3f0c247197,0,0
86605bde591910808e96c53ffd2149531a6949b1b4250b4ae67e6011f2a1f2e1,0,0
867f76f1078e61da5f4dd264b42e92ca2b884a817f87c33e041fb280d5da4fdd,0,0
8682dcfdf671636d2ccfc50ee7f2d5256b646d695cb4fbc9ec91366e6ba3ac47,0,0
8691270ecdfd5f7035e73b508e92a43f185735a6cc86e4949c87f30130f17148,0,0
86b3cc1c86da2019d8b34173ea7b30c97346e3ddd188b0d22ebf9c3a1fc026de,0,0
86c706d195ee2cbe92f03dadd28bef6826340a910be41985b90aef48f4680f66,0,0
86cecd2c978feb1873c4b0404f43d6850477cf28530e3972e2eeb187fe2c3b5d,0,0
86cf28eba98fb55ca4ed8f30bae4dd4073e1d1dea685b420f4c11d4f3c3312c1,0,0
86d290c554042cece82d90b26d15d67e98e82cb7b2cf1a44a75b0bb9fc7600fa,0,0
86d7af98162872e3380909765863434b33569df015964fd3cec46ec74e2a483f,0,0
86e0c74a001a34dc45313e7a0a92ad95c3330872d88e36a9749742ab5550fadb,0,0
86ef2ba57ece00f2f7c696d60833a3f9ca29109f1756f007e72c1fdb756b4dba,0,0
86f353a831128a24d157a60657a19b9072f6083d3aebcca782983f5467437b66,0,0
8700e901942c3a5b6e30122370a8b1306efb3685e0c1796dffcf3f16d84344d1,0,0
870edf2286407a55af09193c8b529aa8e53b4fa76c0d1914e6ae35ef11d88c78,0,0
8713e3ec292fef03a26d7eea7aaa9330cc237f6e7b294d90caba565f3249ea76,0,0
871a40546db6ab28810887cad880b2c797744bac1f79fc88e1b3e44b1aa5cbc6,0,0
871fde0f880db985fa655ab1b067c1ed7d42194ba77de86b4746018b439e422d,0,0
8729e617fa990d6a7bbcb81a964d0e0b11164fe30d3b9d1ca70e8c8a8b68b897,0,0
872e1d2a385f2e1cfd41d96f2db82c094b57862c541bf98b64184a52de5bb8d3,0,0
873b58b764476118a8966b73f6ef122c5f0d6d165245505523f09a397c68e149,0,0
874778d5a995f51fc308056d1389135397d5263503a8d1f78b59998375abafd7,0,0
874b4502a16e29fe3d3b3749c7bbed33e48497ec7b2d04a2ae7de08e940e7f0c,0,0
875275fe1ce1975e47e1816f67618789cd3f112e5c3bade9b2000474aa2a0fd5,0,0
87573dac819cb404c2404eb1476ee138b3d2240d8952ccaa9ca8f9f5e9998254,0,0
875f823f7279f53dcd012d215947aa76d0e3132cc8a44b4e8952d192fe147610,0,0
8776b30a7b02c259e84fa757bcaabc2c2f329cea2b4a860898aecfb2cc2da0d0,0,0
877cb3f4cad02c9963edc4e501496a5df0682e691991589a0a17d004327e1e59,1,2
87a218072818f0e9930eabc79de6db04dd5aa41c18dbed4c6c495bf88d74232e,0,0
87a3b5c4b906ffdee9247b17bde5412e29d5c5dbdfe54b48120e85eea7d9dab8,0,0
87a8a00043bedafa018e3cd6abf73b095e185ef60d992620fd63fd1cada69706,0,0
87c283a6418cef205ce282297862fae6519b7f34d32ad4f56dc231833938fa60,0,0
87c2a4c0a42860d51ccc7ec89e5b8d3f893e9d81e5b0ea07eef123971da1b29a,0,0
87cbcbda2dac3d212632c2e8571942ec8c51194b0c9ff723276b69c4c0e91702,0,0
87f786a553f04e9585c21f18e194a24055219906d27571624ab2926541696abc,0,0
87fea4a1451f3b5d440e29d1d19bcfe05027dc375bc171b729ad1a91588e3611,0,0
8809e40d2e945c226bb54423da5f397d47845644c1ce3afc65d559281028d5e7,0,0
88255b675a22161c93867d464a882537d1973a6fcc52cef178ffb65a1e7f9ce7,0,0
883410d45ef6a228df168055c1ba08aa95ad923afc77058508d324cf9d4891cb,0,0
883a80946b94999314f8aaedc348b4c2c0c1fc06024738adf05cbef67ab05bbe,0,0
8843403981c37d0523dfc10eac884ffa28196e07b27d2a3fac21e78a8b360026,0,0
8844e10406e7f5ab1d4bbf5cdf634f5bd4f423eb6976592cf94a11ae52dfc99b,0,0
88481bce06d3f9a4d809d0eb8303dea5f8735135bc22462954719a592e6edeaf,0,0
88577e7e985fb19364b8bdf90527e47acd45df3f6b875f3ed24c9395245239f0,0,0
8861e220c146699e7e7b715d3ee80cfd2e39dd76f9bdc5f259db2814e0e7e82f,0,0
88766172218eff0da49ae6361f9bd3b9d929c42fc5de399a28f18aa02c674a4b,0,0
887803ea1af861748d6428fcaba940a96288bb644cadb5c67ff36c634fdf4764,0,0
888039c8de4f226e7621117909c4b5e193eec19b6a74fa6a6242eb5309a47b6f,0,0
888f231e9f378c637a1843dcedcfc0bcdca7e5ce780d01457487a703857a72fc,0,0
889b8359f16af9bd34eed347f376c88c3c36084b841a6c8835d0f4bb53ce9b06,0,0
88a6227c3b87149a65b3c14e74eca806f24c32475db59717a19cce60a2a59db7,0,0
88af2969cfb63c8e3da6f584fcf78b3b50274694846b86883c1fee5cb3f67f03,0,0
88b27f225c7de1073e0dac60147db4ad8e75eef5636b6ea86c8ef4405a1528b7,0,0
88be4861ff3ae26696d3854ec1d1f73c0173b385adc2f4307607bc89ecd7dceb,0,0
88c698b95c5dd7a4ef00e03c233f7cb506e15f537de438c779037a3f774e4f8e,0,0
88d9b59a5fdd141e74c19cdbd6ef58dadc7d60252b964dafe37f016b827ef51c,0,0
88e2b0461953f6b74c7f9ae1129e6cb507b8cae6b89b390ecfb40a814c2a3e3d,0,0
88e431c318e6c4e96c894a782296ea0dc15076cdfde492553984cee437bd2f57,0,0
88e66746d36d53afb89212e12c458e346023cde6eacc901b8106af7472b5b63a,0,0
88ec6206272921f8a0739d4cad963cf1af6c4afc42be2e1ce6df03b3408ee16a,0,0
88eff919141bea59a4cd947abdee5da44eb031a9f5879ba6867d7baa6429fea8,0,0
88f076191cd7a3a117da62d2933a952c9e30a03786cb57162365fdf34c47a752,0,0
88f5dff73b5900e64e209ed185bbc81e91d81aa061e57cc51111eea28c06391c,0,0
88fc28acd4e2786e475067f25a39f845394d3effc9f2bef7a649dbe73ca422d3,0,0
8902baf3cbbac25419bb34fab4cf02f17634b520cbe7b05abcbc07edcf4cde14,0,0
8911397d247e35bd0ac63637e35cdde4dc66a9b73b503a676d55cff87862a9a3,0,0
8913b9f5f1d60fd8cb13da1859fa30694f4eb62ef165391e88f673fd3ee01927,0,0
8915502e9b23df76e87ebcab568818f57dc1c1207f3b366331b633b85f06a384,0,0
891cae9da8ba400d8a3457aac9ed358e0e8ad4e50ce6154faef92884a8fa94cb,0,0
891d93fb6d15aefd73049180891cbdb309a4755ac87d715becfd7591ea94b64e,0,0
891f3c9ee6ca914550da3c68dd373ba1a9f44b09379f1b5fcfb51f9df6ff48e3,0,0
8922a95b4aff5770ee765061e2c519c4e027fe03a7b98e8ec0d8f75ec7ed8bb4,0,0
892a00f4fbc3d4f2529850ec0f2c0f2e33bc9b3b2810ece16a72ee8c4f0a0b3a,0,0
892e33122fa354c8a0c1d7ea182a7d24d6eb2a4ffb24fed534af9a6eaf47afae,0,0
8935e954f02e11bf2725439259c03f499bd14147dbd9674a51fb844caac6ec23,0,0
89468bd1a9cf5f0cf45fd46fd865f884f874998a8d807af049ed91b307f7d356,0,0
894cc23c869e000d1ae2c7a2a4f5a87c191a0c3e65d9fc4065d01fd04615cdb1,0,0
8959deda38afbc02d2c4ff4c57bac0f8eb5fefb3edb7561e538e0514ba83c721,0,0
89628149a9b5e2b383f3a81bf08018b2b927f1012931d1acf85ddc73a7d733a8,0,0
89762ad651b1268f49b1df549ba3a81e532e30a981840da4ed8008865dd16451,0,0
8983281d3a05b6da1d5e6da7e957465a4c40d3cce1712faa97035c465022c544,0,0
89859a0bad06cae55a9fbf21a51212d24bdc4a267ddd97f8f384affae0da494d,0,0
898fa14799617eed4b25b488839f0aae7a22754198f728655cfd6c2c56319d43,1,1
89974f332ab69a935c51e6ca166a9e18af2d0f280765fb0715b1e72312b3ba21,0,0
89abedc05be9b056893544a77127c50dc23b8de0defba38082f51da426ca3d34,0,0
89acdb4d912dceedce369ba76be0a64dff8f1f511676d1f19315cad482338926,0,0
89b4c7b0390cec48594f314ceff103e39784e8589ba8c08a16c335a232c69101,0,0
89d64e5ea6478874452e927321514fbc4fa0966772ad1b5b580d74966a83e600,0,0
89f039742b8bde89532f089d8ec949f53ef0ca56d031e9909eaea89cb58639f4,0,0
89fcd9685e09406b1df5ae6363d5d30fb997ce5bf041383a1c724ff741d48a03,0,0
8a09d43b61b81e2cfea023054f4da50f8f718fa057ba74875008d0648d271aa7,0,0
8a0e8ffdea737ddddb5b41a056e443331122a403fdf9e2eec7e0c0987e0a7f7b,0,0
8a285a499e6fc1d15be4de1a2ba78cecae5b3d6bc0ea7e1ccacf147f338cc151,0,0
8a30e68b2311123e764152affb58fcfd8e85c4316d9f4c266041fc86148664b8,0,0
8a36fa6ef61715a92ea73d10445a6cd224811abdc1113bf671c6b1105331b663,0,0
8a3a2f49be26a3465c892ab62b65c6cef6ab9a371bfca96e8cd88a145e71fb84,0,0
8a3c02d5db0ecc7bef82f862670778161260b8404b1453a881c46b4f9162c879,0,0
8a492ecbb299ae9a203d3f245c5a3b4aaa96ed43b85f80e0a5124eb701b2603d,0,0
8a4d93a96660ce1c2d83c6a052870eb2739d71b95ce294798bee69589cb68c95,0,0
8a5266d8ad20a11c87a3cf3900b6f2c93a62a4b94b119827cb8c745748b63f82,0,0
8a57c47ead6708325e53cfae499e30ed4e18c3709ca880e5fb36504f43c294d8,0,0
8a5999c1e2f4856f70b7c1cb0cebe7c4afd0b6377fbc0457ba6dbcbb3be65764,0,0
8a5f33e0a63e50c7bd717cf441cafb9935e840d868bf48037679972089726747,0,0
8a60f1b01e44b984aca105ef0e711ad696648720bcb6836505303a8e0f73fb96,0,0
8a62a49a619abd84ad195ce71af5e7ce6fceac70a9cdcdd98414657bbad2aabc,0,0
8a6d3947c5856849644201ac8f72d0ebdd8629be7b996c2ee2c525f7f84c4334,0,0
8a7b48f11c06d59a199b6698a0ac17e7df72dd86c9b782cf092fd58979229aa2,0,0
8a81c2de2b86aa8fb8a9cbd47201a1c9c8fa39632220b083b3158153425ca90b,0,0
8a85c1478a73f739ec417385b3e21ed7db89588cc4d1b49e97a684f70732f16a,0,0
8a903c8849d933bdec9b4a08699369f739ee1ebe83237788f88c467427adb237,0,0
8a95a82c07c18232b9e79db0b0fe981d42cfe2b09431c82d48ad88c36f0b6e38,0,0
8aab473c81cc76b8eff0ff745a3219795d892968600cc8ef66a00be8f5b1841e,0,0
8ab3b79751fbfc2965b502e49b3303fcaaed89d17e14a60f16a8032d1a681c43,0,0
8ab6f19f175b34e09f52941729e2d9b6290f14ab024e3f38c014bf459313f0e8,0,0
8abd84263982caaac57ed6841ad3808914195cb828bb871f63e08baaf24d9e53,0,0
8ac79832bd08eea3423c7ac543f91a86eadd2b4c1bea5733cdb51d159ba91212,0,0
8aca59394906fccf4c4c7cee0fce0ca38dc552193d4150c1bb59bcc4379911b7,0,0
8ace6e2ff449e1db5975efa79901db2c8349ee5c1a2cbf3a1266824e855ffe24,0,0
8ad1f61207497598872bd329c69603a96712e267fad1161f9f755d7d3a58845a,0,0
8ad50b2d791e8b9f43df7d2aa4bc3e76d4295c2a499a91356e951a18eba8e334,1,5
8ae0bdcf340a06d30a77fad24ac13dcfe4e96ad985808e4403d84deb65125d57,0,0
8ae71efed103e9aa94483d7fb27473943b8e7094dabc1e8a4a409d7f13d0f423,0,0
8ae7d2cc4bf8bbd1be761eefbe201c754b7dd85c3f6da307e0b9de93b6078c09,0,0
8aec726318dbbaa53c7a72dc722fee82062d1b5aee4e2373ff9d04c58c1147dc,0,0
8af7baf157c1c27f06492879892b0d032c941440d4a3fd274167c6e591ee5fb6,0,0
8b03b7034e7e469848238e6ffb42c88c3f2531d7f0b4bc54726eada8140a4812,0,0
8b0c05ebedae53ef70dc388f99063251aef9f93a0bd27d71157c98cefbda48e1,0,0
8b145f13850e0e47fc1b8672de6367a9c534653cf25b0166d17741406f350bb7,0,0
8b304a16a01081126e77a20a80df725429fd83ef3faa1b74f82bb56a5c77904c,0,0
8b329ed524e3356865fd74cc29abeee761b7c826ea92084fc75e4463ba8a50ca,0,0
8b3b2cf37540b2aa68c0ae596f7fd59f23c3b484f0d0da430a7f99154fb8a990,0,0
8b481516a2123eb47ea6d5d0cc8128d7a7e77ddb37dda93f1287724b04f118d2,0,0
8b4891a2bf70f9d2432f4f51562372078ed65d2afe9bb7edf562336c21ccd18f,0,0
8b4b51f7956284934a75656d2a96990fe7ee7b2d53a409811c724675aa599a41,0,0
8b5655a2d57a8eac96495f0c0fe4bda8c07f4dc8c923cb20562c1a1585159a2e,0,0
8b584d81849ea9a597b7e1539692b7a7140e7a276c745d526e277cdadfb92721,0,0
8b5d9649886cd7f33b4d4b16b24c654daa737bec68e167b068e4ea37beaa5c9d,0,0
8b5f244cfc4e1b024aa4293762a80149087b73d9aa8560b177fd2125d6c3d87e,0,0
8b64173be9f9b4b41c724c1aa601059cd216b588ed6454043e9abcb46c3a1110,0,0
8b6f2b6367be784a2ba10cfe358a74e4046cf56ee0cb0ba398962ed21bb0b5cc,0,0
8b80889ab4ffde3ca1510e6509ccd63ddc4a786a7501c96f206dbd60b85f0ac3,0,0
8b88c7a8c9631555d83323ec3123a5a7c6edcdbd73093d2836252a53ddc5d42f,0,0
8b91c4b3b7afd45da29fbb49304dfe45c6778db63ed11ee540169ba8b12967e8,0,0
8b926b474de33274524230e41aa5f6633a05a59f6f3d688f713ab3b511f402aa,0,0
8b948653ea3f7293719d3e6b1fdb591e3af341fb5ccce67f72919a11fc07b3b8,0,0
8b9caffde2a3cc164d15d83579d08223f9af4166dfd171e6d6733f3fcc2b5861,0,0
8ba708e3e78fc6a8f295590e6a1c283f620e9e5e2bef1a41570fe13cd04365f0,0,0
8bacb3b138aacf2172f6bfec0ef478a474d4f9a385cc99640a9237429bd2e63f,0,0
8bba0bf49ac1f385c8a833cf1839d151d349e4d876cbaf119960113b74f7a74f,0,0
8bd21e9ff27b9b8d72deab8c1f1d598bfdcb80a958a20fa409f66a374ebd364d,0,0
8be21f4e21368aa2b37b20b7b42823c617fd0296cf22010312a6abbfc9a787da,0,0
8bed5aa0a08570edb7d7a2cc4c99ba908c364f0712b9ddf586005bdbd69d5a42,0,0
8bfa1ec95b40529b5d94207cef207c89d26056b8828b7d46fb807458a3681320,0,0
8c03ded58fa7b8f0a6b2c06ec8c578a6d807d07b53524f38605a76869304a1b2,0,0
8c076df0c59d4b609cee6117b140ff735369b1cc61d93be47f6e39fe2dda5aa7,0,0
8c0c51513daab67f2c127b69cda46900fd8c4d5c497c574996c3d0e519fa9f49,0,0
8c111b90617ce9f3fba3722fd75dcfca877ac0d0729cc9fbf1899b3ea88e7e27,0,0
8c1eb5b02848eed88f95f073bda37627d1b95e3d8222a7917e71ca631005d943,0,0
8c23db8c648409175014bcc7700287b6b80d99bf7ef74c10aeced73916af4371,0,0
8c2d7cdc6c419ff2d127ca4f889d553fea7701121f76af3bcd4404ef1d75e4e6,0,0
8c426464485d6eaae95466db172855230da42c897358c3a13810923b22dc317f,0,0
8c46052642a52eee6dc9b07a63005636c475c7f4e65cdee9a2f6439a65391a3b,0,0
8c4694d875fd12b1f24669efe83c47eef9c41323eb40089341f3eba0118d180a,0,0
8c4bb432575f2b259f2a2105785f1951d9d7a5084fab92dde9e3cc603bd498c4,0,0
8c5a422e0e95adfa8b6ac16adcc90a585a6e383a56719e1a8be9a2297cd52b20,0,0
8c5ef0724a3d2c1f1d21bfc2fc51f0fafc27d42e917fb36e7a8fe6253791b215,0,0
8c603d898da6a0fb8564821ffcfc71899a67a8953bbe82fef1e285f62666fb0e,0,0
8c650fff93250fc4124077694df07c749fffcb313cb734aa779b198f9fcdd1c2,0,0
8c703a4f1fb20b09f7ec6ca470437db5818dfd37801fb2ea1effe4aca8b9c7dd,0,0
8c80527187feaa86304106f4d71d43e24b4ffcf692cf747a691e1f721c25a53a,0,0
8c81746b432960f123ce410b7f10145a4a8a1c64d578a3d80f5f197c5b9824e2,0,0
8c8e7f23e3eb1711ddd9d377de0a421cf5416073c03c7755d442bda17bbc003c,0,0
8c9105057fd8f246c7fce8d2be33d71d5df47ed18d0d72275ce4f63cc352d0bb,0,0
8c93e4cbf00b83f54f3fd3250ebf1bac5dcb0cd0d358c2224e2893df3a07dac5,0,0
8c9e48fb2786d09df6f13fdc0c0534b61d3f3c90ce6d44a7a63e48c241d08249,0,0
8cbd879688825e660773aa13d0d89868149cd86141f2f7b28b879a2252b98b22,0,0
8cc8abb3f81ac9fec2a25dfe11648d1cd39a85f6a1023d7d4b77479295d17f65,0,0
8cd726b940978370b35798c5eb0afa3ebb45b839215a097e145930a83f59b880,0,0
8cd76d64c0e3fac2ec5d00aad683a95b2b298bdf373a270f8f183ef5e359bd73,0,0
8ce3f38b6e4cef7e4a2ca94fb3dd5c6e3780cd75726edaa82c34cd746fc3d5b8,0,0
8cf3400489ed0e9b079aacb3e9e29664c12deb7099acc27904f2c0deb4e6e33c,0,0
8cf6553b8627a4baaf0c39120e44a65939d57078f0447c5615b8d179aca6be6f,1,3
8cfde6079bf381d9175e7b4777558bf8b064d6fe8cd68c194a49fb37d85db304,0,0
8cfee8b385ae73578b4cbeb2203841633f492f727d620c42a6573f9cb3e99fb6,0,0
8d025768ad1e593336b8d233dbf046c14691ccca09cfbe59c632df7258e79101,0,0
8d16d6f423ada51faf909974fac24c032dfec7b52247993e73eb10faae690e4b,0,0
8d192e9fedf4491317404ba15114d545d18982ea00ae0110378f1b78c496daed,0,0
8d49f7a16140ce9ce889f4d097c85cc931b71fb110e8b7e2cb650fb6b6e50ae4,0,0
8d4a56673eb2d7b2ee95a323cb0ed15a1ac9eac8792ed752fe0ea0ffe9872082,0,0
8d4f0704db506de0aa6e737d7958aed8d346958d69d8a3778523c4592d87d96c,0,0
8d4f9a241ae43a8dec08644cd7aaa1c31b7b7a38634c16434cb5116e55d3a7e7,0,0
8d539261d59748f1246cfc1cd3918ff920aa8c984f7ad51ca927322f24148d6d,0,0
8d5f8544907a70922b712b0def4cfa2837cf7b77ebf90876d463cf17c54a450b,0,0
8d768010a7b257359b33437b6ba8af9bef73e53e430067008327a12177547bfc,0,0
8d8214d061af6f3f9983ff010ae0155442b08f647ad3228e37c17b0187130b21,0,0
8d8d9b6c067812902374faa016adfd1185454ad501b616edbb19e3c0e3d91247,0,0
8da95b64beb0ef4b2a034e7b27b95d39faaf6f77e02eebf24e8a7b0b40720be6,0,0
8daabb6376b7a28d39c630673501a952361ae37368040d3a194eef8726237b4f,0,0
8daddbd2878170314bdd2d91357546a3647b8aed01fe45bcc0901485de88a4ad,0,0
8db4aa311a451a09c95e9b7f24854a205bda68ea08b7a48981a1077e5b5572a5,0,0
8db694e3bcfb517a092e6faf3f013bee8223fca8ee069e834b74e867f90e8ce1,0,0
8dc684ef6eceadcbfc1d8c102ef05d1d4ff4e8c672ee574a1fd3182e94ab9033,0,0
8dd8ee8504cb98e1120f3d7328b05f2afa76a9354aa6d4becc0736a4ffc7680d,0,0
8ddcf953bff5eb89f2d554d1d77428256d5ae20a0aaacef445b38716a71783d9,0,0
8de31184b291802cedcec9ac2e78145b6d3707b70fbede6dec7032be3efb9cc6,0,0
8dee7790603496556491267e0a46f2a7ae5428669680e7f2779fef27a9224ede,0,0
8df93682d3d93cc171bee2f71e3eba2a633b5aa657b8a33e5fb2af96ab579652,0,0
8e0028f4a73c4a6a5677b8239d458b0756c800779f709ea883e350b20979bb81,0,0
8e027e4854700783108edd594629b2fd7848b0c6bf7e3f6c6232ae310ae93fb4,0,0
8e0bf14c819e54f01a74694679c48307a5094149d4b8061b3021ed413632274f,0,0
8e0f9cd0943689485915466c3369a56d72ec0cb123a66df5cb96751e310805b6,0,0
8e13a665049a8ac46933ef48a26d9dca139eb98395b9ed3c3fb5ae5492f6619a,0,0
8e16b835063b093b51f09940bc53c20d22d6c7c6bab9cfd312c7e5e465bae200,0,0
8e1dd864bcaec5eb0b71816d3d865fb145d04c915d67e66d7b6192fec58d4f5c,0,0
8e1e7d816c3aa8109f4800ef4e8e893a578effd6036850c00b89a5dce2e9bb11,0,0
8e231e5653f03b59dd6d6eada5f5c8384b4575ea9bee364b7e44b7dbd557fe91,0,0
8e4c489088898bbfb6ba1b5c4417d82a3a4899b01404327edbbbd0ad05b9688c,1,3
8e4e55f03f9cc0f4d375dd9cdac774eede542a5a7833cfb5758a779e53c17036,0,0
8e51627b0d93ec028fbbc3f57a764a8bfc15d16338c6b4e0342b453f185bd051,0,0
8e61f2e4a578fe1b744b1daab7ffa03e362ea6331a6eb256c8ec3ddde284d398,0,0
8e6716b1d7fb4983567dbd2bf15e99983bbc980faec341263923ff3bdaa5106b,0,0
8e73e66d6aab6670b3b5e73139994f18a7336400c6991eae369d44050f3a523f,0,0
8e767f07bf402993aa5cbb4b056b48388ae05a0bd6e265646e83949f04eddedf,0,0
8e851ab39da0e6b2d32323da4e404f1daea2e9be0d2c50a0b8ac5653f3bb4d18,0,0
8e916fc9205554f7deb292399cbdef497a0e368349dffd3b5525dc76a02cefb3,0,0
8e93f358ea0102137344c00a1ebbd0a3dcd7721dd97157d73804eb11625aad08,0,0
8ea17f0ff655bd20fd30918a49473252766153caf72cf1c2c0d7f1cdf0299c84,0,0
8ea7edfa88abc0a188b5b16f261f9dc0eb7078f794823adbacbc839a5f25cf84,0,0
8eae25158a37f6a093af921007affb820b4c7c1be095dc627cd25e17a0c3c08a,0,0
8eb7a7394cd73900bab6bc39f07e5807c64755e351bf7221cdb02fb9841c2a53,0,0
8ebc8b4191853b088d6f1ea5e01c74e8e9b23e801e274cb7dead160f48fe37d5,0,0
8ecace7f6b852f9be13e6ebfd4ea4dd7a08fa5b02060dd54e5f39f7e2c343dc8,0,0
8ed238b768a4e8d9fee7cf253148078d94a74ac0c4d086c326760a05c62cfbb5,0,0
8ed83b799ca25051bf75dda848ea4c72e845b13f4b29ba77036b24b3bb2c52b3,0,0
8ed8bf7b39c1ee9fe38e9a6ca10fe9d75ce36db013425bde8372c612174e8927,0,0
8ed8d2f1e0815d5445088140d4b5dc9a4eee9a2f1184f8a7b657d155cd4ffac9,0,0
8ed9277ce2a624121a5b8359f0e83cbb54a8402bebe35db56b45b4f782ce6124,0,0
8ee069ee1d4fa7a6c911ed100697561b11572605aca707cbf28cd772ae1e8c96,0,0
8ee168f8db1cc65e8d2da6bb2d8b8d7b5c84828a9a7dd6d378f7f9002b3cdd3b,0,0
8ee1ab687b58757f5894847adb87b81d0c690aa2c829c8280a52eb91bdb39266,0,0
8eec064b9f108f6b8ad50bbcd938724017b7f49694c0d12fc1b6699735acffae,0,0
8eec4f94aad1b33f6cb18679d6be527aea236d823973f33bbc76550ef631ad89,0,0
8efc9a0821293d42d184ffa0422be5a0df93d0da9a0e9a89f39a8e501fa43419,0,0
8effbf78bfa2d3cb242df3c404ff817a280461bc7f9dbad0f8600c76e8457151,0,0
8f08faa113056ea87cad1737ac7a9a1577a9713ecf9610d1ecc54a58b44bc19f,0,0
8f0c1cb06e41ed5bd1542e4695099f40b9d1383d6561a791e92cd6fb9da1980f,0,0
8f38e20a880248bb96bae61e831bcb767dba48a27d8218c9abab4a2cfe85d668,0,0
8f43a3d65bc03e560becc309e2cceacfefea9e788f222707abeb84fa95bb8634,0,0
8f490a2e1064127a8337c46c1a8a3fce6d2460f99b8be0a579ab07c9153bf7f6,0,0
8f4ce40343d7807aeebc86c12c5293f5b20ad5b39817ce6804721079d123494a,0,0
8f4fe2d8fbce370e0e13dd30c8ec372db16f1ba425e6c342177528c8ef189380,0,0
8f52088b787e3c63e2ae5e3ae183e77fa4b21e21e6e6379eab89e5104087a543,0,0
8f67eb2b5e5b2f3c52cc2ba820068483edf037d42eb4be7e3ca2b73da326e363,0,0
8f6ec7bbb071b2d9ea9b0d4e26b11b823d3d49c6c6e93c0299c2a99840be98d0,0,0
8f84d5f74613d21d25313ae556605c0b87894f5eac82554a451d80c37d33b842,0,0
8f8d13a47033c3e30d572bee5acc026e79bcf13b7887ac168fd44ba72702b4cb,0,0
8f94589784aed84ffbb03e53f4117ff84e2c10658d4446c3a0df8c357727f826,0,0
8f96c43a65dbc2b3b5841503decefb2914860f9ffcbb65846fd851b1c7fd7bbf,0,0
8faec8bf8be687c795dd384ea482cbcd6bc08593deea4c753b0fc51665ab14af,0,0
8fb5bab95d082939aa0ba3268cce894166ec46b1f39a63c14e0ce977bc525842,0,0
8fb7212a9193d21fc601973a03f0e06fb6931a943f6e07bc8d1b63feb296922e,0,0
8fbab6b8feb2b71159aabfdc4b3ca954968c615deb772ffd734353c0ab7c024a,0,0
8fc04c6279820d1a3d72238754fbeb78605d0c9261bbf68b40541e1285ce86f0,0,0
8fc7fcf29cff46b26183522ac7162c3813dd96da1c23d38723a387c5678b3bd1,0,0
8fca661288233bb63242c27c970befc66b36887fae91e9b9ee1a99dbcd643870,0,0
8fd2f103941ea7f9b57db95348dcd46924f0253b6108de0676729232e9a523e8,0,0
8fdd792e59670092b3b3e0b38a1ae3b3efaca173571c066610e9f10a124568c3,0,0
8fe2fa02a676eba8ce7acb8dca1f3b072b934ec5a7b83b643ec2af6a868f18fd,0,0
8fed2330ff4a636589fcc5fbaf05589d4d72aafec0757ca5c79e1035babb67d9,0,0
8ff1d0da3e148eee44f5f0a16bdedeb9a2e071f6f3a1c564b3c0988c66eff587,0,0
8ff6dfde4ac5e9dcc9fce6162cce9edfb45a469c1c47db6cf8b3942136e5af08,0,0
8ffb9b95ddcd4c2234c1aa015a9b996366bc40c40b41b3b93bf5f6510cb8dbd9,0,0
8ffe3ac72b1389c0f87cfd881226704b70b6f0cc22048864013388d7b6ecc15e,0,0
900c04dc0096b243a8ec160684a8383bef5be31fdd63d3b5eb0009c442f5582c,0,0
901a8125cea720b8196f4962b68bfabe3ba2a828412de45415f4de9e2ee0be89,0,0
90227bfa9568db890e89cbe53faac9a03fbde70939a5978cda05f6750081a23d,0,0
902c5e45d745ecdff7cfcad652504bce411c5e788f8c6dc5d27792b27af95d8a,0,0
902fd3e75bba838f9e2626db5831a3c2584f51d40800d6b305f945fdde149b03,0,0
9030743d3406a8eb3db53dec75ebb62aee963442741035fd04e7e4de7b3cb20a,0,0
904c20594112ab87c5e4982e6894c23af1fe041a2ca5651097ab058e6ed98272,0,0
9072a2cd0e9335afb5162e7c80403b3508ea46476e951f490a79c6160bedb0a9,0,0
908f7d93a68b2262de4041899559e96b72125a16e942d7cc55103019cf8fc00e,0,0
90936ddb2273b8adc2a10711c22f148f23a24b0d8b74fa40d2559be0593bbc65,0,0
909a6c4ae5494c0305ff3016f450549ed2d7cabacee6d2d27ef7c7d5f7351c68,0,0
90ad84309c146174af8b0e354db029635cd406af6f48d2263277cab362c4dc71,0,0
90bda2674806df05efcedc3e250f31fb916a11f0a702daf371a59a6586d22be9,0,0
90c91641c996355fcb187b5b1a885443d8349abcf16492d37cb5e1ca65fe0daa,0,0
90d2c06e44b746506e846757bb8e4ace739f5e3d2a8d063464f5146ce42d81cc,0,0
90e5fee9307f67b1720392351379bb1059bf3af4a5bf11d5d861c135ebb85d4e,0,0
90f16dd7b269626cb66eb22257464a98ea22bdef2e4b1ce5530b8c80d3881893,0,0
9112261461e76216bc127b7f6594338743abd64c1cf9eb16eeae6a305562fc7a,0,0
9124f66368ddf1e895ab4885c93cdd128ef44bd42c3cb0da4c06868436fe9269,0,0
913a2532f8cd0b17528faeee61d9d12f6e0d614858a60369f4b06ad8ce87212a,0,0
913ceae1bbfde3012c1fb186ccff83b660a5f96ed47c26da2af33da32f34d12b,1,1
913ddb252a1b0db54efdf1bacb6a3ea0d059c7fcabb041b507fb61da26a78e9b,1,3
91418dece17c85261d44a58828cc345a026321ac97c8947c10275237e1b0dc7f,0,0
9143d9706dbdccd20e89a61ab2a46cde15ca59c1af4aca9e228dca5f66ce6f59,0,0
914fc7be5baaff8eecf98b0ba1d4c8d2686246179942248a5c41836e2fdc27d3,0,0
91618103d0de56712f60eba620ed1572ed78c71c0086b8c60e07632d0af1bbfd,0,0
9174554cd44bb72b2775879e77c0c3213b2e541066050b2bc3c305a31429da71,0,0
9177b99298d3e88b9746c7e9719206494b4a338a832dcfeeea362e8fbb789e5f,0,0
918161e4153b61f80f97aef4b6710161082f515da7f7d123b979b3f828673d6e,0,0
91969a305c9150acdc49e83e250ffe3f25df27c9095bc26b8a0341351ee7b072,0,0
91a2c1b7ae28fdf9774c9ad5009f719ab4254aab040e3e5b9ac40925ef988a30,0,0
91b83f05f53faf1a4535567e0bf3ff82c11ff9535df8bfbc3711f12708bd2131,0,0
91c86a29853f0f78fff48aafc8a89291473c6bc1cbf96b9875cfc86abcf553d9,0,0
91c9747c16e8a8598455e93211cb5eda132a05a9c9d1f48f1098c4ba6099993b,0,0
91cbf7ca2c2d805797501c64be8d8fa9e2ba91024cbc163ac205d334b2f92070,0,0
91da594af5e1bc4dbe5041fbd0fdea5fec717c14e3c46c2908fd118c7cde4bb7,0,0
91db7ce45c4d862d4deb26255d09800d3341c2be8ca4406716041d55cce040a3,0,0
91dd1fddd0787fb894fd410810b496a278f2d636252426a9a6d8bb4e825e9658,0,0
91e2aab177fd1f2465b45fb47262164acf8ea0b75a7cdf75ac8cd139925819a0,0,0
91e86005af9e8a299b500df0141cff7f26866a440a06f0a7e730bfbb464b0b54,0,0
91ea646de40ac43eb34d631b4e73101b04ba437badc400979b0586cc8ec191a1,0,0
91fa66b2be7df8f8574284d4ac0846aab007142530fc3501bad7b68bd6953ebf,0,0
92124147cebb37fda24de7e24b8e982a196f3a06bc12b45bb06c1a2ee091e56b,0,0
9212d1ad1b6dd9692aa0eb44253883bcc5eb02c5a2c44aed50461aec354bf9f4,0,0
92186efccc0847f4acf9c05f90e45bc1b5255c4613eaacc7cbd969ce500f9a54,0,0
92232d52fdf157fd2bd0867c190b4f770cf0319ba19a441f32fccc8bc4ca017d,0,0
922e4b502668a3fb58cb1d7533acddb0349273cc27378370c46dd7c324c38646,0,0
9234b1eee8fe728757a29ee7b0aa28c659cdb5766a83e4ed70dd8eda6a1fc44a,0,0
9239cec09bf2f57b269e28fed0de4b304a231ffc241be8a3a85837fc815e85fc,1,1
923ababa4142c5d81d3925463315f81165ec83bb0554b34a5acda1507c89440a,0,0
92560950fa0c179b66b529afad4c6cba1843e2c817bac65a51dfc568308041fe,0,0
925e0cf891c9a192a757fe5b03cdbf2daac0cc33af526a399b266fdad60a456e,0,0
926850de169ec26dfb6bdae5092c189482c4a806e6dc0c3ae150d8337f09d370,0,0
926c7cb57e57d45e91d5a83b91c0fc8d8b999d8ac7a494d73cf4855063e13c9d,0,0
926e043a95eb33c8ca819ade6ffc48d6d6e4d5381b37622255a8ad9d97a7ce28,0,0
926e19e82d93c223b255ee85e5ec69aa74ec052b83c502f62223c2a8ca2156f0,0,0
9283e6166278971d245f0d7648cacbe63c0396cced56a9abf1fccf9bd15a901c,0,0
928612beafba4398f5d5bc5a52eee7375b2e7abff55ee703c531cd4f9fb8d8c3,0,0
929924824aadaaae0a235ee1b8fa0d5ebbbbd17eb360d0afaed2afa677b7be90,0,0
92a67ea79b2c155af1889d6b500dc547d9e13a8efb31394a7bd3b9efbb7c22f2,0,0
92a7254a003ef7914befbb41a8b07443f7773801c17b9c9e033feffd297de8f7,0,0
92af360f969bef56b39d906f472c6ad521d66f67bcfcab45d908206549d7c610,0,0
92b2dcb3b8c6c56f9364091923d1b8689d832cbf8f2a2880ad81a587741b4c66,0,0
92bd693993f28408049cdc683b0f34db3232e4ec07d3bc2c33002d9f99dcafe3,0,0
92be68c3371e69528af74d58cf914f8e63f8d164c6b6297ba1ad360e11b18e7f,0,0
92c7be1602add7fb03833ad25436594f4dec162976067d1ea7b538b2464b7fd0,0,0
92ccd854b026d39ee06459201670057aae924d6052bf1039cd3ad6e2577e45e4,0,0
92d1f118202a842309be950e3110371994b81e8b705c83dad69bd7de0787a557,0,0
92e433ed3bcd3d01d70cf9dd4485c240fd1cbdf0d355dfb1906e1e8121962fd3,0,0
92ecc2bc6c1efb5378b212e6e2433aea2da3f151470a98c7844dfdc72cbbc949,0,0
92efd71ed8f877b6763fe7dab9cdd62be75bb5d097799214d956ec5254cb8223,0,0
92fc7e4eb672e190349a05948691235e7fd266ca2b2f1f3863bc9e97c70bb01b,0,0
92fda61512f8f10efe61fddbd3c729502c303a59f4cae0a3ea6f83ce1838e0b6,0,0
9302964d22d61c2c08b1c9b4ae83649de8098bfd48cfbfee1f9f6abb357aea57,0,0
93143cf38f7da76d32f0cb97036b361a9e9c2dc3f70f585d3950d528c5c5d5b2,0,0
9317102325d1bbe9a0b62384fa1139880f0d8ec17899c6aca2dcf6e1f9ea998d,0,0
931e4217fe511827ec2f8486bee906333c16f97ec06694bf7e45c4087e80e2b3,0,0
932412e5b6beb31485c3959c8621b776e835bc2518675c4dd540cbc7ee37fe89,0,0
93242af2bf94071a1bdfe3d84f4b4811e5e9e073897e9f096df547afe2f99401,0,0
9328752524923efb21df69517472fec4cf3d86619e6a5e6139a998a99796a96e,0,0
93316bf4d27b57310e3f6ef27b903228dc3126ba4919b4d1076a60ef01c4e165,0,0
934fbf24e32e1c7b54e00a06721d1fc2fcd067dc5a397586466e70073e038130,0,0
936cc506e53283bebb3143642adbbfdb7645b9341628fbd24306c05a6c74b987,0,0
937732f101008988f29afbacde77d25512608e7a2b69b896bbb356635b760f1c,0,0
937b5db08744c9a47cfd1f7a4141cf0cb28ee1a36b437917686a8f83eaef3932,0,0
937fe0f668c07940d58c035d9eda8e83e38a1fb96bc9ccf37ccf7aa6cd12771a,0,0
93861fdfd790d0d0441c28a1238a304852390c1c8aaf246a7aa12be7b93b0444,0,0
9386644f6eef72a9e405ffa7ba1d54217cb523cb79144e8ac3e3637d9dd34bd2,0,0
938a4d11900310d4ce234290263084d23b060dc6bb740db7ab1c17478e5346a5,0,0
93924ac40d52f39692b8b9c302e2c9fa6ee9c6f5455b930a2c2a000c1a610216,0,0
9393d1f7b5bf35bc09ad50a62e07de5d9bc2caf6197d99ee6f6c4d92cf76d2f5,0,0
93a82c4f81729cb16bb422277454f5b159ddce9a08ce45dbcd3db92b206e106d,0,0
93a8397237521713c333d01704965bb69ddf51dae51d0ad4b23a16f839263524,0,0
93aa2ee7c22dc5d760a531ca86a545ec4f4a935d7fd8d6882de6cb3bd8e450e1,0,0
93ac358f7d5dba76fc40f495e9a607dea16c4732d38ab6c85293a2e28e5e0e14,0,0
93b0038d2c256fbefac017cd89f059fd81026c29a7a1a6103718ea6c026bfb4b,0,0
93b7529dac2cd1d09f3068c79bf530f68b3ee017e777934c749da03900eb5eba,0,0
93b880856376fd2ab84c299fdd87563a798b46b566810177dc89485a587d91bd,0,0
93bba081933c31452beef8543e8c6f2d28ca6eac8f1821e1fe41443f3e858055,0,0
93be09079009ee358373bedd8a84132ca8b256d08a80ef2758c8f8983a7968c4,0,0
93c04449c29c00dcdc639d2478f1e8ae62d18652fff6102c8bf62ddc3758503a,0,0
93c23f739e807a0f73742862cbe412623406c944d5c18e8278be6f7df9a552ac,0,0
93c52a1a97261f8550cb699e9b6b44952c908941028404fc710837ae50650151,0,0
93d6ae80acb67b45e8a9aa111b8198b12fab0d1fb0497e837a294f59bd9b7707,0,0
93d8611a1525c8b76be654f714443156f1539550e31ba7cf09f27fcfb4740238,0,0
93f77733bf280ffec6283ad304146df3bfa2a242695cfb0e15bbd985e92e60f2,0,0
9400677cd4c5dda256da18272db3d97467e21d85efadf7f20703edf37fc43541,0,0
9423e539332b776cc00af5b3b6cd9c5bd59ec9858ee9416fb89eb29eb20d0eb0,0,0
94329b09da4d87cfc6da9f155e2c3ac5361890fb9017c7ee4d35e2a0532e96eb,0,0
9434c781715ffe8f9113fd685f5ced0149205b08d1eede6de9da04fa0f22596b,0,0
94496f2228e703ff8f7658c093b94fd38ea0b7a5dcb79b49906fa93f53eec5d6,0,0
9449c821d217c58f04209e8516f2a40e61e744499dce91105d336a217ee7c46d,0,0
9450e6c61c1932ab6979c0cd915faf14216ff66c51446052f4b4838c003c20b0,0,0
94513f80d53bf7d13956ea44c33bc338fed36dca6a3b8ad797c311f4b1717f58,0,0
945c943b3860cde6f11e272a13af44a0102bdef25c50042365afc079707d8090,0,0
94658eae77036ece2d028e1dd3deefc7f9cb4dae752b069803f7e866d827f6a3,0,0
946cd96d0dafb309d8e77587f6db151fa94fe5225d8d3c9972e9c93327f18495,0,0
946db7bf8f6bb34a37f2cd0e80d990ca0a9d4404fa125733a32d143b121dc271,0,0
9474bbc99f554a0c50c74777ea3355c0597ef4c7f49f04637e8c80a904c24028,0,0
947c5eddd85c5ca35d46855124077048c8266645bcef5b85f3150d2d774ff5b8,0,0
94879e704fee427f6e8824ca25b0969d5847e1cd5152fa9df0c7b69daa37d3d0,0,0
94899cdb969ce1e5ed941f5995b4fb398db4a333584068334ac77b3e6b042577,0,0
948a2faae6ae86bfb366ab15dca87bec3d08926c26d1c0dbf4df141006793c9a,0,0
948e59f690300bee1ad9ab97cb9ab8f96a00375226868da54617f321bb12264b,0,0
9490060a6b20e25c2169d9985d4b07ce135e35883cd8df4594fd881690e2b070,0,0
94925d85e72feb44c016ef0090e6a69b6bc8ea2bb742e43b99ca33a1df86db87,0,0
9495f929cdde3898ea05357391f354d852dedd94fe37a987838ae40e934c0f86,0,0
94963bc71f895c02740b244a820f77ffb9840e5960b381d04e44596b3258d8ee,0,0
949f82c0b4b35fd20c95bf95c049b3c9a6ef65a478e1d20338f5a39823293943,0,0
949fbfcb362bbc15a6e889624c1c0550ed85f940be38c3efe2189906998ce129,0,0
94b53c3438173e6726b71dc38991dbcac52519bc15c8b219e7bcdd33230fb6cc,0,0
94bb8a62b45cb8181390cfe11827f8abeb9109eead9ae371d00ce88521b6b6d5,0,0
94c93513ebaa3d8569a83ffb5be49031a84a721437c16e34b6eb44de86370a08,0,0
94ef613558d66e02687488696c3002bf9f9a44ae8b89d2231b6af27c138a3147,0,0
94f5e60a49b0469ad23466efb81e9080a5e82fa1a6a20a3f9588964d4e4cc2f1,0,0
94f70383daf77712f03f5b692328395da1d5be990aa8ca8fb91f7df59ed07e4c,0,0
94f9f444ceec43b586cd699818bdbcf304f38497d366b06d71c20d17249bb142,0,0
95099075da79da33413a5a5130378bf6f38ecde0940da5365c32df4a2ffd891c,0,0
95129aff43b0ab012d5ca0c4d6b5fabbd54efc9738c48ae80177b4ead190b31a,0,0
951cc8ef8e10809007a8dd534119272b030d239266719f5c7a6e28f81d5f3387,0,0
95237cb9fcd02c218fd52f4ec161a6dd7813265d123d2759861127ae06ac7c48,0,0
9539581f0a565c8188dc5ac3f8975a475a7048b006e131943f32a5f97850445e,0,0
954a8937b3923035a2f626bbf02da07f22ce2245a72d95150e11010807b6f8f7,0,0
954d1d8604603ffabf44d1494368ec76349c8035251a03685afa69811e36ed24,0,0
9553b72ab6dd2d172977c1884f5767e0936909cfa7b46832a7635bdb099e1842,0,0
957e620aea810e97adc5a9eb97f539c331d044235342c386268c7a823ab450b0,0,0
95880dae0a55ab8124db60bf6e463908dee53464eb1aefa0066bda9db094a4b9,0,0
959812eac20eaaca1ed23cf1311f457ed85b898547f7584c8efd438c87751e50,0,0
9599d36a664cb843b56445353076631582964ea471a9ef73d485e8d9210468c3,0,0
959b283ea536d0c1e9ffe7652e132b3a8aea792f54cb80884ebdde9393778bee,0,0
959bb47de480e199bd2cb9e94c5c72cc2f634ec863a7c747d4b2dedf2a3b4603,0,0
95a49f2b39b207c17fbbc689a1a233c9257c7299c70020ba160dfbfec10ed0db,0,0
95b622f56fb7d89d1de655a753f48116fe776c45f4a7b7870de371f5958dd9ea,0,0
95c957906954ca76074bb0fed53d6a1b7ab28576f9c82655d15da2bbd6a086d4,0,0
95cee1e9409abd30f66b8ee148ce4d7fd9345c8600726058d4399085fd8eef8f,0,0
95da81d42893a6e08d750e77c62934f13e3c21d7ddbcf1a59bdf5be1ee69aa7a,0,0
95e4befee5135f45f3d0e57c9cfc9545717fa90873846a1b371292caa9dc935d,0,0
95f0fd84b498b437a797bfa8d75b455e794d6b977e221de21b9ea8f4befb664d,0,0
95f138fe2c8bcc8206efd0c9b4e7641014986cffac2173ff88083ea90dbda325,0,0
95fa5e44b1253fd6303d10b39babcb6327443ffbb35ae6e94569514b9d7af4d4,0,0
95fac51ef2a3317a40186035d38d8aa948c27d04570688c5daa9b5c40c3cca0e,0,0
9605bc01a85fc5723aa590983ba825825a8ef5fc0613b11d3c22934df9d4a505,0,0
960afaa6e71b2e4927937d6cccdfe1633b1c840ce0073460a3da6510a3b7e311,0,0
961b1acf6284430b83c718bf2e26254630134c6d312b6835eb9a842c8d9befa0,0,0
961d1cd7db147300bba4ccc378610482be1e75ad43626249669777fe407523ab,0,0
961e69a8fbb62a8a8af428a84ce8cace062af409270e92446f5554844710aaaf,0,0
963177cfa2c9e4c4100e95e84d63fefb776b78adf8b128a934189c9b948c0d0b,0,0
963abf31451bed39aa04c32274a44cd670356194e222de4c964892b4d2c6a41f,0,0
9642053bdc9a0cba1134e011ebf628fbc21e7d661a559042e2d7aaf8715e11c5,0,0
964888113eee37ca69476b0e940c16e46f931ff4867b5410aa205db90776e40a,0,0
9648bbaaa67a54566fab6aeb9ecff75c377cfe400b22b112bee8855527d74873,0,0
96576c6cafc36eb44565f33a1744a66f981d360f05e9573a515563d7b606bf25,0,0
965a720f0f59dc70914a2a50dc2e3d5216b823ab12187fb11ce8b216e266c7e9,0,0
965c33f44e1fe735d84d1c065a48db73a70fbd76df55bb733e742433c804c104,0,0
965d28ac174080f45c3e506d8f5f25d317368e5ef147d331b2700f6a9945e681,0,0
966a7f292aa4a4128641f6241ea95f84c4bbfd1083c55dc20063d115478c5c9b,0,0
966c75cff5f124fc3fa17e51e1b42d55eaecb1a63efa67b605152bbd6c3a3fc3,0,0
969f80711304e25a61b4c840805216170e26b549343bd25cd0cf02f8d8d0dd93,0,0
96a3891ae460019751f80c0bef7523a11098a674d4cf1d9b719f2eb3595c3fc9,0,0
96a3bd54593eb4c8ba9b98b86c2b31394a9e07e212fb948cd27ef00e4ff156a0,0,0
96af1473ed080d85146f4f925cd37125704053c4f3af91bab5e068fc1fc336a1,0,0
96bac319c8e5aad00647e6a007ba222567bd7727de6be319e70e930a7c0a4cef,0,0
96bcfde684dae2bc22f640946526f14c3a5908fc4ea65aa047380863cd124456,0,0
96bf7a6c7fd5f01a6c0f1ea56efcec37ad166aa76fdf7fe08290abb08ea0c624,0,0
96c119385877368fc7fe20e5899e015ca04759fa42ce2c6a5af0b1efd133bd5d,0,0
96c17d28ae0e4430cc9e915116a7604dcc9417290e60dda0e1c5f8fb08399e6a,0,0
96c884288cb9c974e3820498ab6425a171f5b889fa5a98af9f557d095100bc63,0,0
96cd80fc4ee450800097849586ceac1be14922a4f24f6384ac7e866757f44349,0,0
96d821b102d7b7666d7182549a3d219e7eeafdaef5f8887edc4662bf2e9cf9a2,0,0
96e9d2ba99a1016fd6def650e57873f67b4a4b4c845a16f55febf07a4053c108,0,0
96f08031771483a2eb4e326908144a4ceeab5e10dbb60bec3c153e206247149d,0,0
96f1bd715cb265c473d8a0b5a12c508913a02fa7d8f028d893441021679ce324,0,0
96fb203f7522d48659554fa7e03ce14fee4837dbb0d783e2dbf6a13b1e9d6446,0,0
9710c0a0bc0d67908e4006ee3abc82278e72da123102a74f56a048311133698b,0,0
971e304b5318dac87d772a14115da15b84c1a1f0108b7fc9b1c7658565572cdd,0,0
97205568e1438cc2e4c6cdb5739a56eaa9ec8cad7faf43bee536d5e549494506,0,0
974364ed4f41dfaa01a3d8753aed443b5f60a4714878fae38d333aaafcac1fd9,0,0
97491fe96ced58a7a32417a900a9323694825f37a7c07b3069012def6ce1cb54,1,8
9752e87b99022bf203262daca1f82fcdec6f631e1f239d3829d16232f6fcc5c1,0,0
9754c47150413b7b36a973a106b2064235984471e4fa7e17ca801bcfe60cc3c8,0,0
9756f07f7807ed190b9e9bc718487d49a82a9778ccbe39a5bcdd10784529fc2a,0,0
976394c94ac797b36a3207d64c5b841ff6691278df37264e6d4a8196cd3af34d,0,0
9772b84486e1f442e2dda7697a67a0c6f698f2afdafbcf13be27ae1c42da63e6,0,0
977aa14e90151e434e0c3252b0a4d41da2e0230f9477251d0922309e9be2a47d,0,0
978efbedec5607a4e0e83d1d2cb78c897ab68117af7f30872333c53a74bf8245,0,0
97919d17c01e360b4256d5301ccab2cbc9fbed6ba8cfc6bfe640f21175c34619,0,0
979aa64d97ad407b699831e90d231785982e2c3f38dbbf19bce81e69ab8074d1,0,0
97a0e8c2591670fd3002dce329dfbc2e4cc4cf8aa5f8ec963fea0b4bfe20b7d8,0,0
97a5f3b5d74e0b4b56a238f1ab9cd8bff5fc598526a9123b681090db341333eb,0,0
97b03a842b4725360a85f8f5ac4edede54b5518a80e44ea866b0abb0ae7ad105,0,0
97b16c7ee51711c8a852bb540f5865607c91e81f363bf3b4c8d9819b25d88451,0,0
97bbaccb2bde4f754c632269df3276025d0b7f357a80939d3167a6b5128fec09,0,0
97c2f73839d82292c9e19e2f91da1b0a2969067e6a1a74811aeee16a005c3356,0,0
97c3fc6059fd0e3d4988aa41bad2efd19800811c5b5c4bca69bd8c1185aac61e,0,0
97c7017b89274f2756c3b8f574213ea6a205c53d9d7a71d2ed3fe646d85e89c4,0,0
97cde87a076e8efe0f60ecce4246be656b28b14df23d2c4a6448cc71881a7608,0,0
97cf3130834d7de3d2e97a84127a5600941576e7ee0c45e3e95355fc2d838c0b,0,0
97e941d8860b35bb31c9160680354e744e290222295362813464285ed4b3dda1,0,0
97eb1d54a3f481fc20add54b5fed6734211ff0b725f646311efef79a0af1ba3f,0,0
980b9dc0971b190f7fc23131caa290e83a80711483a575a1acfdd91e641baebb,0,0
9818162a5283116a2ac2cce8cd59a3baaa9fabc12843403a6349eeaefb88b4a4,1,8
9836ebc0a02df47d151970c77b0cae4b7cb577d29685c3f833b1b29d64658d77,0,0
983e7bbde27721349f6d42ffc8466617cb205cb6eababd14db83cc0ad503b1af,0,0
98455005ae2a9647e5ec4ce388c6e2726cd03c0b18d3b41456fa099d680407cf,0,0
984bc8ca1cf58fda317f88b41b9d93206bbc4aa59286d5bfb98b9772ae337737,0,0
9851433a4140892ae4262d898ecf16460a6fb8b6d7d5b323f6dbc3930cd8f7cf,0,0
98544205c4d6bf7716ad258645cd916b28a50893e3a3ecb56fec4db4f0d7787f,0,0
985f1f19a362764fa640ce05d4fb28cedbcae93e1916637407502cc456eee2cd,0,0
985f7feb86197e82b5b19d6edb33c6c19c14f813ef247af59fefb6b254f4668a,0,0
98641006c9455d48df70752fd792d11ac6f7d9c9b6b0a244c61a71468e516a67,0,0
9875621b29e1b519290de640001b5ab34a522142dc76a967af63c5a8347d25bb,0,0
98765448bd257c88360ae3e4a1895607b1ed874687f4298351ce7923c99ec1c5,0,0
9886636a2c2cbdb6fcc1e45695dc6984fcdf8a87a54c97a149c2faf440e732b0,0,0
9890f2147f3d0bf039e8f1be42d1e8e7e95db121664b18f94e7e89d9e9a87779,0,0
989879573a24e54b79e146018276f590b825e7bb943f803ab102d768b90eb749,0,0
989b5ae48c54ab1ec9859651e237d772d89ee7324fea87fd4d96f1c25716d99b,0,0
989ebd92ac1110e75a0a856b5ffb4dc66f16afdc78149c84198a47c80100549b,0,0
98a8960dcf68c646d5f9f034c57ecca7679f2450ea933801f896ac7b554fab17,0,0
98aa032c5587cdc07f95eaa214b632cb74a1c2e6519f3b4768f0e4d72ad7adfd,0,0
98b130602809a210a40f2d5e3f8e599d0990124ea490d5af238c16a38863fd21,0,0
98b8e088478de239d3bb6dc1c0d5e9df299e0f7cfe82a1d2f7579c45aace19d1,0,0
98c0731bd0e3e777ebac7b17476379b89610a18f713bb1a99f5a79ac43f6c1ab,0,0
98c40a463395e05e7740924ca2643098aa559c7059ea67ef0a974d6b02643be7,0,0
98d2e7b7ea63b1036e5d4c787b021528d770351c8fc2a1476ac54834c634e155,0,0
98fca2287065f95bf25711a010daa58abf06d8f529da2e466d4f182a60965f49,0,0
990b9b73a1a539109ac5f796b7a3196d562efd8956ff6dd5a51c818ad39d2c97,0,0
990cf34807099626294a0188390aa3bdb8ead1bff10ee0a86d9a938283bec98a,0,0
990d74d99a47274accb26b3e7f2cb279da25a2e54bfa0d9c36f2966a579fb80e,0,0
99283f169987c8baec0e92a3ba18942f82893aaa55d60f9dd2fc5ac019bca5db,0,0
992bf01893da2ea9284be72e1c75862819e4e96a4034f987adcd2237bb116a4b,0,0
992da374539cf9f4c4be234431767754e3cf2ca73edd0b75855d6cadb597be3b,0,0
993c35a04c7e7850353f4fc74f2e89e8e128772b8794d8ebdf42441c6356fa9b,0,0
994677bfbdb62075b8e7c967487ac23017b81ebc38dd9b7544e9a8088d3641af,0,0
99488737aa109b15fddabc5f296dfee9f40e97fffea68f204310c291c5896fd0,0,0
99495a686e5c7676915e04202b590cfaf79862e7f281ffd274b26ecba645db69,0,0
994b8c5095cebfa3a31b32136742937778ca7a72c88db932d1cdd49e5e019d81,0,0
994edad04480230b007ea41a7f5facf8851e1cc01802082a9edc593431b3d615,0,0
9959b9c3b532ded579fa76ad1425528402f7792fe3f225725b5a5512dc4643bf,0,0
9966ad52bffd006968d3d278c36d873c1aef31a78a3852136d5c4716dfb3a66a,0,0
99786b4bbbe527d4e9d52e223adc6f836116963111616f9a0a8649f5e8a51954,0,0
99790ffaf5ae39ccc826c246a6ca0d65aa966a8c58e469120674b9e84c2128d2,0,0
997d2c5cb0f198d3c23f566e2f56f7c84354b0876affc79550c471a0b125e29d,0,0
9980f5c6aafeb8fb5e6bcc3560a2dde654606a43914e9a1d18fc8fea29954817,0,0
998ed0142326d419714585ac0cd6d68fe4ee9b4ed41da0b659b0d958aa62f6fe,0,0
9990ae1ae42170c91542336b2bdbc187a030919415209e00281a6f6c1829ca68,0,0
999bbd36985193359b35abff1f4071ca58f7b43bea05f282718204eaebc8edd5,0,0
999e9e850a5dae851d80826e17f1cf7d30d0458afdf1e5ba1cc456301dba5885,0,0
99b3c876fad5e31c9a0983e282a44e4e6acce08099f77c0470cd1bb45768c0a0,0,0
99bee678904195985cb883042f572d64ffdb632f8a1c9d34b3684b04082750a9,0,0
99c67b896b70ea37d8ac1776c3b84613a21c74f45cb7fec32afa1cf29e6a4a19,0,0
99ccdf9f738864c621c4394f52c4292fc89e2b8179c82f46e935bf49ca7f2393,0,0
99cded9f83e6b54b20a054b29a7c8135e4c99d1e09f7922288cf33d794cfa25d,0,0
99dc1d51e0f62c311e168015ccfa0d2db168a0caff044ed90bdca8f310a50bdb,0,0
99ef577c5bde7a54e2175a99919e3990eb9324f5f74a5c53e506aeddcb382b7e,0,0
99f0c79bdc65e93953b1c62c6179fd4f1ccc9122efa341eec7a0fd097c2c9b8a,0,0
9a0a2a05dceb4ddef76546ae1337b82ac84c33a1c3f9a3ec2f1e7e871d6ddc41,0,0
9a0f22f68dca59e56454aa215643de40958efd70bf75b69db59475d67503c3ab,0,0
9a1039da7a188bed3d6b3a07f0e7f0db8de1ce999bb9f2c012d5cff1779d413f,0,0
9a1c6bcae7bd708dbd8637a75fced721b2939189b832a16d8c819b1814e74d25,0,0
9a229866f5d33c38fe894a7a72e2d2efee6aff27a52ceaca8c4575e64cd3c91b,0,0
9a246482230afc7bf15ece9f6b38ebfd82bd4588ec789888af35771b52918ba1,0,0
9a2de713bdee92c1757f285f19bb2c8400164a5cb6998e13fd29a1820476785f,1,3
9a3d10ba92674fc7c0d3d928e9cf4eafe8fc3909f34e2c2ab8b18787849572c4,0,0
9a41f869805362b06a687c013ce449a9bd08c8f73e7a410dbfc1159179de407c,0,0
9a4d6a929202c6531bfe1e1b89c7b3e017df3828027c7fde328e9d66e9477cb9,0,0
9a54f190788fb31a3b98e6b99e6d644a48ad1c51c253152e3bca788bdb059781,0,0
9a55b129aee0dcd7cd3cd5183f0a55e03f176f35ac64c5257b37c4ff066d6162,0,0
9a5f8d6b70fa80b8e88a1d0f54a9483c623a109648f7ab786d6f6f0fd5ef1c52,0,0
9a5fb0d6ab8f0239455c5e48186423aa64f9df496404bea34e01af0c345d4638,0,0
9a6e6291d589997c3e6d2041cabd9bd4b41d8105decc49fdd89afb51b8ccd34f,0,0
9a75b97a46ca11b1ca7a4a414ea4cf9fc98e779901266706cc43fb0859e74650,0,0
9a83ca51ef30644d8ebc2a686a2a20773c0a71f390dd5b058499e1e90211b5da,0,0
9a87b758bb0b6affc545ac78f06fc63f377841acbfcae367e732a368650ca5fd,0,0
9a90416c67b6a2934ed030ae9f2ae66bde9b37f65bca2e04bb9436d2e1cc505f,0,0
9a97c6b7ed3aad804daae52fe050a84397d88f89bc027d168d334502105ee0c9,0,0
9a9a20b6b7ddb514bbc706b9d3a88f09d192a57408fa97f0e4e33f143d34b6bb,0,0
9aba9ec283a974de7d79203cee0c6a3bd1308440bf0929804cb1eb1826c305d1,0,0
9abb23b9bbaaa88e248e88d0ad178886e4eaf0bd2f99631d429d2b6cbf8a1b39,0,0
9ac4f4824c828b597c42e48dd3b764d218794558bcea06e1916e201e1ea554f6,0,0
9ac861d3c2349999468854ec76820271fe24b9c4df5e975e85a47ff80a8fd92d,0,0
9ad2569834e766e245c590fb5d6b472b79f3ef2ca44741e4d731ffe6e4cb4a55,0,0
9ad739f8a5202578f57584efa0d2f5a9fbeb49fd29b8db9ee0774db6ce12252a,0,0
9adcf78fb3f07890b53949aac53a5add5fb54e98bc0e0903e426070a10459b68,0,0
9ae66cfdc0218a71c7137fbb9db1ae6a685a30370dcdf5a40543b8bcccff99bc,0,0
9ae6e814807febf0e82e7260e4ca21f4da4cb337d4cdbacf4ab78a93f5512564,0,0
9aeb07f26b00c306a6bb734941db1d8105e7e825e4410617931aeacd78d9ecb0,0,0
9aef7a5e380ac8569ca377013d8f3816a79b6c4d3abd3baabbb15b0e65d7231c,0,0
9afa6600d35b6ce85b436652a7ad70c5018a795bd4d44567ce57d9086812cb77,0,0
9afb5fa594d19e16218ce0ce3b1f529fdac0aa70a7d13c15e51d83308486bcea,0,0
9aff53355de3e4cd661c905cc3e87643c450b85fe93002f5a707612ff3447978,0,0
9b0229489e90812fb9b5f4db84769b4f8ab00c686d4ef18011337c87ee8aa078,0,0
9b0240f93b875efc2a33460433fceb311dc0551624150329e1c9894dc309158a,0,0
9b046dc49815907dd69f762889f90cbe257b280bc2778ffeb90b201c32f4ab33,1,7
9b050191ee26439640a00efb5eac9d278c5add227cdfcb602f14111249300021,0,0
9b16b6ceb5ef3920507353302054ac57f91947f939ce3e8b577f03e35e02588d,0,0
9b18aafbb756125d9172ce6ea718c82bcdad34149a250cc3c4e7021304817254,0,0
9b1e99ba4cde213d65b9f996569afc145155ab03254446505400c973e11385a1,0,0
9b25e0abdeaa360b3919d831d63d57f29cc4e5ae1dd91d14efe63eea1bd14c2f,0,0
9b2a6a7515d13271d9826953e79bb647b9f4beb2e76d6edac18c7c89f561edac,0,0
9b31d45abaca2c4f52034c3614c96523071e1360077665004d46ae9d81bb5d3d,0,0
9b3a3c1939dceddfa9e381c7f5e6a1b13f91273f38f10f706ae748b60d8359cc,0,0
9b43ea3b20fa9cf451eb2bb9082e49f7d24238e379a4f12d70c37f675d2dfeb9,0,0
9b45f35c2670a7fa01e1b329902e2fcdb540a162bdc7b3158708a17e96c19c61,0,0
9b4c1091ab3e9f9c20e6c24a5515cfee7d56d6911f84ccf02562d04c77f015ca,0,0
9b523d5232d7825176ab4632feec84d6a532373f35cc562e004f658cd3d4cacd,0,0
9b65d17e0bdb134b833d08ddf82578037174f518ae20a4c7296f79a2d57ed429,0,0
9b6aa5f013b03fe83fddec525325def740e4526762fa8d96fdf4cdbffaddff93,0,0
9b6f18a2d6a2e6f26ee326a86100dcbe9de410de8acd8d5257aac58bb5c5ec0d,0,0
9b77c40bfce0c5cdac3a21824ae0e175dde02a79bf7c588556d0da08c7d025e3,0,0
9b8404e3f3ae2974391f9b3c62db4a307cddf623c430909f9cac2b2a93a30bdc,0,0
9b88ddc4df001cfdab8b02a15f236f2cf4f1e1fef270079cb37d2121f8ce89dc,0,0
9b9859be0bd32b182f3384a0f1e7de60d4d3a3e56067552296303014847a5265,0,0
9ba9411d7a56822b80786a3e6261df81834b0cd544f88ab5c2e45120ae3fb768,0,0
9bafa12ba6fdae99dd694dc86225ed7ccd05c6ecb73ffce86359375f74dd0bc7,0,0
9bb893df4f26df00a6a4ede1d673b526875c68ed5d60e46e4495b7ed68422df7,0,0
9bc662926b2770226b892eff18732f915b9fe987c270a7d958a1a5bf77f70bf4,0,0
9be4afbf1333e508b7e201141e8b472dfca8089f3236304f4491553256468ff2,0,0
9bea94fc4c51ce9393080ee6d8d08ac5e9bd29c8f0f1a5e89ed402129afb6a8e,0,0
9becea2dfc208b896019a6e9f18ce918a5f77fc94ccaa570c917cfe1a456fed3,0,0
9beda28809fdc005030b44506ef4d4b20a96fa64026f19078519d6b0e20af439,0,0
9bf05dc68d3049555354fe862cd7a95a16004a16b9012cd8c6a4370b30b778c1,0,0
9bf67362c47b7da24379b0d1b3e6eb853d9a5139647f3e74b244349295a01952,0,0
9bf7a05cc73c99185740e52f490ff03a8af0df2994728af1d0c75068fd40daeb,0,0
9bfd4f5c0407fbc6a52735e33377a67f63d941b6c64b4c9970211ab8876ce3c2,0,0
9c229b9072fccd9b1f5b25cced6a27d9b8940dc57551f88e2fdf341304eb34d4,0,0
9c23d2c8cb53b72ede91cdbf4d8385999a175246b823e9ea0b575927dbb2c491,0,0
9c2e3c1e5f1fc1b7850b7f4f891292ece761a9198fc004cdb7591746585dcf82,0,0
9c338c3bcb92bd9b93e13cb45748ce25d806cbaf241f4e15fcf9035e77c02baa,0,0
9c413ac323b3a5dfccbc1934003c04605575104b1da01aef386c341fca385cb7,0,0
9c525aeaaa5a720a503f3a3b9e5336c77c8142ab19225683f1fde8fe9816e3d8,0,0
9c719dce1547c637f5439b0be9da78c9d91b53002e5a5aa65b1a41213043b4f0,0,0
9c777db62873b682c1f183fb905de4a3529aba7d24a201583a67d298cf8ced9b,0,0
9c78163299451e55027d2db2af4a1d27efbbb373d2f23b64a98f3ae61a59b433,0,0
9c86b5723628d6d3cd1e17c8712b84a3dd0306a1147aa89a023261414a3bef33,0,0
9c9ed90a11f321b3abe328422c1f59474ee86850e32a3545379b1206a32685c0,0,0
9ca34de17aef149dbe9a47622e94338819c917e99a79537c8eddd43fd60c3528,0,0
9ca48b3e9511a8267ccb528ec49c279ec7f5def63f0600e466f4353f90c260aa,0,0
9cb6bbd74a4f993addb6e7ce145c8d7411a7eabb64a2835b950a3ff2937c1ee6,0,0
9cb8271192f516f7062ec65233bea4fe7d0ed547b96ac2d1ac168d22ba4596b3,0,0
9cba2bcb1747f95ebdd9b67c8d232ae962a9ebeeb24ff9ba0afe3e63a448066b,0,0
9cbf6f3a7b7c8f599e2b9e6c137f490f23b92e46ed4d0151e95c006e795b9cd7,0,0
9cc03549f962f370a2f2b3b865c6ef0e7f7e470e7c29924179a0323f5a6f2978,1,8
9cc4c99ee15d657bf3e7bb8c923ff6bee7b70998a781b90e2f2937a79a3d2263,0,0
9cd92b1d037c829dcf423e8a46a492db3c986f09adbc7c693ef14814fb408f22,0,0
9ce97cdc7416fc15dcc6312b77813f58bf71c4d0bac813d3c26fba5332e08ad2,0,0
9cede9207500d04fd051520de4a2e09f159f1b321da082d05abee5d7bf09d780,0,0
9cfa39dc6e449623e95a6e9cbdcea211118506ca746cb695ccbecd8343491e96,0,0
9d0f73e65b0aae8092664b697220753f8e45fda816c011fc902f4e53f81fa0f1,0,0
9d1ff5e218322e99fe1b7c36eb94760933e944154cf538fc1855519d33e1149a,0,0
9d2139f6080e53a04ee2b9b68b95201629b06cdc837d92634a3f681e3139511d,0,0
9d3c66ec592d042311b36c18bf810abbe7577741cb4292c55b8deeba0e738a46,0,0
9d414d4259511a60d943a3e5ac13d2114a062cf106e7972bb03bb1bb9252bd8d,0,0
9d499cd8649d6d05abbb7a86620120e42e97864e8402de29bd39410d251f8030,0,0
9d509368f59bc7c3e17c0f89c167655515c21600c3f8062cb917eb84d1bc8320,0,0
9d64688d74cfd886b3b1579bb5e3e2055589194ff798b6d8992ab57c486392ac,0,0
9d675e50c2edec62f3a9221f0139024afaa7df975309342969d17392d45802ee,0,0
9d6e4ac9b4410dab3d6945b0e5312d2485e7d54b272dde7de552b0f2856cb58d,0,0
9d72ae2e8c617c34eced7ce8c688ce2c7d331c201a3c00619892476feae99129,0,0
9d73f4bbdc4cf6c3e5889cf1ffdf15034ac6cf45e5eef8468be209f50fcabe0e,0,0
9d7824517286ac30f413d18a7da585b66fde5359f980ad4b5c1ada2e31ffc4a4,0,0
9d7f815c279773ffc8f99cc980a36bf54f11974fa4a5f837bc48ef8831d52f59,0,0
9d7fefee2b052278e73bec36abdf49c2aa96023a3c26d13a3adc23dfcd75f71f,0,0
9d9232ae827286065f9b4950fc500e1211bb6255a4dfb1e2fbd96486778d378c,0,0
9d9d03a42d82352f28cc8157474de856a7b83254f080438e3ff36037b466b418,0,0
9d9e11ca1d3564d6fc7adee7d1eb2460062d7fa3c619d874824fc48958cacbaa,0,0
9da53f7868044033cfc1bf5f1c18ce5e6ec118ab1723681aba971c791549be9a,0,0
9db0128be81a3dea7e7b0a69826a4b66b2821af3b31601c840633800d7ed5f28,0,0
9db1922aa90100bf53c5a9685d01e0c790a851e61e3e542bf55b4bb9e8faa638,0,0
9dbb990ec46f6b88c69df29dab4d6df51d2b806bd682efb4a3eb9c36e711245c,0,0
9dbbaad88e64a9b750ed093d64ea53318b54836b1fac8ecff574de6d567cf85a,0,0
9dbf57c1569ae42d02a93ecbad094aefdccca0129500d9e829a6431918a7b078,0,0
9dbf9c2741e8d2ca16ce68316fa09fdf4331f5af3b563cc5d9b56bd8aa6b0a7b,0,0
9dcb1383ab4475be85f95ef2f6f8a54827ee6b9aeffbbd447a82ae07fbf4fe27,0,0
9dea80e307136f8df232fdbdbbb75d0c2b5dc3b5648ac9e5a51376b0626f52e1,0,0
9df3e1be6587056bb450f63bf9522431b82912b63134258b489428cb92c647ed,0,0
9df42bb59c757bfca8694d82f982b4975122140649bc9eac65f0c5c3fbb0fa92,0,0
9df4dcc0f81e71b0109b6b42db1752e5af38cf2b6f81791e1f6b43d9f45c8faf,0,0
9e0c81136fc821fb26e4061397797702fc2166b921d03adbe88f0c394b307759,0,0
9e0d5de8b8f14d60944813b23140a3af5c43ffcc099f8bccdfdd68d90eeeafa5,0,0
9e0daba1a1e10f9547c8034ce838d2da1b88441e9fe90cae9a1a344f6f4429b3,0,0
9e18979e5287731832a76a80bb910c78dba03aa0983add7f870e111363adb061,0,0
9e1bc3baae6ba4eca3b07c65878b1fcc268eb40f12e29c8047ddf031ecfb3d89,0,0
9e1ea9201332a1eefe502afa82b88b984193becb31d31c72279d954d19be160d,0,0
9e24c82040a9210021553fcddc5242634b18d94ed87ad848bac170fe9ac45d23,0,0
9e33cd8030166fe9848deb4a278614d745f949762fd7991a71145ade07d1c1e9,0,0
9e4b52748fa26543d08511a8583a4289164851c3c771980999740e2b548defb4,0,0
9e62d5111f092051a2c9fca73b391ba2e73847b7b8d54dc7483c70f59e7a8aaa,0,0
9e64984b32b497ead4c13b0a520e25c647ad78fc96fbd8ea7137d97e8e6d5886,0,0
9e67827deac3f77870de87ea400a0d2cd2be503d716309a992f8011dcab1f557,0,0
9e67cf3dd55b8a3c81c8a5e56d6e2eb0e7e2bc0524b263233e406c11a4ece6a0,0,0
9e6925db03b3a8fccdd3162eee67709f1bfb9e209f9d636e5252110db5fea5b6,0,0
9e74af801e5df115a7fd41802cb5ddeb96d0514630122e83e5aad3dc2784507a,0,0
9e99e95d05b17573108d0550e4a685d28d37aab7e3c2d2bcefd29afa5e20e5ea,0,0
9e9cbd76aa7d837a72e0dbdd5635967b7818f3ddfd05ff910c060b32180b1392,0,0
9ea35f15521d7790671a07d090e673cd745f185b79456bafd0e170f2bb09e907,0,0
9ec019ca2061a7d0e370ebdb6df937624bb10f45f36a580a781ce17ca973dfdf,0,0
9ecac83dca56d33dc28691d72d650fc9bca7c457abd397f9cac1e18445ce23ba,0,0
9ed24f2e147e63293d602e2ae6403d210231c66490f98cf6912cf4fbe7f5dc96,0,0
9edabf24240fcaa8cdf5090bfc70962723379c67aa2c334ca33680b345a3f33d,0,0
9ee65a45c6e39e859442d8530c23fe72c06929766300f5671376b70a43fc9bd6,0,0
9ee995f97f88f339176801eb16ad053e2cb2f260b0236d7ca65093d980df1b52,0,0
9eee8d10283393c16d92c3cb98103eb2ff78e2f2e33709cce2b61d0ed6cb8c9f,0,0
9f09e0920523f4cce64bb6368e03c55e68dcebf185e0f1bd929f659aaed81e5b,0,0
9f11909f6ca2a16e81f6a332d235c33647ffd7b2405f5d918a352d73ccef05e0,0,0
9f123243120bb3423d458919af9c6c38d7c2b9b8d44086015be4b1048dc71582,0,0
9f1edb91866db2a7dbe6499da9471e6890f2fdda42d4c423af20a9ebd6ae29fc,0,0
9f20b9a274dcea00de56df56019de2c0618f0b333f341d0800a27f51dd12c142,0,0
9f21f606537a34b464a2fb88d81d61a87dfd611d70d7af858e1287a908264cca,0,0
9f2248a1a23e69f00d1d78ed4c122cfaa89caccdd60ef88dc9ed36d2fbaadd84,0,0
9f30ae8ee292d192692d480687aaefc09a2cd659a36b35a3c7d1161436a541c4,0,0
9f33f7e1631d24dac668d419e6c6c2e7ac4b0227e00d2547cac42a37978cffbc,0,0
9f4c407ac3da46654fec9f4648a58837ded3d1c23c3c4328293e221bfd9af10d,0,0
9f688b675165b8846a430fbfc2300f3cdb9e111fb8675a6cb2491f491003fb1b,0,0
9f6e9501cf66c24413731d90e75bc3b3d89739697fddb2e9cd11b0545b10e370,0,0
9f7799de110c4c715e3b8a3bec29c2792abd37dd532c4d11e320b21d16c2efae,0,0
9f7acc8b84dae18af805503696aba297e769caed1f4f337b8ae28582b1d25237,0,0
9f7ea7c2434c1373bcb6fcf2e19baacd0ad48c7676bbf157b72b196d6f6ae9c2,0,0
9f827488913e52e029fd432501b98342ab5e9321d81b99b1131f883990e301b5,0,0
9f9057639085ab9ec5e69a1a423a8592b2a926425cd9aa488c4c1ec35886f789,0,0
9f95eb49384813f084e96d9c685f2a6d8e697d7ebef307ee93ea222f19e97161,0,0
9fa75e51d219df4b54c5e6745f9b65d26380d937c5acb9f2d7b995f832a7f9ab,0,0
9fb1dcc82f40150936957ba62b03af7499fc088f317dfd46aca63fe6dcfa5255,0,0
9fceba8d940273daeeaa588ac23a8e13cb0d880c43c87f1044e821c0d4822115,0,0
9fd8132a4ae50a13ebc7ba44ca23adfcf90b32a3d1c44628e9aa7b2a49965bb2,0,0
9fddc8e234fff77ff546849d3e69dfc932cd1c498a81dc6a512d84dd0abc2add,0,0
9fed07b8ee62261f9d1305dc0bbfb819c9d62e359dfef1d8cc85469e1e702d80,0,0
9ff4b5d282b9eb81e8e5de5703e3595fe7a2d01bee71fa58e91bf0f2f01e6ba7,0,0
9ff8d0b405e437515e93ad30bca66a32a0d91fe18f24e54bbdbfa490d97a1b40,0,0
a002e26b4e7db84cf5ea699bd0e3e3371ff374e5716745b7bb44b9b95dde56cb,0,0
a002e6279f54ebe15e41813f31e5c089e66f8fc4abbfe97e01a96ca96855b6ee,0,0
a0042f43e077178962be9e04ea96d8f62af4efefeff773c38cf252fb1cc1c5c5,0,0
a0064b5205cd6a4a035773d82238eb9533f8d9c853eb775e89b49c696bc09fa4,0,0
a0294a47c992359eddc8c74f00ac48c6059fde3781a29e18991d00ed9950f481,0,0
a02ac1411606334d11bafe04e57f74e578d3e7ca0bf382c80dba780989cfd180,0,0
a02f045bdd782c1529fd2a379c700e80cad6e61bc8debf17dcdae49fe3581502,0,0
a02ffbe880d7b7d7b01397b9f1dce667035445969cdf674dc152df46afc964f0,0,0
a03a43a2a769f6dd1a0c45febee5704fdb414fc2d75bda8ea48f6b6100d3b8fa,0,0
a03bb3f72151df7c736c0bba0dcf33348c365ac6badeeabda960bb373dd8faf8,0,0
a04a842a24e07d1cb62712cc7ac8fbbef820f9861db1ad980cb9b3ee30f5e632,0,0
a04ffa910f9dc7bbea088d91d077457f91ecb1e18775f2d5bf77d2c2d70cab3b,0,0
a05a18c8794ff9605f740922dd89aa70ed303214833e09ed23b05ee324410a16,0,0
a06d20882908b312e72d1a69a252a39f49de76e24cdc0262787941503a5d5735,0,0
a072ddf9f3b3f9d3e8963876bd1709fb995719951aed46f713398ed41e9b162b,0,0
a07a59507fec673ce8d420d2cdf45097855871246c3e1f67cdc730cd081c538a,0,0
a0868770d55aa0c993af2cff4d09bbcfb9b9d14f40db16861c09874e605195f8,0,0
a0879cd1e1a72d78b55d54f5d621c6a266aa56197711fb8f673c7fb732076b5c,0,0
a08d256affbd7a385679b43ff97fea6d8121a35d2129d70fd87fd9d794a2698b,0,0
a093da1135e32790220d17e0ba8428886fda4b18b742367a6e823309dce7772e,0,0
a0a083057a8f4dfac84f11d5cc89767c8341f5c02a2682046836ff2b0d0f4a99,0,0
a0b3687009f573a21b5017e4c2d3f013c1979bd0e90352ef2f65cdf865b3bf51,0,0
a0b54a287b9a7afe5423b97b40a9e9566d8d060d02a4829f18247f9d23814a08,0,0
a0b84d3f9c65f7a39b74568020955a691c100a153ab54447680432223866f74d,0,0
a0b883d63f1358c51c5229160f9dbdfdc13f65b815303e3d8a3e8b7fd215c079,0,0
a0c8b937a90a9b6fddc6c8d34e4f55c85301337d624cb9e4caa0c7bfdfbcfe4a,0,0
a0cf6fceae0c972e6a816f798b402b4349d5bbd4a7a15239da9db507d4eff76f,0,0
a0d6c79e64e15ef0e2d0d35fdaa644c04b90651f17ca05f922a3a57ff62ff506,0,0
a0d9d8118b7722d897d89b0ba8f3683ad062799212bc38625f7412ae68ba45f8,0,0
a0df65b8b9678d8618050f6d1c8d299bf9526cba334c1edc43b63ec4d117bd4d,0,0
a0f03513322210eb2b5d48085f4706f4ea6a3d347adf68282da4073af2b307cd,0,0
a0f41ef7a07e2400cd8b6a38c3ace10a5f315ee581727e063d5a67373437bca1,0,0
a0f455c3ca088e9ab9f5e10a1f714f2c6a0c62a16bc63cabb361342f43266d2f,0,0
a0f71960baf2a5087d88dcd3eb46813cc05f323f155aa18e4d2ad8749bdf3175,0,0
a0fb63105746d5c1b0d1c094f31ac209901cd6ac4e959559e4a713a436173bd7,0,0
a0fbe807ca41db1fff5ddc889f50b5432a1388d54d8af0eef3613534ecba9d52,0,0
a0ffc5f208a3fc7caa461fff7d94e5915bae3f282eeb643520a018179a678e81,0,0
a1062646d8b0133e6870ad9b4c867e43d9c33dd75ffbe26270fdf3ac20a7d182,0,0
a106a9b82b453ef0af09ce9f45f27e22f9b933da456f080419fcab066df5ba03,0,0
a1093070436d5b7b3e536f8a51ed1c9977f5443d1ebdd7453cc181d4435e8910,0,0
a11e55d24b5f7d21979a6ca15022e8b406a6dd23d523602eacfbc2cf3882be6d,0,0
a12e89495025dfcfe5aa472f1cddcffe85358546a3bbb0b9077285bf090f4e68,0,0
a12f0183aa5d6bf4c0b307abcd8a4c2aebc88c6c6d1c272ef3c6a771b44e05fb,0,0
a130e694b84900d2687f485ad8bc46a00d4e3fd205b43c4ee0313f39a038aaf5,0,0
a138641d20a28543920277f7ade23bfb4f1b201534f5702f65e33d20a51900ad,0,0
a13f9c86d1a908a642c5d1d70f3c203c6663a3794e5bb99aed6f112bdb844615,0,0
a14113f9d4fcc082d8ed97472d43771a76d42045443faf73f99f9c5a0083183f,0,0
a1458d6482df6b39695f38a5d487de82c37d1439251c6249397f52fc60cdf57f,0,0
a146836252b3a60dfac8633c3dace0e7c7cd97aa1c580867e39280cef92b5cac,0,0
a149a11a398d5e1dd94d3eaec7c7303811a0e6ed300acccef22b3c3e14bef8c7,0,0
a1569e3def1981e0d94033f23cbe349d3100af312950fe1ab6925601f4bde8c5,0,0
a15d9ae3d84cd727d645bb36914ab6c70e0da9f4f36b4c4efab244df4f40a2bb,0,0
a162fbc6d42d31e915bd934c374009739fd8106e06cca9d719a5585a8921f285,0,0
a1657c7e7fa744eacf659d0858b42044ea3a9bc9d427f8e3d990943e659d3853,0,0
a16b16d7a9fbedf038f865cd22c3e0cb1b4c05340aa0a47f37f17a6a3502ac80,0,0
a16f2a6b8c30231806d8ea8dbb6d3bbf94354a48b358055124fb7ed91b77c2db,0,0
a16f3a596e8ce9beed7dccfc03d27dada4ffd7403ac150d3951c5c3ba68c7004,0,0
a177c75d7c042759466cb921eb658668ec89b1db485b7a402b12c6cd8fe50ea1,0,0
a178edc0f50fe3f9f2b9e55ef303fc39efb7087337fd4c211151bd22787a1c0b,0,0
a17ee6c0caa943ec3c2cf8fc40d98aac8a1d17f797b3608828f712206d9dd562,0,0
a18d194eb7c5747069af89c01fe5cc93b4d19b2cbe0d81c65d31a56ddffdd3a3,0,0
a18d3d047061ae46019d075a645fc8beb5b8b795e49acdcfd5950a9a80fc8c63,0,0
a1945a1bc39702fd10b6f2b25a88a4f30c28e8d372cb8d7c5d03d5e6505b5bbc,0,0
a1949edadb68408a83b05e3613fbce96bddefeadb4a08e9d02df3364a2faa980,0,0
a199748d7b81265d09781fb1530faa670a7174cc2a702d73ccbabb38e89c203c,0,0
a19d62d172e82ba15b34edb9c00f8bf30f2fd08928ff4a87673d80131b121fcb,0,0
a19f688205f1968b00cb6c92f1f9b124d8979086ceca145c5351602ba317742e,0,0
a1a5ea2ad9fb6bd7df359a194e8a80962e77d09513d62a9fcea2e2f794b8e443,0,0
a1add69342f1b426a7d064464598a9f6e1448a509f79b644328e268d6f10d2da,0,0
a1b2ba3cc54940dabf2b6593c8d550cc48e945cd5d871fc627d9dd2dcf06f24c,0,0
a1b600405ab254303ce70d779e753361bf828943bd5a4f03f012db8c5ad3d273,0,0
a1d20a88c085d3452224b47319d0e4267cdf30858b877bd7634c28bc57d1bc09,0,0
a1ea8b132caeba2155a92071cf6977a7150f1ce104923f3659f99ae9124303dd,0,0
a1eb610f0533bf9bb628f71ae20de42158ce3cf2121a4e743fb3e860a3724b3a,0,0
a1f52748bbd5553c2cccc42e87a1a191d3fd742c190b1194406f01a21543eb91,0,0
a1f58649c491173bdda7cfa8fc116713525ce3dd14e7cfc68fa798577a8561d9,0,0
a1f5cae3bbbd2a0e942d5472692c114567cefbf14b42ada82b985828122e8ef5,0,0
a202d6cafab9b4a34971825fe697e977967cea93e52e1182b9f3715dd9e3b85f,0,0
a20f88ec68d6c6528d3d3d1028ac975ca9f87e8da74abb06453569d017e91b8d,0,0
a2178e7a68f9208a63e9576086f5aec1a461e8fdbab3b5e553abb32d134452a2,0,0
a21aee58bb3cdbb9e4697a1cc09dd50184f2abc3c92279bf2e9bce2e6a057b1a,0,0
a21dfae070f61c0b4a70455208775bd26642dc76960a0d959b775fb9a60c9990,0,0
a233fc60e1dd13b5e7787373034057a95c180ab89c1daabcaffe68a2c27f3cfd,0,0
a24f679ef2c52b901cfcd9ffca342589eecb9578ef262703ae7eada6f85ec69e,0,0
a2627783b3de6fa6cac507ad88e764b55e319e15015106201bbdceefdc8ff413,0,0
a26476e90b0529a0c9f742ab44ac859b7b97359e2ec8390af22f48d7d41bd57c,0,0
a26752f0523e528f4f8ec2896a056e72072428636d166f850a7264dc9e188c6c,0,0
a2680535d27033c024b5248c32af449aefefecdc8a81c76e952ba5f3d05d4aec,0,0
a27c954125ba8ba3788f290973b511e5fee9729a5570152db1d2721cf630b79d,0,0
a27d4cd4f9002aa22209a015fdea5d5f2c2ea7c80911783a1750838991b8a2de,0,0
a2816f7c7738cca505bd0434070b31e9633a84a77986d878bfe380f2f64e4e95,0,0
a2858d1ca73c0019cf5231e4b0478f6fed2a8081f29d57905104cdfb86846488,0,0
a29c86b2afdee3cfe249b2cb19119136eb435e5a2b88bcb3ea309feefc6101e1,0,0
a2bb20d4abccb86a8e3baefee198e553a1427c72d64c3538e7132568be45b374,0,0
a2bfa8a38a084a1782ba2de2eb77d53421a5f926a3334cc791d6bd00a32af39a,0,0
a2d8c6d422034b40fd85032503d1e2ea8404da314b189e1786bd33f4e25f05c1,0,0
a2da9f398b8383aebc2da55118e546c781082a02d84d18350510a6853470da63,0,0
a2ed0a3a4e6e5910b824015ada820b4af4a25c44de9943f29a37bae8b0b22d51,0,0
a2eda53fb9f9a54d2b10ba8cf0d22204675c5c08b1e6f49b51b2248f07f825f9,0,0
a2fc586f9471e402390aca8ec9a3de2c819b7ca92d9aa2a130e0a4b54d6bed0d,0,0
a3025980a50648cb5df429dd57027deb097b241c4d6a07c72a31697816184cb4,0,0
a328415a44bb2285459c00b3e7c67279e4add012980d10963c9ad01f398f25e3,0,0
a32b9a5e92f3d270ffd5d19a10132cbcf01899ad97276fd84d19b52522663fec,0,0
a333197fbfc9111f2c1f49d1f665ebaf4ca297bff7d91f5ae88c4487a1ef0cbb,0,0
a33546f1a098ca16cbc913770f5b9087ebcf2fc7ae7e12cef5b05ac055c55ac8,0,0
a3470f4d8a48135a927738ec3a1af9c0384931edb4cded2009b048fea9ae212f,0,0
a356ba1325ab66a480c53014fe0ac74f81b700f8fa98bf10fde759c364dce107,0,0
a35765967c9e8b534dd1801cbb9a6d00d039af1f027c61658a5b779604fe8d13,0,0
a36523d3ae4cc2ada0ccdf4eb8b68fedafc0d84d3abf74faf663014abd6ad0fc,0,0
a370611a38a346d8ef7f1f80fc9c3dd350dbc80c5ff3af4cee0b745d72d3267c,0,0
a37c8639735653dc7f0c8ba6de73854bb2bf3b1dcc36ededafd5db2004cf1600,0,0
a38e96fe4c51332c212bc1b80b461bbd7a45fb7ca6944009879d03ac9f4fca38,0,0
a39c5022c2ff8c28f29a8dabbf9d15b0506bcdcd94d10d95eecb9c7716b90606,0,0
a3a07fd9e036eb4b7a56ac26bda67fb781a247b64371fd38ad96f9ddbda862bc,0,0
a3a5027feca785f72c5cb3b1032ae62698033c3a266860a89114ccc0609b2651,0,0
a3b7aa518ae5e345274a5631bac63ad8d4c265771981e0365ee4a91a871dcf83,0,0
a3c77ab7b03c99ed5c714bb545bcb49a9118b96feafe80702e8aeb1cd1bab60b,0,0
a3ca86bd8a28d7364bf3783aeeab71fb58a4d8ece54a0ba57f8610bf8448b3ff,0,0
a3d070284a5a9277af2a332cc36175ffc4cf78f8e6944bdc7b628bf2489c80a7,0,0
a3d829552fef7c5a570fd289e546e3447bef560236a2b97724c54ecd9a2eb25f,0,0
a3f39334ce93241f28b6ff9f9ad8b6fdbe40af059136ebd47241b4e7f2b1c6a1,0,0
a3ff038b048b707b79792799171d0f0bf4ea0d7312037f01ac86155cfd0827eb,0,0
a40df1283bfbfb2c93cc94d3286933e3c48cf5df80a38bd7bbffc6fc67911598,0,0
a41d08bd96388110cf3ab69be2c3f813936a61a63d2acf95c7b990ec308a2232,0,0
a423e8086302a8d818ee8af5e7d58870d8462e29dc2d4350e46bd81456e8af56,0,0
a4243b19016e997e5ee8e90eb43e3c7326ca9f89105942d294ff0665f1b74aac,0,0
a42b391070895fdedf5399061ba8116d56568449acc7752709324d398f1c7f54,0,0
a435d55e3ad42239037ce4096b2fb38032581bb1300a048b270147a6080a5c10,0,0
a438cb6d5fe762bbd0f1b36af06bc1904da7868acd1af27b69c8c13e354565c4,0,0
a43a83e35dc2a2d1cc3c100e49ab954d647d2b0b41a463d675246e78bc677d8a,0,0
a4475d3c260dc3d6aa30e9b0d7c3cc9969faa050e5550e3f0b827d2549710ac3,0,0
a4502534e2644862fa440f32757a4ddcbd2988f26d427b227c441f4e86ce1ed0,0,0
a45108e705cffa5cc5e3ac76efa640f1221a01b4d6226123313f47742be14e40,0,0
a4620ae5e60ebf0702389889c98625aaa06b78e15ddf52b37b382128508a8216,0,0
a464e5ee4c638b4c3b72c978c915a49f8437930fba8fc414f28887e654f4e6b9,0,0
a4655cff7f9531196050666cd4f27ae21bf735695dcf3a55a0463ff055af35f8,0,0
a4770d0c2fcf784f55f97d8ec614a2fc4ddc3e3c48da3d11a4226e6e16e8bad3,0,0
a489d4ed6a602fa254b2ac9fe316ac501d810865a7d01ddc604f4ba741ff4dac,0,0
a48e8c7cc2000e7e2184c17119111541b3046304db426ace00aa51548340812a,0,0
a491200663b10f946b5154fff51f305b7f98bb3fee5d11f95c45cd0d4588e6e9,0,0
a49401dac7b97d34b6b462917f4af083856b866473d4b3e68e6fe77878a0ac87,0,0
a496b491f5e9683abd859fcbff51145a968074af90326e87d0bfcb9b5bf24717,0,0
a49df4316062c4adcce9ea35bc9b98efc91ba27e411ce3db500cab800b4863cf,0,0
a4aff47c61d0c02f0ff5322610fb6be152a6b666bf42940399730291f2f1efaf,0,0
a4b35752ed4abb50cfd270bc71eb3e795ddb16c39eeb55b9f16704595c7f542c,0,0
a4b6d15740dfd5d2438d74a181cbb56ba2a3e7241eb36e9de7bcd5b1ff0059e5,0,0
a4cc9b51a579ca7b4b7a303d5c2bdd0df3b4901fd476a188ad86210fa7d52fec,0,0
a4ce351b25af97f4c6296fa71047eb937668d6afa3898f164ffc657876e58a6a,0,0
a4d3e50e65b42ce70f33fc8338655cab5dbe548d56c4bbbbd50e010fc80c8195,0,0
a4e0494e7bc8f6c11d0e0794f0aa19520a304b7af775f9c12aed7c4c9bc91e51,0,0
a4edf2ecfe48a4f9fe03e86bd277839aa078002614c89da04cb59f458ea02268,0,0
a4f1af1a60447fb296de20d3c5cb7b0f0a9fc89081d7a1c337139b1008f9c38c,0,0
a4f8926fd68ec129b5bb4df7ac3ab183cf119aafcef7df01f75d087dca832e5e,0,0
a500da0846ad470b30f5630f1be2a52a56209dcbf98d82080d3fae0abc71e66c,0,0
a50a78bcfbaddc071f31a218a461116e8c1e122a139fadb83f7e18804c1d4cb7,0,0
a50c91a9736bb80117fdf22aaf10f6f137e4b466c1794fa5fa28daec67d9bd30,0,0
a50eda18c81bf5cd302931d8e2b8bb622b844944545119da28b2472837ecf47c,0,0
a51dd0b06dc3783d000477dea33cae69fc98d611bffc40c21a32b9bcea3e1e6b,0,0
a5210e574a36c5e75ebde013c1765c2425649ab69a296a635cdc31881028ba32,0,0
a535b9daf64d344042ba610f096c813f9bc2e1032dbc2de4cbe8f2f542744180,0,0
a539ce8639b80310c3a5eacf386d6a585562a99cd45ef80e6c2a3b9ba62df4a6,0,0
a53fb61620353ff9a4fca17ba7fc3ff2bc5ab2666fc23655664fb739419f9292,0,0
a54875a7526485181d77cd425b2d724083dd4de653120027d6d29a31b5952c35,0,0
a549c80c5510cf8659f39dc773d742ba4fb0658d2f5ce1bb362cf685ec25d7ba,0,0
a54bae4a876e60941f94389dc75a654f634329d6bb7340e2a5c1745ca8f8bd8f,0,0
a54e85472eee45c5f0a6677e594072727c3ae63bddcfbee6be79985f7bcbb2fe,0,0
a5501ca87738ac14d15d46eb760b188a18cd19997843df7eb7e4d9d869700ef7,0,0
a552bd6c3985194734d1739f964a46ab32bcbb31809dc1e659d27afa8e2b107b,0,0
a55eb9bdd7e927d3d181391f613de2c107a49ebe230fc1485ea91c3c1393d9e9,0,0
a5694f857a02bc8ebdf8395457c0b59d5d8997621582101cbbb53a3eced7beb1,0,0
a56a886470bae3b17b639d43fb351f2b5b35e6704e01c395468fba5d84d4753b,0,0
a57a381cb408b1e756a7e645c90a7e314dfa4befb52638bb3e12dcd3dabf5202,0,0
a58a4451f8bd7d879a54ce444dfb91e5afb11f58b5c2f88fed81f7b74cae0cdb,0,0
a58c43ae8baccf5ba74ebf3d9219c6da828b326f5793ad7ae4564201013dc3a9,0,0
a597008ae7bada7e412e80d53a04368473272c081cdc51d22490f6fe5765edc4,0,0
a5976c92d2c24ac6ff24d210c7e59962b9f26d0f9e3ca631aba948ade5dd993f,0,0
a598960d609a83831142765cd61f35cc4717f83ac83ed549e959cd4d2d325af6,0,0
a59d9c8f97a0dfec96b9ac4b8b824be5fc340267254c900575980ab3dc1e6a51,0,0
a5ab41f49fcaf6f1040d7cacc60bb1032c59fa3eb96a90d2faf1929d97fc16d4,0,0
a5b88688de743d36aee9b40a5fe93d0fee8dad53fa6fc1337eded159b64a867e,0,0
a5ba784573a3cadcf7727355608f06a1a2f2a5b8fc780e8cd9920399bdd9fdae,0,0
a5cf2ed175488d784e7e89613ad9b8bbb250e46d3ad75d5424a61a63c69b8022,0,0
a5de2804dcf1600aa854474609cebd2106cfe948fd6ced1ebe17e44bb8255cad,0,0
a5e31c8587d26ad0da01d64b9bf845b4c5c78eca90f2ce9d0f2dcb64c5ef7e64,0,0
a5e3f290a311ed265ad04fa56b97662eb82dd3cf6490e41b64505b3d08b48c01,0,0
a5eb3b96d8b278c41d2bb18bf85a1feb26f1d5faba261dc4cfd3c0d43e4b7e01,0,0
a5fdca014742b46533572b22e8ec4426538d86552c08a4658223e9ad02c21355,0,0
a60083e2ba479b082112e23dd6039125abc0a5884ae6d77552bc16bb2e960bc2,0,0
a6083caead7df8481177ce9584fc3da2b914e23dc2595649e2d3d3f3542d0c7b,0,0
a60d10caf126311e1f464799eec5ce44743460f5220db059cd43a4307498bf23,0,0
a60f9cadad43a7755b0e6addf6396d31e34aa6783ab0183343d01c1afdcce185,0,0
a6133cc2ae6a0dd053a23dd60c7716e6c777a22eaa0b278c6f743807b84cb2da,0,0
a617b1c10b85b52633b0b9df13812fd9e2df8b20ae079889b680fd8c221fe15f,0,0
a617fcd707d6beaa1dd91f5a8b29ec9ec7fcbc4304e1137d408b3cbfcb5758f5,0,0
a61b2a8dae41a547e5fba08acb83c30f0bccceb36305edeefa92e68e48d995f0,0,0
a628917a3f9caff388512eb41433c3d4917c98d0c386cc2c3e93116bf5a7e00d,0,0
a62cea32f142c13f443276184be6a176add254a7636d7370861e2b3595bc1ac7,0,0
a6435f1b61608388c756029c9b8918221be437d23d0c5841df465837138336d6,0,0
a64e3b57ce98662d1685c195851e7a9fc1b4e02ebdc1c7ef85f518322d516132,0,0
a665cb4f2cd10b84ee927479778bb5ea453e36cc10297d75d4e7a7a25c7a7426,0,0
a666fdf1d14ca4aeeb1876a9943116640f09605f67e504504c26664802387870,0,0
a6745579405933abaaf19b2c6146ea7fb4a52eca3b374e11aa736c53deec2481,0,0
a6970553ae72fb23d366052619ae8a682d77eab4d28a74646b9e6578e8c5db28,0,0
a6a41268c18215a52abd05c64c9f3526811296c3e97c5d0476f58fe72543dd32,0,0
a6a5edbcfd32eabe13f205e01bf829276a38c3c526a364b87cc1c3ac74253daf,0,0
a6a7099935d4996ed9328fffbdb54ff621ace7132e1c1275a99c7c80ae418a5f,0,0
a6b1eacf5e7ffc65424bd8af2dcf28b7bb03cd9baefcc2d0bff9df587198478e,0,0
a6bb7b5733d32d6379bd3f272113a479f91fc65c523fe81aacbb7a4aa6b27147,0,0
a6d0e4fcf983451f804d3fd5d7bd392e41109b85eb2c0eb1a6fb306dff4e7c93,0,0
a6de078809564a795ec10423e97953542346168c6bc8aa29d1a8fc46a6e800f0,0,0
a6e77841cd7b4aea9bdd0e2feec66fa325f870e2314f4d9f87cbe8c76b864c1f,0,0
a6f9263cffd326a2a8e8d5a61a8c4472547169aae7d6f0bb5bdcb1d22b269cf4,0,0
a6f94ef340ec3800d50b7d16396ec484999120156ae1dacc2567a0ed07602a77,0,0
a70cad3e8925c57e291469a162f34818b615160a0d8685055da2f52e06f2761e,0,0
a714c3c0f458ae03c25ec8ee9c965c805e5dde7b310e352b01982b925cf0b52f,0,0
a7153fcd34636d26bfc8978e9e2f13bd0661a32d183b876326ca10a192761ba5,0,0
a7157f7797017866be53d4cbc7e2b286e00095ed3b78a6a90af39f31c3a21630,0,0
a737d64cec4ccf1ae9e75e0cd2456d52e5b999cfd51274dab6a68531885c6971,0,0
a73be5d5f17f798c420fb5af3e2ef19c7abce977d2af22c4f17a0a66f7a5f248,1,8
a73bffc41c6e930c534355bedf7e27ed1f21b05f19bb59c081f99a45cdc6d842,0,0
a74105af1aec238afbc79e9121abb11417bc5d523bb1ac1d96385124bd0138d0,0,0
a742b00d6a094905bbbb02e2c7c19aeffd2f9b3b5cbb75f75e03c299c903367b,0,0
a74ef13d31815de75a1dd56d559d281f4cb25d212a42b8488e731e508314b7fa,0,0
a76066ca5445c689a025629815fee17c1bfcfdeeeaa70195e2d92ccfde23af2b,0,0
a768cd54218af4bc51c7de8ba67e7d549bf07394684d590e9ad357a4c4374ba1,0,0
a7708f1f1388576ea47942c3b58e44105ba537aab18f7c18b13d1d3eda3d7c4a,0,0
a7727806064d291945e5f4fe8f9dec9ee8a86aac71d9164ae3e7df5c2c3a092e,0,0
a77705bf8e81758810d1576f088366911f47fd47d4e6a52fa8e42e8a4a25ff62,0,0
a78974065508866c6753d7eda8c03375758d3a5a96e99634572288cff68f0952,0,0
a791fc69820ef1c16d492a67e3105d5ed09a1a0eba2b7429e846650e8239feec,0,0
a795b90b1a8266e4cdba5e6e20c82a9b1a01121c5d970a23340d67e564da893e,0,0
a79bdfffbc6b6efe384a4550182f1ddf212f9b621f019999ad9992582ebccd8c,0,0
a79bf847c2d9ab42bef7c99f9c95f248433421ca825fa40b2d86369e1e6c228d,0,0
a7a5a2b083db594058e19ac0dca2b0a0db78eefb85042473a4f8d3242dc3f2fe,0,0
a7b08dff5e6ab695023fae2c80fdaf5f6ecc3b4a36798f5fe87830381cd41eb2,0,0
a7b80ccb27649b8308b791cd02c8cdee7807aa45c6e23f19fa7fe3db986c7e47,0,0
a7be8b5f2b24f0e277b81fe2e001da500ae8ebfc2759793f6f4e0f5fb38505fc,0,0
a7d7347eeed6d5ecce668975fa130206762ea1e8affe161fcb96ae03cd6f00ad,0,0
a7e08caeb09c51048bf85e6e2d273271d320440960d39c2e978bc3c3ec726c72,0,0
a7f77008e33c04b372c02f27f6af68aad519bc0def8c173decb0e6c472217fda,0,0
a805b75cfaabfca31cb35d2cfe545a80b8475cb807db69ccb8485e32ba93a503,0,0
a80bc687a44f7901bc0d50447f25a9eff661fe8202306249dbdb98117e8a9dba,0,0
a818ef174617ab171b12944c8b0b01e38cd0b5742d5a65b876dcbca18ae052d0,0,0
a822879afc6b9b4071f8a38015dec0453e75b93907b1bc39639e03530dc00772,0,0
a82fcef635c25bfd16b88d1f2a058a6e1370bcb318eff4f3dcf5372681583cd9,0,0
a8323c0a7736f270d230e2f7cf5139e5d4c1483898ebc80e8c9bc9b598732b78,0,0
a846646abe39d2d0aa4d380efd097a4dadfd94ed8365e623e278df2e45fe6c86,0,0
a84737a9578d8f28174aa169c6dd667371aeed283b65b4bd29d7585386f8e8f7,0,0
a84c6be1378f9a432aa60a72e5d443def80779f45a7ae38be6a2e8cd139da2f3,0,0
a853ef90a745b38eb7f186d97f99381f93e07b05b8929947a657be5e4078f5ec,0,0
a85a53d4a24bd7e19861b75a9051535d3c76f03eed84c07b5066c2567d54c3f7,0,0
a861226932af9d7a65f3a0de93f6da66df971b39164fbb97a287f710d578a367,0,0
a876a8803ac4272a97e955d2bd37ac51bcc2dd6c5949ae135263eb20ebdbbd4a,0,0
a8800713f69332908ceacdad74c19389ee97d3b633ad0c32d80bc25f78c1fc98,0,0
a884b79933120a325b60eae8de44712bc98b15cae96b55b53254d8e2d3b82ce5,0,0
a885898de43c209a33da323e31753c4c1908a676a005533075be1033acd859f4,0,0
a8897f4e9683dc8195558fd277bb957dc75535dbda0947f02d979bd432c9c16a,0,0
a88bba73ed2ec3d4dd872a669202c69a2c949da4364ddfb182b9a5fbb2907056,0,0
a88dc1740376e98831af7837e7f38ebccd875e4f09b3c6f6ba88f5f0a29c9010,0,0
a88f81d3ee3842026768d18f3d5a32e884a88d1b685c88966cfd3d42c192958b,0,0
a8937e1c70f252fee44e13746c2f7cb5a97f643c14338c5472a8dee4139fa48e,0,0
a8957b99eee61f5831f205c34a7b086fa8e5c6edd817f9c1c813470c56ec4392,0,0
a8a0e7632f1ffbe098aad6cc2106c34b32082b461bcb8ae937810e78b5b9b830,0,0
a8ad7c04469271baeb621d52d0800b525bc1f54e925549afb068eb44c4bf0b62,0,0
a8b6975491c8d4a6b86ca337fe7f846128a2472d6c7a6a12acfad32d20b9aee9,0,0
a8bd6930e9a94e8393654038554550b511dedb88db8983d8a9354cdc3a5c4a8c,0,0
a8c02a06cdfbe8657434791bf0223b8dd8c4291f269716247ba91351ee5eab42,0,0
a8de4cf111bbe991bbaae7482431e9f96fdee86940e8e4c778f1722e9464abf2,0,0
a8e0f530c2cc89d9ae6cb554f7bce6f78a540c253c908543dcae509c095ab844,0,0
a8f199103f074f0a4e8b709673f4f7a6bdc19166288b6afc815f95de73641514,0,0
a8f3f09d9bc022c0a5fae052f6a4d41e054f46ebf948ecb83f32095ec024de86,0,0
a8f5d8feb2df5a2a51a40e1d81673fdbbfc32d2d1060ab2c39c1e1245d401cde,0,0
a8f5ece35f1a193f07a385a47e8d2298fb4a5b85bc9699f1be83aee061194062,0,0
a8fc70d1e4a8c0e04a5652ca252515028947f8f87db668aabd68190e76f10b2f,0,0
a905f839fdf9ccf802a0972d209d582cca104b2046501bbbee9b4153be15008a,0,0
a908ff371998c382b96a150d89193b3277d8915b8c939216035f6657611470ec,0,0
a90e66eeec3bf68b3c7649a85438a4c732fb9e85b84e0b0817ac160202e42dc4,0,0
a9157b0f90150288b75e6959e12b0ab2fd0c4e100f4794c79fba47337c54c4d7,0,0
a93183a8527b9582b8f504f4124c5987c9696670cbe3ba5730eb345091da3c3f,0,0
a93ae455861b775e392db8f3dea982e837941730a5fae4b6dc6c2e6a056f25bf,0,0
a941c6321ed5164b64bc5619c7825587708de146ec09ff9c71fcf20ebcde9250,0,0
a9475d393a26ae950374592ce3fe1c3c288ba566cc62d0fd982cbc8278829a7f,0,0
a950ffbbf5efd40b33a9ecd2cf63b478340d6487ff2209974b6ef5d399f8ba61,0,0
a95b748f915962d528bce878a6091ae5ba36c2647240353233608bd55ddc170e,0,0
a95e370d0dccf7f0c666db3d2c36958ce8e5c082a83ef8fa49617bc2591e3d29,0,0
a9644c5b4d50b9ea75b6440ae1e94702fcfdebbe9fb3c6dfa3ffde4416504404,0,0
a966583a88a5faffda8d361d72e7b2486c621fccb9d78bcf28111d52ba257099,0,0
a9678c38550b95c878a908427d2ad43ea9fe8b45fe9d4cfcf8c2b79613c87008,0,0
a96d9ed16db4b142c9a2f084dfaf5e42f53356b9bde253422d79746177dc9b98,0,0
a98151651dab7f1cf5b38847d73162df8a4d958866429c55f06df9de7032c052,0,0
a9945c302eaab120152de3d3af48d6eb58726e2662d10ff3c74e36f2e58ad72e,0,0
a995ad099a82d7e1821d987f28f6889c16460e4a8080dab1480cba7c61c8dc3d,0,0
a99cce5df1ca045e1f2aa870727ea17b69f82cae475332476bbd499c97346ff7,0,0
a99d073152c824063feb86704674647ca198680e3f6366311b3adeea59a3cd70,0,0
a99da2397d985bf5332bd1462c7b9d74173d10541938062ec29f60de0d8006fa,0,0
a9a38bb933243bd7abbe989c5feab254f3184e1144d80644510e17745274e202,0,0
a9aed51b2bcfdadac5ab06c9e6d89a9c503a889e7193917e4f4f9e526cf2b5f5,0,0
a9b4436d4acfac6e541374b1879b2979e5305d9cc70d929d4bcbfb855d3fc343,0,0
a9ba9c93e66797f9a28a67093568135e8247846f698a6aa4b74e1297e737a2aa,0,0
a9bc2429e5a620e2f67e962120195150c23ca23fbf95aeae6d5f632313bd815f,0,0
a9c0a7d351116f9850023ea14474332869c701f77c40f83dec2f2de626ae65e2,0,0
a9c6204705778aa3256328d9206f1d11c196eb61dd1309ce8bed1e13a760761f,0,0
a9d1a0dff691598917eff2c9263c7ce97b3ca411e99d04377ea41f97a26204ae,0,0
a9d4048d41e8e865ac312f66aa962580a4f303ee859a678f9fb52a06d5d211ea,0,0
a9d773c0d5391b9107d55e33f3795fb1cc86e483d7422178a7fc96b16245b159,0,0
a9dd3a866b2fe1575e5544a63228db91a004615928303007a36bc3c7b1cb1fd9,0,0
a9ddf5dee2e29adf37935b6f66dc9d33beec4a5c88120595f2c75f9a336f78ab,0,0
a9dec14c9e6180806d71ec01b30b80d14daebb718d8f69a2d591d31076f2b6e4,0,0
a9ea7211d9dd0f32e7557bcf6952386b43094c8bd1b7edfb129b4abc8207841b,0,0
a9fb0900ce05aec1a19c3917d837bb3103c5c37eba88d9c060abcf59231d273d,0,0
aa006195b73fb75d1379e45382d65b1f07790a102564467aef9f945a687c0fd3,0,0
aa12641b063591de32ad17133eb1095a99859e30b909b2d1e94d0f898b1c658e,0,0
aa136d8bfb2794c448530e907a1565ed17188f34139b6c460622b7389e31caa3,0,0
aa14abbbee021ac6b063049ea332550bb34425874f38dc7283227fad3b6a57ab,0,0
aa1a482a7ad7cc93274541cea7585d13c9e8b5756fd0f93d335c5f8adb5339a7,0,0
aa269e28952705084f1a1deebd55d6adccca9f2a60e940246ba72028efd58cf6,0,0
aa289332d76437304f2ea19866424205bfb6b3ff95fc0dc4ca75bd3903db96a9,0,0
aa3d440176fa52e91027392956835e0fd7144e8adf6e6c7cb7d152447c884e6c,0,0
aa4187bc493ccd2af498c5705713f8d538e2ab2ef7cd9f36351012883207c70d,0,0
aa498d5f24b507e8caff9e2dd8e8b7c37279b472bbfc7696edc289218e3c858f,0,0
aa4b5753c64e965c2ea8ad82d1583e72e4afe74b4979562b8fec41cfcd93973d,0,0
aa61ef5988eaf1ef31620ecd9950256089d538c1ec2421dcd98a38511f9f79c0,1,3
aa6891cd2b085ee6c15f2ba602755ce56dd2ef9a0b5a2cf9dab4f0787f8b55af,0,0
aa6e478b275a8d9f8c66848f59bcadc2f2ed62464e0d2b6631cf5b658c281b3c,0,0
aa6ed09e275a98ff0c47b4eb4b1ccf03738e0bb72c0ea8a64a5c32fae6ba495d,0,0
aa7241a6a7dda8f41b8dfcff93257e151e4a2db63c95b6aefa8139127289862e,0,0
aa7eba89f4d95c71381109a5ef419ba3b0a2e819983cc22d5ee5305b0a64582f,0,0
aa86b7d3481a7bfc52a91ab80e97883f5d73d7963cef3594f93336e019aa7c87,0,0
aa909f6d5ac40cbb4690140bbc70d9e4ac146df7217eb2f4eca62ef92d42bb06,0,0
aa9ecdcbdc80f42f86e346354c7071a2d5fc66bfeb5b4cec0201d556068a0945,0,0
aaa9d885cbc8ed51f1fa644d22a38ae37f20347d314550ac9db982802105c698,0,0
aaabbab2e050496863099cd0891074ad4b29ff38590b1ded1e5d236fe0b592fd,0,0
aac4165e81a7a06b25ebc7c3a4d745a655ccfb504850c951bf95e56f59b996e5,0,0
aac4c9a822afb4300d7c552f045239c0c35b88536032aaa6766e0dc26b59206c,0,0
aacf0986a4052ef9a7d26346e8dccac3751b91b18266a6de8c7833c34668c2fb,0,0
aad36e16f3c650ef6bc3febd7605d0e36a898be42facfd5562ffb70f39e76ed8,0,0
aad37e9241d04155a805b8fa516e2ef5b0348ee027b0b67d7f8064a4c358a39e,0,0
aaddbe978f2b5f876edc458d0ab6e5e0048257c7ce6218b9fa6fd356e5fc2020,0,0
aaddc000e695cd2cf83d9c0ac663cb4cfd26f8d6e3847ea465128e1d7f77d614,0,0
aadee985c3499750ff5a3a6441f345b3d433f1287cf259b12d5ee7985439e4c2,0,0
aae1e13a65797da76546c38d6d18e64803a713a0c68bae2404acdc3890431b83,0,0
aae235f8457e8db2032cff29df49a63101a4599f20634c73327f78f835c339d2,0,0
ab00e499810c8244d4bfbedee17a1e4695855746a68008ca29791ddeae383448,0,0
ab114ec43f48d50b382e8a0a980a39d6e4e7626ec4f6bbc42ac3cb13a7ae3f69,0,0
ab1d6a560204de92a4d04f62735299605289c33808e8954e5163a9f0d628523e,0,0
ab207bbf661312ceb1840c68379fd7cdf00e72ddbbe40e68c9094c4b5ef4d54b,0,0
ab21102578dae10c2fba6b61768b10667000d0273cb4b5609562c74305771ee1,0,0
ab228d8500e37782fd219a7960bca14598b366ea3857bac0364b61c2d884d553,0,0
ab2759c7cb59babab94546c57fb876b3129fef521fa43fd7158947a84efae148,0,0
ab34a7870c6bcadf25f0c89684dbec6baab6912eeec259c39dad3ae4bab00a6f,0,0
ab3aa61412c8f458dee57c2be59d2086cca50efccd26914dc219cd31185b0c71,0,0
ab4786d6f11e98eb87ec715ba471a998276520991c3de94611b8e11a98dc1b6f,0,0
ab4837eb689f8af9d299404e4d3935814fabb564eac0b12285241bd8990b52c8,0,0
ab544f9de1ec78342d86d9e98311e673420d6542c2b1cbec722bd35d9ba787bb,0,0
ab58bae0b4a482c71e9da46491c7acc58d5d8372f041330731f7148dc1e012d6,0,0
ab5eb504f0bf51734c6b197dafcfc0fb18321b050f8ef7ac71549ee0dd594dfb,0,0
ab60242a8bd54aa84f1aca660b2f8b4d52f4f0164ea5e904a1a4f072f90137aa,0,0
ab6b1b8c8571c5967346d3165b65958072b64f928831587ae309834f67fcaf0d,0,0
ab6ef5fd2bad781379fdc34b4c9f00c07acda55790951bf11dc158f8316c7195,0,0
ab7455d7789edcf4c0a843b2baa97d9e54818cdbb74066a4a5b71b219fb47459,0,0
ab7faef52daa07f018504adb2923093bf95f831605b00c282e48fa9405e11b63,0,0
ab8bf5f64db6c7e5783e3649e2f263ffdff7a278a0c6c11b8d035196f41f272f,0,0
ab8cf2cceff8b8de3dc31eb5088d10046e28a5d113d6d77df2f8edb4047f203f,0,0
ab8e5fd8201668915832c98e41b672d8d1c45423c03f088b55a6a67e6d963109,0,0
ab8fc5bd8d20496afce7e2c7d7194a03498537c22168d4cf18cb99b0e53375e9,0,0
ab9b99b2ef6fc97079174db79f26b1f4cb44c5a780acfac5239fb8e6e2d9c2fa,0,0
abb18a4db3a4a2f4ef89de9180ba5cfce9673523ad5d43a7ffe1a0c14248445a,0,0
abb40f445c001c7cdab3186cfe1839ba7aee1f70fbf567f4dbd401175f16179c,0,0
abb7a91bf389737253edb06b72d311522540aae3844c66b209bb598252855a4b,0,0
abb9e80ef29b4c94e73e40a5261986aa5f2bc6cabfc70c0c45611179499454f6,0,0
abc4b22e1daa76215b0f306b95cc5b44ef81020bbab6fb88f4d0d79b1ccce95e,0,0
abd7992d24eec29ce98236c10ee2deeb49e5f8898fac6f7332dfac439c34c456,0,0
abe10a79020327bd67d0c2b53f0e08cca45ef8186398266f8b8a665b18f571d0,0,0
abe390c1fda9504e5303f358a957709d323e949fa9cf8377980ff6c0452727c7,0,0
abec23d4759d2931b0439f98843f9e59c31b89804c18233ece3dafa935b111a0,0,0
abf3f4b1d1d3cde070b0294e8468b9ecd705e4644e26518c05fde80a3a825ab7,0,0
abff69b470bb8d5e65fe1a03f1465577491aba433a5d7c03428e482782f07d67,0,0
ac028f5a7b54bce28708deb05c8a14826a528c549716c08ac056c78213a21f54,0,0
ac06b70b46540c98f9be465e30e97dff05f2f6fa888decbee2fa5df8cae4213f,0,0
ac182a0d81ddf6a094ad27c0d8ccec80387d4b156c3650e680fb4e42048e1083,0,0
ac1b1862b3b08c7a72c3327457e0340589ac051f6e30d6a74f94835d40f62621,0,0
ac2ef88a3665372b65eaf308355cf186a946cc2a98f94170f08a58ad2651eb69,0,0
ac30baee335f7af53923a3cf2fbc6d4958b67c0927fe5cbfd4d5d20da46fcd6c,0,0
ac352a1b838e71d1fdc69abb1d7425cb29e4ae907d622c12a13554bdfc292a66,0,0
ac3862477fd14bd8238399b831d8ea565a33e937428a645ab6731a8002d0861b,0,0
ac40b4542cb900636b6fc025ef2557492ca14f98a5e36344ec75917399c615ff,0,0
ac41db7ff2417ad70d2a62b5c99caf5bcebe64a33647fe0de570e0e64625f2ad,0,0
ac4a3e223bcbbfad2e1682cdda319e89b4f905614f22b92025877dede84e587d,0,0
ac4eab0f57f629cf47cf3c6def7c7d057175936f759b6d105bf967c223a927d5,0,0
ac4fe3db4785c4e06a58da28bb5372e7a3b89b74b60ab9260b6353b7c523e9dc,0,0
ac5c57402c5dda4259ebe3e9c6aa0b1a1a98cca478eadcceae5f6c0645a61b2c,0,0
ac679b0fc04cd0263f6657e4ce63b3950c04b68c8ef1ccc3ebbf0b1cb0eac357,0,0
ac67a771d661d1158411384c34fa6d5111cf21f149ad534877520ecfef486c3c,0,0
ac7c1dd6236ea7ce340bad629fc40005cae79df35c01dbf7f89f79bee976d68b,0,0
ac89d55d6f0296b7e86d62d6741313b890879cb628aa2edc2bf48afd37d0e663,0,0
ac8b52bbf1bd3102be4fedfe0234b11ebf6bfbb707516310e205637cc12f13a1,0,0
ac8fa6e336b26300e4d4b4309641f21a4594beadf7678ad4daf9d844a97314c6,0,0
ac9d1fb4841bdd3858dfd02aabcc4ab95285f1e7c0af8bbef154b43b9860a151,0,0
aca5bd83d1bcbbfdbebb0c50e9f95de9364a1893d87a0d62b330c06e84f30d34,0,0
acaf975f44b106c82f98aed95af94734287a0ed80976049ff569bb45cf348b3c,0,0
acb18ee945518e169835aeac40af54ee240b28bc88d34658dd348662a98b5edd,0,0
acb75b57deef7e4bc3b78c17c96be4966492f299d109b3ac26d213d43b4f02b2,0,0
acb90e8d5925166d1be7d584e2ca6288763c9e9920d2267a8a80ed6b87944825,0,0
acbaa18dfad66d76496381d7abfe7515d186cb7190cf3b2d775b2718eb445e84,0,0
acbbd7890ff764ea0d09373430a10dc3fd47d1e4d468d62c822986caadeb4bea,0,0
acc4b56d3f59a09ba3e356ee7ae1d083ecb53fc9b147a1fc4cc3ea6b673c4b04,0,0
acc5fb7b0df080fc081e5f2cf928b6e81393950dd6b3918c0bfdf888cc6e5bd8,0,0
acca37b2864b1d4a367fc43c6bdd0ed5d5cb8da5c7e52049f10f1eb7331a0ade,0,0
acd091f742e2a2a8e5ec87b5a30c0c9af1988f00e98beb5f07eafc081fdb06f9,0,0
acdf428531705e63b8668906c61e25880ff2a58faf9bf466428e83182b8c63c0,0,0
acf6b962125c445a99b1fc123f9b67c10e70b5f3e458a9304121e78f9dd2a0be,0,0
ad0237cb41096eb126c284fb2867fe09b3d872e8ab9a525d990d0c1f00dba0cf,0,0
ad069de2eb5ca7b1e750a15010c1d9917ad08cec4dade1bf9a9cb09a7e06c128,0,0
ad09dfd65a14a7e53db1eeeb2e519c65c8da01a7b9ac1af5cee825b2955cc6b2,0,0
ad0cae32665410fe67fcffa81c086f4c78a1bde70491b335de7ad34be8dffbeb,0,0
ad108afd050c334f54b4051a06a794c9b67518e3ed8ff730b37389de6d1777aa,0,0
ad254de20a033774b40ba48910c7118d62b5b54bf94e3285528071d7be3c72f4,0,0
ad31fcc8d97584d0c9c4f3f097598bd54e812018245600fec036a46cc3ccd308,0,0
ad35f6a2baabe3d915f7195b96bc11cc7b787a32bb42b3f9fd2c9d81fb31ce0c,0,0
ad3feaef71a9ecf5809604016aa8c301ff928edd06503b3f85ac75db577892ed,0,0
ad48756a578c9ce0b71e7e319f5b588186aee54f50033e76c4128e5fbbe990bd,0,0
ad4cab98d88ef88d43937d2695f9a58937797303766635dd54b3fb86afc52159,0,0
ad686fb3b0f9e2730c4a49d2129d7092f8e4a7edcdd7905fc28b5a538832f622,0,0
ad6e8930f6cd99f2df8135ab85b6b48f4ad1f2d4be1c7fef458ebff071f9bab0,0,0
ad754ff7db97578476b861236f2fcee4efa0e910370e9adf24ca857c26723463,0,0
ad793d4276455d51a8110654aa40794af518f3f8c1d5b988c8434a6898aee97a,0,0
ad7b550c595a7445c6f6bf1c4d89bc19716aef5ab3665e6fd2267157b12d2e2f,0,0
ad7dc78f96f4433102ea9f2bd2cb053bc2478326955d3fe80b5aa650e4d46f2d,0,0
ad7e2fe3387859c01ac3dd4106c7cca08877932ee66f8224e45f8cff9d990f76,0,0
ad7ffb7cda6ba167962298b65d2c14862f55ad0e91494aee536178dd7e3e8740,0,0
ad86f3f88f4d4524a4c55c36c90faf13db8300134762fa34ef444b85a70b27c7,0,0
ad912f4ac5eff9c135d997e5f042c7cc0e65544cb54dbc9975b034cc884caa0f,0,0
ad99cd5ce825142d969e2ea780455fd7a6f72fd29c8bfe216d0d2ea72839e3cb,0,0
adaae0c597d323d19052e2b929d2102ac42afabdf2e7923a25bd446e80a0801a,0,0
adad2b6576b6e125c5c31c19f12661fbc5857f94f19d49d8493df1830effdc6a,0,0
adb063f7ce7217c007475267f1242f8d881da23f5c9c2d5e984178240c771f76,0,0
adb1d30ea4f50d9b5624abb66f7d65adf21223469ff2a9c27e4586916ebade73,0,0
adb7a208e3ce88040f37da372c4c05d95ce32d795a7cc373ed4eba4cbc081cf2,0,0
adb875dcd72e19bbceea94b5215a7527bf0c7e68bf46a4a74e7d3d3d89c3d449,0,0
adc0508d2db6e4cc280e7b6d65cee60189594dc69815902254585f208c6901dd,0,0
adca0896f4c8c05b43b06656ac9474f5ce37e418eecfa187ab8e77a5600b3f43,0,0
adcb76f972b8b0cb953749ea1f84a03cef219eef8a2c9705626615e771981d59,0,0
ade20690aa255dd97c3fbe7fc748ba70b7fab155c5123370d759675013270414,0,0
ade6954aaf978d72a301f33765ac0a95d2fd75b335baba1fbcdbe9a78b198b91,0,0
adf0b088fc11505d609ad8d7b7846a98bb93a2cc31618e41a1bab88fe0e392fa,0,0
adf73fe859e01bd22e743488e250c26c21b20037c85395433c6ec2e863a12217,0,0
ae024ca1abc4e7701278729074aac34d181a9bb8d40a6d6ca99cd874ffbf7fea,0,0
ae24063e790d7448514a78bfa37b0bb8b4d05ccadc2d54707503fb006fdaa6a8,0,0
ae32ec4af0b6362d286f4ef3de05df07a8ba58a750f4eb42e335f20915d2f707,0,0
ae4e2bee90b02db5e8a04c73b5b165b06c32984c59baea8b40cf533aea67b6f1,0,0
ae62bc45fcee41000ad564b553e51a32bb7ce7323caea807b9ef63599e6b881c,0,0
ae68b74d85b25949f02b233d57f4636f1390c109be18771e1902e9ee4d347da2,0,0
ae69db6ed039133384e5d6bd7e963f3b0fb183889412c99b0b6460519d245583,0,0
ae721e823a85a2c4f29347a21ac1ab110d342e4c2d9e43597928bd45c52c3906,0,0
ae78244ac61ea7f53d57860f995066ff2dc2080e5ded86450a9e8cc6c8b3117c,0,0
ae7bb89a4cde10c06ce08b6d323aa5a30c8fe7873a7a8bfaecb8b23208a7c03a,0,0
ae8456b27751407ddcb8d20fae31b2e6643a0191f721d6a1baad76456ad99721,0,0
ae8479530c93dc278ddfbc97f2d18de8d2f0107c132a5c61813987bf5a7b46b9,0,0
ae86f44c97d425fa31f515ae1ea680dedf246f11f0ed846b74fcb3b00bd20585,0,0
ae8e63a25291d883c13bcb7dd185c3f3b37cfe29804468b47388edac963ae8f4,0,0
ae956a4aa046a6c0aa2f577197b5b02734c7a9fd68bb8c7810d7d5d614c1b396,0,0
ae9dbd266dceb49d3fa188d4d49c55af91976e12cc144351c79175ed237e3430,0,0
aeaf4d39528800b6a1295b2790c83f97863f2bd853eca065a4bef8a2812bf864,0,0
aeb4f252ec4a61cc49785bd7c9333a5b2d5b5538a832bda3ffdc4e9da880a65a,0,0
aeb5a0b1f91292e4728c98bc4aac75e9a42f6f765e6bc5a1f263d1579e51d0e6,0,0
aec89674b087031dec1b4de32223ac88fdd17c2700357cc440a080764b9e2463,1,3
aed36724690a56a6dc5087af1f0e4c3dee25cb4aff282ac2b1652cdddc34faa9,0,0
aed4c94702df3bbc2159653c8673afda0797acc970b911197d1837b1c5cd1b46,0,0
aedae4930d13d06baa0cc50b151863acaaa1768affa3eb1ab3a0b488ebcb5d74,0,0
aedc775fc4ed9b310faabc74fa71908b10407a48ffbe0085e48b4e5e50637a4d,0,0
aedd15ec775102dc809f5526f3d96960eafca3030a89750c02fa5866256b1318,0,0
aeedf119dad75017669444bcb3425a7c53b8647a59719b1a01157dc8ab3e1656,0,0
aef1d09cc1e3451c1f0e8c278606e8246192cc65c3fc7f8a9df1846798647ca7,0,0
af34a3299baa6b9323ea3201aa9548677ecb739f5be11b238d73878c1dad9aef,1,5
af37df38b51d5ad3050c0132eec790b42c96fcb1bf2ba25104aac87bb2c90c38,0,0
af3b0d12c72a32b84b9093aa6b66d0c1e8128c43a46d64114720398b5142abd5,0,0
af534e08429c51a1a25c33168e7191514c0577b0fd6be5e76fe91d897888126d,0,0
af61186198b3d48c3dfa227240de16e43f86af828d08dbe4b243a91f90b4e117,0,0
af6b507b2815377e11c2bc1dd43f48523d8b58f146a9be4ae92cd8207d5f1241,0,0
af7652c2ccea3cf2fad3f024f97872dece3b8afa900fa96231ca578b7db445bc,0,0
af7ce5aaf87b63cbb7dd8efa707baf00e3865e585b30ed2d81e9dcd9971e4969,0,0
af829a61139d3418560aefb394a5d8f2a575f85472beef3a5b856b7ca52214c8,0,0
af856b2bde3a9024c0a5ad321c8523efe6764bde89be101749c6ef32cbe335af,0,0
af8e901fe27a30d8fbe4b85b33021de2dde138a31db0a776bc89a3743c2939f6,0,0
af93dcdc123f58b459b2ac32b36c41f35dc7de65912c91b3718788a21b4aed13,0,0
af98012f1e87883f48d231e96cb7b324d98c7b78c17c7e0c2fb56c9ea5e9d25a,0,0
afa1baa8a003b2de294a60063230d8a0189772e2589b9c5218d648e4ef420ae6,0,0
afacc301c913e545d8154e70942ded234175f429fafa087929399648627628cb,0,0
afb1bd113914b15352f67002d3648f334ce3a750c6be32f684869bf07ed9ceb0,0,0
afb6af0bae7d6aea5b9989c279f73a20da74e0f8a7e0eea77bfe10a7cd3b280d,0,0
afbbc3d28d471f4f6001d8abc55905453b8714cac1eefcd760942349a93af4ff,0,0
afc76c54666c8ba25b703eb96a0231c978789af4bca7f6e43378534b89251c0f,0,0
afd025c4e9d953c021e6d6ab8892624dad9c9222624ef61a1aa6e2ecd9e557a8,0,0
afde215e87961663584b9e511ad867be533bcc15a3199b2e83f3ba4e14b3c86c,0,0
afdfb23f6b1c40e6487f64a7a89afcc0dd04cf7aae1f1895dd14b4a4db4d454f,0,0
afeb39cef4e97db27f76814b389695ec7efaa89927322fb6745ca6a349401d0e,0,0
afebf27b6e1656d1b8beb4cbd419840eaf6e79a25ebe14e2d9df6ca4cc956712,0,0
b004b3c2b0c2fd5e0ca07a588cda70dd8b2aa888fa378805bf6db3a26a574d95,0,0
b00bbcb452d797ffe0a7d3be9ce3466abefbf170007dc299fc8a1a31425959fa,0,0
b01cb3eaed3003316a6501fd7c02d5c424088e17116ed6b373b99df2aece05ca,0,0
b0471f56c761fe8fdf1afc7bcdad9bec6a543640f34f8b1991a825bf69189e55,0,0
b050b0352dd606e497e63941a1701281e420899f434d7cdd49baec08c99f1850,0,0
b06ea46b77ece29c82b7f448f8e4fcaf369152161d5fe56bf0369d92c82264eb,0,0
b0742e1b5d2b55c8aa7c667b7ebcf55024fd9ff1f6c53bc84842f86a46fe08a7,0,0
b0780dffe8c72781885280173dfb5e63b9c0eba814c87d5f8cd1c789b8701ac7,0,0
b082b171c7dc62b2eaf5d19146eedb4d28ae27cbaca92a65c2d01e08824defbf,0,0
b086d9ec0160e3c57c634c3c312a9db82f9bcb797108fd0600dbd2d36d824990,0,0
b09958c07dac3f9ce5872500a3d5f590c4190630241c2ed4fb50faf544af6771,0,0
b09a5a36e3f1ecb6ae6c438966861d494c04e2b560594d4f6d746f6b9c34ad7f,0,0
b0a2f5a6a85dd2ef44bcfdfd3727219970d0b0940950600c4593b23b4def1ce9,0,0
b0cd6ef4fd71237ce89bfa8935d4144e207297a04e0d02b68e98328d25c0f390,0,0
b0d011ef09cd6ad9ed1f100e6c5406e976ba26cb6fd1504109590906c488c70f,0,0
b0d2d8b2497251577fb9adf7e1c8afc4a2ca1cc6b4d8ce4e5fd2785308cf5347,0,0
b0d8d0df7e0105b577e993f11c3f80a658334e743ae7b411aa7458be516f50df,0,0
b0efb71c5deb22359d466cc4867a6f5d1724ad7c3dfe1776ded5b4a5e7257fda,0,0
b0f5e140fe802d6811158d814a7b31b8225c3281caaa299c9864aaebfb5faee3,0,0
b0fc52a5391e3d5035588b0bab95538893ca67882ad084f844678c5dbc671a3f,0,0
b0fd60a05b6b3ea1edb5c533080ab7d4f5a39dc6a502bf8db9e2fab5286cff6e,0,0
b103838f320d349bc0d8ec07ef9b8b58a89ffceb85be85c9ec5c03960f564322,0,0
b112f412f52416b51965055ac36357d11c3717d7c4941fd474d692d7e60aba6d,0,0
b12678514827bdb799e9d5c241a39dea957096eb97d4c16da5cf92c21c7a02e7,0,0
b12a1ff87e56f3d8b4e5e130e81ad69baead202acd50360adff1d499659547f5,0,0
b12ce00e9167471deaa934220ed9af3a247c14b10df1059ab94824855a8d33c2,0,0
b1349fb9106625af451666d5634e2e2780475c909eb82a462f9a827dbb8d6fdb,0,0
b13572e6ac9ff7677ca153cf9bb37277e96c9b22d5351770016027f9534937bb,0,0
b13816858fda48d5cf1ddb67d19a3953c7af8a23cc5abd76f61f494e1d94f408,0,0
b1394a6b7b42e25cf95ab0ab3b3039da87ea91a54c5108eb6f93e49c03c403a8,0,0
b1396418c4256ea266d5f47e6312d0c9fd78dd8b64fb2c13a7030d9ebc35d394,0,0
b14b407bd8bf2b0fdf72f80d7e2343204454cbf02b410f05751b5467d84369ac,0,0
b15527558b4343e9569e3909dfe219623a45fa4a554ff64614fe9c00802ccc1a,0,0
b15f847837feeac2f54621260a3edbe3518d1b13f66665a45a9dca431e0b40cf,0,0
b1609c8d1e71a3e59ce0ba104c2b9a9507a99f95997fb9b6a3eacc57969b7027,0,0
b1736cc1cd1545cabed395add3d660417323f4e5180ea09997557752856877ff,0,0
b17c0acca141ae543ff631ad3094e81416baffc0cd8dc74472f9bb36a61c72b7,0,0
b181a7be1ee6d8453ec8ed0936a2622cf9032d20c20aa32444065d1a9ffc3691,0,0
b1867fec48c9471c89768a0a59fef6b5945288eb9e1d3ed16907f967962d260d,0,0
b18685b3d2c7eee1e225951578c00fa95c7456ea09f97ce3b7ad6610c68f7899,0,0
b18ecdf24b309beb16aeeed718fdb83a365b51eba7a5a38d83e8ae00d0d49125,0,0
b1935c0ce314a6886a9f63cda2e921b20f2f9948607d1333e76ef6f93eebd56c,0,0
b1a2425c70c0c0e23fc7382a8d2489fa09f9450a423ddefb814666fa5e4d65ea,0,0
b1b0632b87184e45c8fb6d3c3ed071e0a9727c0f818537eed89a2e2c8c57dae0,0,0
b1b155e6d4332dcc25793bdb27f5e94d8ea062c9977e53620819bce20c8b7eea,0,0
b1b34673bd96ceca812d063bc23e2a544d70bbb16c320c0154e05578a198cc23,1,1
b1b75364d5dda5032db4f5d0822272f47c8d9e27fc7239e98c6b614a90619fd5,0,0
b1d308b02f576905afc83464fef9603589497ea3f71d820397ac66667a8d000b,0,0
b1e4d731f5e2b6ef2a868237d9daa6f45f354eac594b58c493ef8966de0576d2,0,0
b1f0665d26e067389f6090773a37b6c751d8fa6a603acb7fdbfe437011befdcd,0,0
b1fe5cfafabd094a94ca2c446c8b99f2174167d09e5f2abf259b0672eff4553b,0,0
b20c3719149d71d60c4a203c8735c0d0b4a919103696fcdab4f64677844992d1,0,0
b20e1cbb040c647675298fc0a6eb31e0744e9cac3f378f159f657b594499efe9,0,0
b2131a5ee2f42e9ef7ba7fd39896adffe681cb93b731c315e9bff1858d688c9b,0,0
b215297dffbe484a58d6673c3265e463b37ad4a78259e8b877d2a0026bfb360f,0,0
b21cdb688aaa363746bcc46121503a063c80b34cd72c42d9b51406dd10acfcdb,0,0
b21e08e71322e2ce91e827b2e6e7a023d03410dc56aba519037051f289a7a2fa,0,0
b21edbb5dce5d3849faab9f69476fa6e2f14792e5624e1dc29acaa4753440a6d,0,0
b2301d12de1d734bb64939e0b5cbdc097845beb172e0bc529d0c00ee8400b0d8,0,0
b236094b59cf5575f57754a90bf605d6660de6a13eb9a31f8bdb6d0de596737a,0,0
b24ebd386618d77412a032e5c44a5c6af9d52a9f5b76cff1b2b04313ae955944,0,0
b26234d17c428eb92b90e58369609ad0525f3bfb5ebd69db0f06fc393d585428,0,0
b2834b48277682ce87f0908e2bca315a71dda44584ddb28cca8cdb0e8230584f,0,0
b2894488d1a1dc4df8232519983dc45eb4da9e9ce821c8f69abbf06b2e024bb0,0,0
b2a51201e006a4c25c8260b430d57fd33b2e26959953ddbe607ec75648a237fd,0,0
b2bd4f4177896b28cd978a3d7c771753810921fa036d8d8be7180fda7c04044d,0,0
b2bd7c9ef57083358127d17ee6d98fab1e8715bfe8205c658826a018ab8581f2,0,0
b2c51dc09fdab1d7562fb20472613657743ddd0c5b6e917fd78cc0d0523813b6,0,0
b2cd441add8ec7df7bc53d163456bc5d3321bed78c1ba8326228abfab0ea2599,0,0
b2cf34e9ca4edc36c89ce5ca3cbabd425ee8bed50efbf68321110ad3f0fef947,0,0
b2e041ea4cf24076f19a81c3316c76ab305e5c7f05afd125a6fa07e8a178f175,0,0
b2e2fa52c76aee2fa6835a7dee97b7dce703fa4484c4cd59767c98740ff51cbd,0,0
b2ea709f59ce70d07c26ab27f3c2146e75455a36513035c2a0d810da571cf507,0,0
b2f518f498259072e74415a7a97ad0412096d24384bbc946e1c256aa64d9b37f,0,0
b3001475ba534a382d445e6c90985b08da317802fb37e60cb3dbba8757583def,0,0
b3073e8f066eac39c61d966f86ca460b78678d66f44b906efa1a3059eeb0b4d1,0,0
b30754bfd0e25a496ec696de5ebdc7a5992a973b45b0259316e4042f4283462f,0,0
b31294fb00777376099818df3c50b86d345a9ed482d3a2c4c527bbcfac3d34d0,0,0
b3141c61faafe78038cc7884ade33d99e20282c3afabd6d84fd9eecdb787d4a9,0,0
b32e2c56fc9560aba9a59381bd090624c710e54d500ed63d0e2ee34c673dc613,0,0
b3452518b963abe48630bb9d68b47abcd1b9ea49da50fd613aa4cbacb9a43f6a,0,0
b354d55d7e2166d6edfb2544ec3fb05986358544c7df3ad2b0ace302d6cb4275,0,0
b35ca120ad8fd3420f5b3c4fbf7b31f879349ef2ea338610dab6e697f2d344d0,0,0
b3631c9a826d4841882a1b6701366fb39465339a5b29582ec46deda8a96c4b1e,0,0
b369dcb92766811ffe0536fe6918da6bbe7aa4a886d187d27066c4c191541963,0,0
b36d5a02ef359d3b5899a2fffd918c86bf678d1f666ce939d53e7ceb225337e2,0,0
b3766085ad90d785350a0a56a298c39bfc89f5e7b1151f3eca03008e2c483542,0,0
b3828ece87a98ed12b5f449534fcb33a15cb0be88313446b6233f57aee1fc323,0,0
b388e854d2292351ca217918b339094d8d6f0f8006f5579488f4022fb3ca59bd,0,0
b38a348496c5dec6a2c49d9bec837b323844af2ecc7f2ef8fbd9e3899eb3c318,0,0
b38ef10daaa90c7e86bdee5a65b379be7649d63029cfba0426fb74ca65b07a1d,0,0
b38fe8976d6ffd3e982c4494b397c5aad0b8bbe76d36d01f9695842cf93a2a97,0,0
b3955a137f7636d87c7e4067ef7b2a72fd3b7258613c7efc2c209b33eb337404,0,0
b39707cb8a603861498fb59028d9c60698abbe8878c9f7c29f10fae15a0f4b69,0,0
b39e19dd2c61afeb9ff7f76e31bd4e72d819fdc261d0c1785609055bea8857a6,0,0
b3b360184d151dd57e80b0e8b6f9a4e91ad3edb095d37d83af23842b6460393d,0,0
b3b85dca28af5c6eb93d9b6858796b330dd8ab7c55ad2d71e63c685dc21f1082,0,0
b3d1f0419f51440649c687cc946e535ca56dcb9569a34a22f3933c6b5bd7dd27,0,0
b3e0555cc58bbe29bebdbe821f8ec3c81b47aff029d8646343b3a4d1f8e96850,0,0
b3ea883d79dddbe906bf5729db2db131021a273fa3fe1042a2096cfc0fbe7a24,0,0
b3ecdf617d4404ecaf52c64293313c17bce780a2a3832818f04c4525ebf03f97,0,0
b3f407065a7e69e2d0811b8a81ced09fef221b7dc2f8cb913923478930e56673,0,0
b3f8d393032972b754ee86a67fc3441ac83e94c5891eb7f6571bbebe45f23df9,0,0
b3fc80f25d637ab7299a34d16ab98137c0910da6eb1735f65f1e03d771b3c014,0,0
b40cab2ad3181d25329148da84286b2cd4cd99fe8e2a38c893dd1f8bef928495,0,0
b40e68abf25943329fcbd97b8a7c9fd9076d554d1e5da6742089bf7f2c758f35,0,0
b410739cb68439e6673bd906fb54905e5cbf41546fd6d4a7a30d39ada73ed742,0,0
b4194a21aa83dd1d0ef9a1e882b11f2f107c9e0bc1ab22eabdbf4bfe4fbd3375,0,0
b42d571a8117900c5d9ecb45ac83be063cdf09dd80e08e21502fd171c3ea1c58,0,0
b431fc36f9c2e186dede2e286d079bc134bd8309069f3b4e103ad64323808b43,0,0
b43ae4bf9a42f6fc6206ae19b7aa2cbb6c472b928f61af45a78034cf1678b01b,0,0
b43efb88f4f457d2cbe65e795461eeabc453fac6e05dd8c36f68dda427f5814f,0,0
b453931b5b98b5a4fe68aa57edc4dc5af047920d308fd5086bd3d91eefd1f9e7,0,0
b45486241b466e4191bc57fa6e620c7c3ca5bc424ac550a635baa02ca80cbf61,0,0
b46d807eafae1f20cf97769c282cb70e7853be403d1283f2aa948c9b0cfbf3bc,0,0
b4745d582d6b008f4a347a031d3d485ac793d071dfa5971b6fb62a75893338a8,0,0
b4748809e0d564b8b7aac92d84e12d6e48a3231bc5822ed21c2ce99a4e335c68,0,0
b476afbcbdf0abec5da4c7e8961d91ec92d7da8dbeabab5223f989ee26964d30,0,0
b481030c05cd010c4ff08104731d3c5520f90d48c900d9b966e0d03a51301675,0,0
b484047d1f4258b7b44856c4c980eb1e02821f9fd31ecd9c9775439494b4e2cd,0,0
b48f56ea2d37066b25671f59e8e35f72d0c805c819c1cf13106f396690ed068c,0,0
b497c3cdd56a5a0b5dc8b654e2483dc3b11efbbcee74e84f58852c309fc6b23b,0,0
b4994280c880e696d86492085900f94e55829d7c80df12fd0350a13ef343a0c4,0,0
b49c658f1994ab364d200441055b077def696c3104be1dd35f29283b4314374e,0,0
b4ac8981fa63cb1ccd446fb7702f504224b68472f44b05f7e2f1060465e956b0,0,0
b4b4233c0d37cabc912725fccaab78c3fb102b70ffa498b51570651a42229658,0,0
b4bbae289e70517225e9e647f3001200f7d023268561db4fb8f19bcc416e82d5,0,0
b4c5f7a465c6d0f77f20c65a438578fc855f9ceddba27cf355a45703d588d6ae,0,0
b4ce161a65e502a3f21061c32d1f11ef62cbc1175b792a3c1c2f12ebfa27175c,0,0
b4d28541fb1d49f58103aa7ea6a0c4ca2d26ec2cbef379e13ef7930a2d54043f,0,0
b4dc13e496102275f66f36fc1242277044820408834e2b28d155881f3c62602b,0,0
b4e601574b65cc389f6bea094788cd09cf0b21ddd8f6480cb7bc27559d5d1bed,0,0
b4e64cd83e629e3626f45ae93a0d2543c2e25885d1d08ff8164c5bb11a03fc0e,0,0
b5057ebbd43f2c1b10afed275ca91774d3ffcfcf755ef656e63db1e69862987a,0,0
b5197c950e687f78bc2fab46bfa7370e719cfe301d20ff8b3ddf1657e3997d40,0,0
b520fa8395c6de0384167db80d855884a1ac501c7506fc8937f712cfba10e071,0,0
b52e8e131d400ca4a26b31549a148ccd67f30497b0907e08631d733c9d0d95f7,0,0
b539fbfbda67c13b7df416b721154c0ff564e7c78e867c5ebebc759613a5c95a,0,0
b548c5116945aeee58513ab21441c4cf0e23b8bbf5958bbf1917aede6f446ca0,0,0
b557e2f0c52fdb658cd39ed725d2caa48228608b0e8bf1107ef2a7900e371c7b,0,0
b559afa91b64d427d9b225a5f612550eafe4b12532c54e2854a9f21d5cd3630a,0,0
b559c0467ded689eb331152df0a438798c081e939990a7f1fca24739246bc54f,0,0
b56dda24ea90fde111c9f868c5fb754b65124e002888a82ca65102357a0af445,0,0
b57cfd4f4bcf7275dc041a15939275a6cf40fe201a87c9f3aa5b112e04bf0221,0,0
b58b5ae8a84c21c55b5afcbb09d4dd5997788510f547092e40de439a1390a7be,0,0
b58bd83599e400d2498fa9535584bedb66bfa7cb2afc34e3c7b40b4d5416569d,0,0
b59991189ed6b9c3881c66a6ef09d73e680da271399014809cf20d07768e68b8,0,0
b599928a6aff7aca2f43943ca0124ad708fe5ba250ad197071589d1eb63618cb,0,0
b59fbb92242dd54e39557f5c3854b3f96f4a1f4a5b92031fe4819bbacfb5fd69,0,0
b5a9d732f00fbabfdaeb234cdd41381a4dd161b271e758025510ed6096f36e13,0,0
b5aca77b0595cf909b4a7d07ddb7c9612e592d7d606ff3544f8303954184d4a1,0,0
b5aedff2271ec276c64e45018216a4dd90abddbb89bd227faa1840aabeed7d3c,0,0
b5c169c6c7468b8b46d42883080fb4e2e398d879781335626584f4d4d643baa9,0,0
b5c6e645f0784f6e3547b9b6edea7ca4077573cd2be3358072a0ce068ae5e0e1,0,0
b5c9df9e78aad65ea53df4e2d80f9b055f5f621ab38d6b609db9dd3c8dabd526,0,0
b5d2f4cab600b56765ca5856acdd0f76db90af8a7f1bfe8b3efda1cbccf5006d,0,0
b5d6fa445c3ba2cfffad1180a016f1614b2b5fc74e94e017ad924cd1f1532f72,0,0
b5e37fd0ecdb78ed7b91274eb5ff48b6f06e6cc16eb1bb05d87e681abc0b74e6,0,0
b5f9e306b001431fd9b830562ea791ceea9be4cdd1ff89827303144a42e73bac,0,0
b6037c08aa00cc7671faaeaedc1deaa9d1d1347be6cbb9f80bebec3d8f99fcee,0,0
b60d7fdc9a0b1fd2aa87ad855e4955a2fd89af541f98ae7926747303c4de43cd,0,0
b615a85dc316359aa2992744e47dba140de0194d8df8fa4b03a59eee8fdff3a2,0,0
b61d81aafb96afd692df0cb09bd5d301b1ad2d40b412a4b92b99aa30897a252b,0,0
b6278bf49483d9126d2efa1d5c622d65fcecc716b0ab24ddffa03b3a4bb25b4d,0,0
b62cb57a895512a420723d6cfb8b1b83d2e5798dfdc622cfada57952bcb8100c,0,0
b62e0d000a591c493b60ccc67244b7f7ed815b19060f1e4450de3e8d5ff498f0,0,0
b6375f36bd4b3d6a9fed5d69fe975882d9fa56b8b9841a37e9314a9191359fc4,0,0
b6386bc7b7583803da69cdc7bab43a90988af12dd051edad8338cdadf73a2a4d,0,0
b64c59e187713e9be043301a1b254d3a641f4a1f7d47481e5826da6579354757,0,0
b64cfac0d4dc267aaa654dd75ba3135e196885ea6f7f0048dadfc4e9c716c7a2,0,0
b65800d2ea7025735e590fcad7f9ed1a460090778d4838f8ad7a85db88d8d211,0,0
b65d7dade0061c3b1905c0097562641ab95f48318765a3ac31109c5505c5a012,0,0
b66507a82c7bf18d8a87c34c5db4d1054753093d84332da502ce24e1fc5f042e,0,0
b672dad5077f0f4bc821cb2c5400a88209d3176ab6cdddb4929208834c630362,0,0
b67f058d8b5b64f239b9ee180a5943a7cdcea886ab3c98c7e92a6d06740bca2a,0,0
b6853bb92557845ac7a8a5928c46f589a446acfc22ecdeb2af825eceeb2826dc,0,0
b68b4309aa52b33cf5cec243c81848af72278dc99296a152bb180d43203060b1,0,0
b68e1cd2af7423cfe2a4425d25c805dc183a65edc9e503a4407afa6f53f6e867,0,0
b6aa891fc60f593a96fe9f8a5b6d2e0d452833f92e5515a21b25d8828d42064a,0,0
b6b595709c6fc2e17a5c9fc62ae5d02bff06f3ef372b0d54c87faa92c462191c,0,0
b6bf9241880a6580f4f111403dbd846764f2dc0df333814d45f8ea2f0f0accc8,0,0
b6c1ce82044957ac915c44a50f5934bb6747301f97c92f00e0fed6e55ee7ee15,0,0
b6e13b983b650695618221f4dbcd0aa19494e9ff0ce8b1da4fa1d5e9d1488ee7,0,0
b6e6f49215e01df3bcc1f796e3c4ccd62435c9aeb999051589be75b2c8cca206,0,0
b70ee575531cf6cd7ec9e808ba38e860d15d3ecc60037c94e9400ed99e35f607,0,0
b715a85639d368188fcfee16b8fef9a309de1974b8e143fbe3fb7db830b89c08,0,0
b7172684e10d2a9c602c65923400a6bcbd7f63f9820b76b8f993258a5b3edcee,0,0
b71f24d2cb91dcc457073b19cb3fa949f61b270a4054350c374c59894cda62f9,0,0
b738efcf60340eed1999bb2ec27311c4a83153fc4c5fab8e2d1b2e0498a0b1fa,0,0
b73f0808a0570e8c72ac572d6b293dc5952920813133cd0d1b75fd3bb33a7d00,0,0
b74ad2b7738033f1fbc5105f332a287e13461181cebbeca22437ae231eb58c40,0,0
b74e0e836d6aba60d50eac1f838d7d4722df64b2f41df1eb207fa3103be8d05e,0,0
b7639b5b035d8c9392ad7597236c7b4233d601411a9e8884bfd8e25170b33aa5,0,0
b76984904cf117a6e2ddeeba87d08561764f8c3aa0ef57597110b28f6f007731,0,0
b790a6ecf6ee62dfa9ac46ae7be028c11f1224ef75e6456f6e7a20f45a709bba,0,0
b79448f2c402f418a91e469785a620bb7f6232b93d09504e81a7b2caf15dc370,0,0
b79f63d3c541ec57de811d38434b25a1cdfbf4d406dcca217d5600bbf14d7d45,0,0
b7c01bbd8ff3a1591704bc18fbfd6307994ff5870fa4853f9e275300c62e0f51,0,0
b7c373a33472a09d4021afdeb9622d07139e1173822a42f9c4a86466b34d7bc8,0,0
b7e1b7e96d8923caed04d8286887217815d5298e8943a22dd291f8ad19f7f55d,0,0
b7e91cd4ad1aa70f2b2aa53edcd4004c3db80fc4548df4eae52569d2945ac906,0,0
b7f3ab5d837109ef0a9448baabf5b6c087c444b5e3998f82b9e6415e9abee026,0,0
b7f86fd33cf3efbf31198caeaf45f399343ca667309855039961437cf8507e66,0,0
b80a19fb5e7eb16237925ae5c0febb854fa510062c0bdcc99bca9873c75c431c,0,0
b80e5c73797c04ca3a7d065d66aa8b0b26cd05cabf59506bd93f43201ef3a82d,0,0
b8104b3f51e38aeb330dc9f3b8b13175fd33b23fa1858f0b0a745e68620a43b1,0,0
b81196437711e00684587c4d1ae002495a4f430a35559e1a95c4ac8f98631135,0,0
b811d80f40c1a41d7bcf0b747f275eeda31862dcc13c80400b28b406e06a9260,0,0
b81aaf6f1808cc9af0b171da170781fdf470d737c51a5a0289b9e016babff610,0,0
b81e9699f0d70713b8f5bcb5fe4ed70e064f71a7eb9e5cb3db48f88449d2706e,0,0
b82b5009a5efe3c9be4af374ed794e7bd7e0f8ab0de63d08f39b785374044032,0,0
b83290a70c1f133e7d823e4904ddaeec1596fbc36a726ac19c8472d097f45806,0,0
b838360f2d8bf1f5631550af7c4f3671e10706da605d224bd26be64b53b8efcb,0,0
b8395b58050b9c0ae18f0d6a7f0e1a566b2a25bd9abe5eb06f0b1c7570c3647f,0,0
b83cc5ec43c7823d25c96383351eafc042ed1a293357417f9efac4de0df02be3,0,0
b83f1d27ec61a2297e2b6a583be47ff5bcbe6186a7fa7eded93da5c159a05a66,0,0
b841a5ef4a70087b33b85a20d6b838eaa9c201a73455b7af501104c037e124c5,0,0
b844d76c007926502752a4b2bb0e2a1ec565242bf47efa67b96de09c654370cd,0,0
b847897d88ca78d233623de8fd6cc3a6ed0b0f8ee48df4c59d758032ec2b86ec,0,0
b84f33e95dd10063cae42bfeca1c57e0b028dcb4c02766ccd32a65ac84a5437b,0,0
b8533d0d59592260b1704eef3eb9befcfea40552ab2afcc977d99f93efabd266,0,0
b85bd140da6023fe027a587bada24b157402eee2c6e97a84858abe7696777a18,0,0
b864ce4adfb2d3f3d95d402f58e16bdbafc84c5cd7f1b916379e40ee67d5caff,0,0
b8761540935664b1034baa6665ac92408ce601133ae21602ddcdc00d9c6e0dca,0,0
b8868eaadc358e8f056022665d52f905808aff3a3555b530272888adf4278797,0,0
b8869c5c3b5eef9c4f6eee74ffa49437a00db0c15ac63f8bcc2fe192921100c4,0,0
b88a9638c8c118a771c2286dd68ef786472da467012ec01cedae843ac430cbb7,0,0
b890555e44cfea035e6ee46f6b0d5cc69d8cbf5e3910603802c5d8a1982b1fc1,0,0
b89ca086456cf028c532e3d02dbd0e7472cecc6c65dc5f5538c69b8e6b5d3131,0,0
b89ccdcbec61e4b194fc47496e479cc15d51fc6da0024014941b931448fb47fe,0,0
b89e87feb030faa7a074c6dfda928c1adde251162b145c39a413d9842b889b26,0,0
b8a7e653f1523a4fef5a6bd6513e69f7d3938787fa3830bb193cc1b5677387f0,0,0
b8b037e5d5c09abae1ee9251f1a3d7b3091d4aeffe8e6377c0edf0324686047e,0,0
b8b05d14a4cdef05cf7de9c4927b7dac4aa7ec162fe4c7ac72ab9faa1e84faef,0,0
b8b1119f1fcacef5c305e42da46ffccb012e62a953ce37da772e9a951dae6285,0,0
b8b66836184ca88d425ff3812c63b3c3e2d24f5332ff486545cb625b6ce1a811,0,0
b8cd3c6c3fc717bb24aee409d0f1bbf4fe00c8e1523a5516f45276a3cac7bc1b,0,0
b8cdf5186bc22238abb3577950935d5e5117cdab80cfff59849e3ba8d90f2d6f,0,0
b8d47e0de843c7e2c8deec7a03e1129f49e92f3e8f7c419d350f791156b14d45,0,0
b8e262db041ac81af9c842117a8ee5e60f115f59e99bc359502b779997050c4e,0,0
b8eb89f560e2d74f8dc289f27d3fe52a54eb71ae29f246d7274eb9d99ea11b99,0,0
b90a548cca5eaf236db52d36ed3b5b6d14eeed79d7764cafaf74d6e1b2761f7f,0,0
b90a8611eb5be9ef56d8f445df2ee96dcc82ac5634581a45cb3bf134c31c5079,0,0
b92255b6fba25a638e657c9a84e57b9411e32febaa49edb08c67d622c2432b29,0,0
b923dd845cfa50f74680104d2a84bb26535a849f2222d33faf1ab0d0d67a042b,0,0
b9332cf0a03d4ad7f632af2b40eafcd4656e23a1acdf3cbe5af021606e2edd7f,0,0
b935d2f0aa1049dc5b211fe4219fd9a8a4ad280670e04761a919e05bcf8c804a,0,0
b936399fbede49242e0d419e06799acc36252855fc6e1637ede4c31366c1eaeb,0,0
b93ff74d78259cc548874305610f000280203912dff66d8ca094b25e9ec01606,0,0
b95088f0a4c1bd9d4945472ac0d91bdc6078ccd6e44436ecab891859f0f15925,0,0
b964f0e8e5766a1e872bdc45c46cfe14cb7c0097d4131dd9b8be5b849f776f8c,0,0
b96ea0baa417ed80efd09e7fd3d58e1659ccdc20e1054c843a91a08b0671a9ea,0,0
b96ea5a0cbeaace29283b0ad2b20407a8f8ee103024ea5872c0a7a375f0dfe66,0,0
b97bb2eaf7a8c990f95875412a74ca625d8b0dd186ae1ce6e150e2f6646787f0,0,0
b9898ee575636ed22a9d5e48557d87767e0e1ac7e43fc5993465ac4bb48d5aa0,0,0
b98f1117169524aaa30f1576ae24eda092a736c7cb3dbdbeda29d4595ae556a8,0,0
b997b94eab5a0b2709001692bdfd7fd09ab60bf45c627b6f1bc0fd2545c2a294,0,0
b99d62250fd5700d470ab622303e414d373bdc5fe60c10ce4d414212ac88d507,0,0
b9ab847032d664e9f1410cbf1ac8ace79b6b6e0ee23d47a83829fcf2eadba303,0,0
b9adda5014098c48328279c883a956aada1fd53f1ebfd52454a69c3f4d591734,0,0
b9b92be78230d321f83c95d05f50101d1a0770a4d424f9fc45eabfa7599dacd1,0,0
b9cb1d1321cda80c7703c8b09f15a96adc83c76fab846e32294014ed5a28c381,0,0
b9cbd5f240323b80c6c211dd32c90c638031e568695d9dbcaf08f19173e3d597,0,0
b9da9279c1f6cd9b1a0567c0734e747da9d1712d6f2c573b774e66e7c707fd73,0,0
b9ee4d041513e114de7fff94940aee469fab02b53cef222dc194f183dbb8478e,0,0
b9f2f7c4e4691389507a587f82631f019fb97576d609c884a96d2e17efb60375,0,0
b9fb03219055694328a7f61318bc3a6f36dff205cd4709c4e94e843454b57504,0,0
ba064a0b78dab19a63f1209b46da4a3bf7b70083b8674e0d22097e85aa758e3e,0,0
ba11e95fb5fbfe61ac5824d24c0b1e961451767aaa8478c5bfb8dc93103fb51f,1,3
ba2a4a0975bd1cb594aaf7629f08a35f259ebb7098471772de01ea62e35c37c4,0,0
ba302f9b8c48e7ea4e492935470dd999fe504811b767fb9fbf5fd834d4dad9bc,0,0
ba4a56ce9d950728311aad569c90f8c0dc127f06daf4c1d80dd9767c9b1af1f2,0,0
ba521dcc1e11d1dd689698a277a8c778fe4f151d2777c2b6d21babacb7a6df75,0,0
ba57de82ad57b6e84d579a7009a8de776d55a55869496d649ebe86166134729e,0,0
ba71ba42459e458c49d7be98e9336151a1514bb63a72de6c133f068088be2eab,0,0
ba7811af9dc13cadfb23002aebd373fea88a9d6689b7afd142dcb26b7bee6ecf,0,0
ba7874b91a430fa3f75aee90f937a5bc879f1df55ef119f0c05719a88e474a64,0,0
ba7e94af76fd2705afc002f117347cdbb22758783f93615aee803a6dfbab89ed,0,0
ba800c7afc74f5a4bdc68e701e751aa0313fc5a5bf1e497267d7f8404d759ed3,0,0
ba8a88512f963e1a2326dd5e2e19a4277bbfd501ac2561bb9096845fa98cda5a,0,0
ba937cc72e9a30df16ac0b9be2dd2dfb58be34c0fbc6d28da2d4ac50c2cc7056,0,0
baa488a59ba54591bc1d279acb0946d2f186f7770225638546150e3c00dda493,0,0
baa6bb04850f60fae1c956c0139dd687e1ffad588cba6cc1777a4c5cbb215403,0,0
baa8a5b0947347bed116d24f7c2f37807b49101c076527fdb32d2e87a3e3e4f2,0,0
baaca0424e82ad8719d0e746392a95ac36158f27c4219a2158f5dc37b712188e,0,0
baaed2077f287f4f70bb2b76777fe9ff76460a6208e8c471fd91a6f952930304,0,0
bac221e81f47296cfb1899340579d34fe7c60f5135aafe4fc831b19c2e24434e,0,0
bacc09863140f13cabbdb8a9cd52bd2fdc203e31e11a9ba4c853db9cebe89bd5,0,0
baee7b813065fb2727107424e58939b4f125b1e32de32106baefbf9b81bbdccf,0,0
baf64f01b5abbca0837b160251ca6db57c1e1c287f7e7965ade8301b9d391fc6,0,0
bb043ecebf4e2127f0ad223403c557a5291a057858583b7da34205e88e759e0a,0,0
bb0d010fb6035dd89e3611b9292ae61a872a9e2164bb92840f35dadb5134884e,0,0
bb2af17703672b3fd36efe95e0a63c9a19f20e77dcedee30bfad6b1c3bf12d4d,0,0
bb3926be0b7973d44ce123b52047119b08562d8683a6649dc00522b473ff103f,1,5
bb3b4475e40125c143f7d1cd7fb32e6df7f3aab42e60323fc7e2b5a2f4bcd94c,0,0
bb4451830622797f69a5a73df6e21a2b653d70f1c7efa858b68007c3b99786d7,0,0
bb51a28b58e43bc275c6b4c18db50a66ec046e52171c3cbe0ca47b49e24ea7f7,0,0
bb6696f6a815047420ddd038db1ce754f992e1030158fe9f017657dd2c0b45d0,1,5
bb6971f13d07f63890269a4b22326afa5b3f88ce80298654b838855bb630b615,0,0
bb6ab4e2a7c3239463150d53ea4736a443a52ea3354cbe685cd923d0d7be5bf6,0,0
bb6ff66ac076b3dba78cd0b98892d1cc31b782c871ea4b80a95825d5dfe795ae,0,0
bb7026f5d1c8e8cee6f288d56178a2eccf22b6a5172b1fe16a2e6fea0653ce89,0,0
bb79d7645a0d5857a3c15d0dca0921e55cc4d80379eace053e25644120263027,0,0
bb8aa08a434497ff73589ea26dad2244faed3cdd8db88a93b6ddebe415570f44,0,0
bb90e8e8d92be24cf0922ca4fc705354fee7bf5100b85b21b072d1b9a69a5d62,0,0
bb96a090e48f951baef7b8eed6459501857364e9124e5f30f25706d09ec15ffc,0,0
bb99cc602f65e5e02b0ef84fb1f5011779276421ef3f65ddaebff57025fe33a8,0,0
bba382efedbb406070c444cd361bce540bb511e3c9e0434088b84eeda615806a,0,0
bba8fd8fc1ecd90cb3aa28c0f2c5f450ce4211b34db6356b2916a2e223f33fde,0,0
bbaf61ad2e831140d12a4076150f525526c57f1bf18550ce66e22fe010e21978,0,0
bbbafddd0fc02626520dcd9aaca097a7a87858b83fdfda3d20a3f53c6270c848,0,0
bbc03137b98a67f476328740ce7b6ee58b357523e36911573152c1abb3a3b3bb,0,0
bbc35719347e28436d4e7b59c92828feb6f656eb1f8415b926d42b619b00d58a,0,0
bbcbb1b635281ceb82e51d83bf3317e0be298b35a4c246497330c120b19586d0,0,0
bbfdb6d978b11d809b979675e604269d23cc1345e148e723290b11b3621e19df,0,0
bc011a8be22746094dfcce0188a906a454aad7adef22e8b63aec06bed5980ffa,0,0
bc06c0c37c7a4934510e45490cf6887f3c6cefd0152ad00fb9ba6a1cfa72fa2b,0,0
bc0e5e98dd73e551cf15bec1f529d0647fa830985712cbafada001ae1551c403,0,0
bc27bb0c3e30e900510d117a2e5faec9fd63f03cb0537a594fbeb47e97c0b031,0,0
bc2a68c6d20ecb57e4358bbb00a01034921348bf538db42dc93ee751aff4faa0,0,0
bc36a6cf9854d4df8d8f9e7d1306f94bc60d49a14be86e83b20b9aa78a8dcbab,0,0
bc380fd2185c0016bd347bc638322a00ea845480a5fede81a72c9bcd3057daae,0,0
bc41a440f6041622bc219775e8f660726863e060714757d01b69f86fd29a99d8,0,0
bc6697c008a9bc19212a96453c57c8df7531c9d9eb5d3678617d43d28031535e,0,0
bc6a76349499f867d5b56992c3cd9a51734400541a8839f08b7db905df33f232,0,0
bc6e27d2dba9b75301357f7a9fa34ece121203d93a096238fcab5ea2d5209974,0,0
bc6f69391da64d26311c55376413f3e1ad77b80093ddbe07ca0baad82025813f,0,0
bc76dff261d996f0b97262d7e01d2d749fe66840cf00dd324b654bc007f700a5,0,0
bc79eef3e820f83db2d6f8f954984e2df18660e73b1600c192c1b085ad2ceae9,0,0
bc7c94fb9cc19a8d4b118130fe2e88f3ba7f98aea7e1da235a78fe61daa50353,0,0
bc7ff33d599fcf681903d0daaced66cd89546eeb8a554f0588df749a75d37226,0,0
bc81e238133fe42b78381adaa2ca595f141c13812c1bf099f316b00b75340ad7,0,0
bc87a05a994b50373c18c9ed78fd7e9caa2b52cb3d2c9d93a060ddd7266a3af8,0,0
bc92ab0766b78a621105f027073e399a434338022624b4b5869bf682cc7cb695,0,0
bc96b4b1dc02b2fea29a946725fdd4c4f08f5d8a583edf7c72fd251b2d64d7cf,0,0
bcad3473f6596650a69c566965be8d4441df18269acc17a4db68c7744dd14ac7,0,0
bcae52485b80d9838ffa0df7c4f057eebdfcdd1a01ce94555c4b6db7b7955eac,0,0
bcbacbe5a5537962129480948fa8fd92bfbd39b8d86102629e4e7609c54df9c3,0,0
bcbb4b17007180efd12b213a1dea48177baf0bdcc8a1257099a2358314f7defa,0,0
bcbe9014b313e1e317fb573e32bb2166397c6234618cc840297b6163524d5528,0,0
bcc394cee9e627d112351945917a6e9bd20376971f595389cc152485e17a91e7,0,0
bcca5b0ac12dbf7358f149b7f859a1bdb94b45713cfbd4c383258e1da5c262fc,0,0
bcce00638ea6fbdfe4820a85940d098c224b9c83cff85b14981945d799af1747,0,0
bccf13ce5cb9ee3ca8480507b518273fcc600eeea237d027952ed7f0f6cf7142,0,0
bcd410583ff36ac5bb9153ae60d6fa288f83a4adab5a28f14816e745d42e6a1e,0,0
bcdc5b42bc4af061506b38f4a3e32092e7fbc9641f5d5bd0521ecb460990d214,0,0
bce437e32217a6658ec13459cc3e668946900612277d559784aaec9a8f29589f,0,0
bcf82f406a8bafc00695f8c12e15e11826c8c68dfd22608222f7bb6675dc542c,0,0
bd050dcd4ea453e4158b612a081e513f68d579818336b3e6c8d599421e88f1cc,0,0
bd0e8a2c3e6de29ab1753596a10f140e3a3d60a770a4014f99ac13f36151caf7,0,0
bd14b98f4aafe6db80d1eb8f14d51172e9eaaf5453f4fc12a0958987090984c7,0,0
bd20a018c21e14dfd1b2c91f08b62794a65d9ed74a57a1fa283940d17326bb01,0,0
bd2bdcb67b5767c939d874502d040e6b0a6273ee706c6959dd4893a08dca7f35,0,0
bd329356ea9829f06039fb1d26f54d83f87f92b235778dd36252787bf16797ce,1,1
bd3ce445c705c77bd222a6fc966126881bd098def82e9707f8481cf966a232f4,0,0
bd4197252dba67b1baff5b0188c9a39e61b24b5bece9dccdc3ccd654e540ae56,0,0
bd54d0199083fcbf09c940cbf807b70dcfa85f9727cd42937b4b578515eb84be,0,0
bd5b936181d2ef84d6f254f2d89198855f308b93c7a444ba47b3f639d5000e7b,1,3
bd5c6762f04d4cac90a47289a720f607b1dfbab516b858b91e8bde6c35638727,0,0
bd656328441c17fc1001f9ca1ee341d81418b805863052775385efbb1259eab5,0,0
bd6cb8abfcca7ca10960dcd70a607d0745d67ba422dc0332122eee69da79137b,0,0
bd6f95c5031fb90a1386c3fe1d88533684f2e7051fe28e074216261a58f44c3e,0,0
bd7044700a04c793d065dfbe1e7743ea211c35f6f1b51eccdca987382b276619,0,0
bd8010a17557be612e41501b4d8ac8859babe599690eaff1de6ff477618a2300,0,0
bd8bf9827e738147a65b12dce9f898083a4f7c6083576c70e4ce9cc9fcf795e6,0,0
bd95ef5b803dc1010be617fba4e6cf0771a19b74f01375603ec3d97bf26278e6,0,0
bd96af3cfd085d01f95cc2d221ee091de6326af065b7eb5d441250f688b45647,0,0
bda190aef6526b17786cb0955b9817dc7ff80e36e0d9046da41f3e2e3d123856,0,0
bdaadd12cd67d08013a5d61c80ee383e0a135bd0556f60322de447fd0c341309,0,0
bdb942f14695638225a91203a664ae78adda5475d0a3da4b4a43bf5d692e94e8,0,0
bdbca0aed020fe11e364feaf2effa419658c1af032717428f729addb13462a8f,0,0
bdbcf221db6f95c34176665f1b36e6589b4327160272d475164b519d972207e8,0,0
bdbdea0165f38bd5a29590480572c461fb79d5e147022e62c2e9a42bde1ab522,0,0
bdc239527901cc0956a7e11d78197c597d993bf78866e26d5262c00ca6c57ef7,0,0
bdd06241baea661af355db67da250e68cb7bfddc98d655f9b3b2d337254bdfb8,0,0
bddceecd6133068af8a7a7591013f31d77fdedfedde027c5b6ceba3b261da431,0,0
bde6b2312d767eea52bddafd42f1e74480b794ba2aa1ad8c4a9f9b4792b8bd02,0,0
bdf756d243a5283c3210c7ea0699e14c600ec99ba9b79627e6e3ee5085e37645,0,0
bdff3af88dc24ffe78109567bcfae1c13d8f1364bfdfbf9d78dbf45fad9bddf4,0,0
be03ef2ab1fa192747e677eea8ffc35546aa72c2d66c550f20199f2bbb0ab6cc,0,0
be07ae41b741c09c4b7cb6f3f0a4b14769966540139c267676ddf55e8c9ff709,0,0
be11aae2e5e57a6e69ef2a03d9b3e23462c2739c943a59ce9c1092c5d695643a,0,0
be224dd76d0610a3fc1b7624fc1993759c0bfb9b27e0b284c2587d02c88c0c44,0,0
be2d3c846c33b02eede5434f03fcf902e35519ccbb924c6f78bc90c4bdee859f,0,0
be34f63421f69e06d9fbf56b3e8b5f425c7eac691a8f6a917787576fa316861b,0,0
be482f461184716e9b428c610cfb2b39a88abd2db623a6a8c8b816030346bf51,0,0
be577a3ac0f40d8ef0f23d75067d19b987ef7715198d255d4cdaa5fc88f0dbdd,0,0
be60182580b6196223ad28270d1a83aa68c5e1890bef98f95c37379bc8f448a1,0,0
be70dc5f967e706e10fc1d4b9ef978385a45b4d11f514d84eb54e8147449d408,0,0
be7913e08d99f6489bac246a86ea82fde791d9600010040c0af2a95705bc69a5,0,0
be7c41d6ec6b6036fae5151d264b186364d1cb2ba567d2afe04aa38ded9cf7f5,0,0
be81a7964f5af197d366cf437f7ff49b4e36bf205bb2fda7cd81c955bf3e58ee,0,0
be82f56c63429fdc507dd3f72a9a4f9d70f9dc22ae14eea722fdcd825caddbff,0,0
be8efec3b41abd4d24711f2b2e23925f57d90eac0c85679500121fe65ef4de13,0,0
be93ffccd8da432b148e7e7ca24f99345c405584ce7b1e532219e339354e3a05,0,0
be9591198099f52df019d8b499f386487aae5ae0d4e01071dad0c4f3dd35ae72,0,0
be9b0c81175e625e6357b7fd2d4f7c6cb14caf9ea07a1e17df8624e9d0266880,0,0
be9c306328d7586f4024c3e47a2c451adf5f7d5b204e614d0db3a4faa728ea9e,0,0
bea4e8b8b0b89135649e8b4df928559dfbfe3237eba510506c8f08977e74415a,0,0
beaf73a47d77d687cb135a7f1ab2b779a4a9bb55c1579ede6b9c81292fc34a40,0,0
bec1bc823e888dabd9f70c0e41e0631803bbd28ef42ad3b7c042007145ddccab,0,0
bed3891d7d51535c73ed2558872eac742ea903825664d1616456cc7d5901ffd3,0,0
bedd1a0738363f869bf7747fe51ad178cfbc03fb546c8bc8d6ed93050f1aae02,0,0
befc8c5024029a235f4b732b30947fda0ea90b37cf5a93adc6a7f5fea5b3e84e,0,0
bf0100c6765ec08a1a453d755dd28bab5c9bee878dce637dfd868fdaf3093e7a,0,0
bf0c2f5cb4a8d73235a5ea50603549c6fe732c3aa9f535f273b8217b3ada12e5,1,3
bf0f1a333f0c185d7ecc95aab332a036215f2c28fd4ddd7565ea1e94430c5ad2,0,0
bf1b33e34604637b890cece9604f2c97c6ec81c9ffd8c98f872d24a4fdb46617,0,0
bf217bf1620b7f2b79d4d88dc77db368ff5fbe72e9b89b2512239e59f73246ed,0,0
bf2dfebb32c81bb27e1d2894d16e7b3990ca05dab86e4dc5c17e464232239569,0,0
bf2f2be0b929a40b7895cf1053a1647975dee2f32dafb97f72aa9aba533dca77,0,0
bf314afbc3119e174904900e0e490e2ae9b332ce1ab17ae229877d4b00549862,0,0
bf36a739c05387a03b331cc6332d3360ab27b3a3a70bfdd41c1d4952ce1ef499,0,0
bf36a7acc3cc85d0bec9582c64c8177c59823876dc92f5a5c7ddaa5ea6dfc7e4,0,0
bf3f9d2badf889be19f1583ab68f1c24fe38562fe4dd90b78f47fdef1f7aaff9,0,0
bf4c4f23a42d23c0e59d6a3a91d7475ed2de95e7184ac0cd40567d0536237fdd,0,0
bf4d4d3c557e4c1157009723d136fce59a3a75f407458722a1a5e234e8092435,0,0
bf5f36dbe7127950f576d809f9158b3b0fa31e44da4b08f47bd5ab2485dfb986,0,0
bf62801041f0dbe4d2482512a407fdc2e32103c56be4544a13c2d62ffa9f5e5f,0,0
bf65a8cff2c464961f29f1096c395040b7dad0e2db12a941613d3cb9bba1e2b0,0,0
bf66f23bf98a3aa72813fa2af50f235b8271663f2008c568d4a625a800cebcf6,0,0
bf6feb7b5883835509d497edea1f42d0dd55a63cb17d053f21837cc03e6668be,0,0
bf73ac0ff3657a5ce241986dd801dee77c9335d87058134fd32f3b1aa64c1a6f,0,0
bf7d1b848c036eaeea1b9a6864434680d1e7f2027727d29e1d7b0beb85ff0f29,0,0
bf91b13bf6931fc170d767687dfe20a65bf13ce49ea807d00b19ef0d75e6e6d0,0,0
bfa4b4b299e6b2ae411c290710ac662d0ef64119875fd9af9d46e4660337494a,0,0
bfa5057531abed21cadd49e6b3001ef957080e851e5a05e5d0900fd819e0f2bf,0,0
bfaa6c8cac1e1506b398632f8afa56c4f1294c9153ee54dda8e58a46260bc22f,0,0
bfb525f140b48521868cf8cfb60ff487abd3b6b499dd87498a6a69aa778c40b0,0,0
bfba22f695abeabfe1a9a5d57c11d6aba68b9714b59208352d930917603f717f,0,0
bfd1f9b3ef3e8cb501b1e75d9f07bd5ca5498f9a5012459d999546b5d2fd5893,0,0
bff01ec93da5f19a613f88f6d31c15d4c49fe2a34c09c30dfcb95148077a4c88,0,0
bff54794f2b93894be2174c4fbb27b51abe2b603281e8a8ec09f9fffc45e6d29,0,0
c001a97f5e0f2db8635528d6bec3672d7f7bcaf947e0198d8640627902ca5a61,0,0
c00b615c28493f9735a610c745ba6d8c091ccb721eee3d1169ca687608bee7ca,0,0
c018262c7f0fa9ffa6ef46b55ace731c43119fc11af2d1c6114af19144096439,0,0
c01c82f0b2ed589ebaf2a061426b57377e430ac5e1532293a2b26cc69d6fd695,0,0
c02fe4f95a5e37d48e187f9160ca6dc885723287450bfd4103f497746a1db973,0,0
c03ad975e8a4c20f5c66577ffa86054c2bffb7c0ff3fc8563ab94421fba9867f,0,0
c04064c7421782d654e13d59a2dcf614882fd1dfd66a48e72d913d78992b8a6e,0,0
c053eff9154373e574877418a5daf80fd5fc7d85f9644d2091c4269ac3e387a2,0,0
c0600ac5c804f8256b6bd894583914216f5cbcb07a55099415ae9ac170157351,0,0
c06309d2ab1c52e376423995f423da7d443d47b2deef7ea991aa7ff3bd657c4b,0,0
c068e621856bc3fb06ea1bc23372d56b2fa638e17b221fc408ddf59bd64c05a1,0,0
c06e6beae6825d4e0ff45f64870e34807cbcc88efa5dfb3d7e6efb13f9c18ea6,0,0
c0730cc3b7763af30f2636dd863cc20c10aa2aa5eb345d0adc27b3ee6a6850db,0,0
c077e1a7394a9bc7192f3c9cf49beacc37ee410fe24e5cd8e2e0e29c39eedb66,0,0
c07cbf4f76752e77178016e75fe193f69340e641a21fcff7c007b016fdc51044,0,0
c0820d9cc56e9b4f851f7fe99bf1bcecb4ece6c36d08ecfb4d40e542d33bfa2a,0,0
c091e73e37e0696c17a743da2e3867ec2df0d0862fad0888552b281f4a956765,0,0
c097aa87d5f01e63dfe395eab6a56baad588de4e9b0705fe07aa6774d0bba713,0,0
c097cef36dc9869e6e20991ca3fa463504e91bfe800b6e034917b1f9094dc494,0,0
c0a05415f681f6a9ea71de1726d71c71ce72afcbf0188c27a339d56d0dd2b961,0,0
c0a1d46bf275a2b96230aba38f6afc2126291b5dff91208674e17bd6d3a522bf,0,0
c0af2c96b7c046d2f987d39cfe826da4e1cb65a0d546728de2bc4bb9e5cdb2d3,1,1
c0c777f7d37c6282ac77e461957853170323bbbf3b228f09279589259d2afa91,0,0
c0c9d4eb9438000f3f62869a359510e8836aa3ce74d2d55061d024cc16be9be2,0,0
c0d04ac21731f9212a829e939fd268fd12dbb10678ae0523c1f05d8a2edfb61c,0,0
c0d1e8a6f5635c3dd9eb45d2fc636bc5ecd98133a169d7905880ce68725b63e5,0,0
c0e2a41d6bd9120b3f9ee4549734aea49b517f38a4f6ec233f9731ade65c8f6d,0,0
c0e2fc503cbb60f40110743b2b9cd11b76c90922663e15644aba45b9e5d123ea,0,0
c0e5637e768d223651f35bfd8a1c1d5b6c85255cb9062865b3bb7818c1e72c58,0,0
c0ec931ae582214d75b941fcd05167eccbac0730fb6b432d9e4f2ad9394146ba,0,0
c0ef4343de1dc74ac02714cd11e9c04aba1c0d5f8969e37fd1d326f887a9e0e6,0,0
c0f32990f708a733c750e0a1bad383858fef80e96140f8599f408da94384e85f,0,0
c0f3789ce302061dc623c27bbaef1f7d0c6dcef64ab5c17cd42fa1d02a431ed4,0,0
c0f8a90168609cd82da2994bd208a735f928503ed35a3d720d1a6c958eb161d3,0,0
c110208a0f61f9aa5967afda2f67023a976ed5593844a79bd11cfa0efa03c705,0,0
c12c89eb701b8abc32483f758f7a907c724d07029576d5c1b1146d204c64c3f9,0,0
c136ae3625e7261a88538e3fa655e822e8474cda2b0b6e8dad4cb60d10c03615,0,0
c142d29039e9ea451b2cc878fa4eacea11ecffbab48004199d566c541df00e02,0,0
c14b1b98733a1382752a0f415cc6ab356231b23865d8fc28e609cc0beefc1294,0,0
c161df3159177476144ac9cd75731cd0016cc729459dbfb631dc03beebff8bab,0,0
c161e5840aedd76dddb24c79fbc88aad71930023bd34e05ae95aeb3c62a072cb,0,0
c169f35d6ffba56dc67997750bb949ef7cf3c80ed77f62e337d55b9f74a535c8,0,0
c16a22ee5f703b710c91f89dcf9f98cd013dbbd50a7ebeff897763cad180dcf0,0,0
c172a2e6ea916f04c7411b0dc2c3fa180c49c1a8e53e72ee8f2cc3737ac2060c,0,0
c18019df5fd0da31397abc7016d5faef7364cdbda745df894d58cb2346fd02bb,0,0
c1804a693e5037a8e40062b4bffd5691f0d2a4a5ba77b4b4d6eda69b69810985,0,0
c189b2e139d70c7be46cfab90b0a52180db515ea9ed8eb3851e0777384fe0c4f,0,0
c18c4840926ad81a18842f1bdb4a0207ee420fe53775a05331fd1825736a5e3b,0,0
c18d7c55883957abc2e2f042840a52aa8d2454ae418fe029e6fea816bb69e606,0,0
c195d4fdb926bd8c46035bab6f886f10a7e2919c5177ae69163efa895114d93e,0,0
c19cc0a1483b70964dabb1ab4d2f89f1e55bcd9e89d291f623979710f043d013,0,0
c1af2eb85138f38eee2cf892a7ffd5058892e6a5dbabc2f3fe9996fd1950b27c,0,0
c1ca6889a163cf032e513059ed74c33b13d9b1ef7bd4dea1cc43a7a82737e11a,0,0
c1cb26786f7510dc2d92371fcefa383a88600f3248a35becc7f64c0b80bd5d95,0,0
c1e0a57b4cf37df5e94a469c096ed43285362324cc0805ff68f5834fe1a366f8,0,0
c1e2207fd366325a4bc400f96b42759d68154e5772853fd46c936c99ef72c417,0,0
c1e2faf566607d67b2a12ebf7244815284481ca728cf3d6ad816038d64043c8c,0,0
c1f384d41b6cebb244818bffa7b9f6be8bb01e2c56b8c09cc5db25adc6990dfb,0,0
c1f856e1a14878eae7e2ab5b323448e649309308e2c8a30763953c1c4a8e4d5e,0,0
c1fae6a46f79a976e758a1561dfdfd0bbe49ebdcb74897e2a12f7d01bbffa638,0,0
c20796b2016deda2f249492f5d6323f13f28d4c846fd3b65198161ce843f2bf8,0,0
c208d53057ff949dc3238f85aa0f432d384979c46fe085a21014b51f19553f64,0,0
c20deb339ae8e16cd1fe09f15eccd0020889cbc846044a9e7c92e86e7c1acd83,0,0
c20ebd4e8739c0f5482ef835225d7d419483981153879df86b4cdac097449de9,0,0
c2106b5454698670ff7cc7f8087b9106c94a5747f62e295929d6a252c566477d,0,0
c2154efc183214858a0298f8bb6027311303ce7b502363c7a9cc0980483f2b69,0,0
c2184fdd9af7c5efa16ac987eabbbc1fa871e260dab2c67e7849a4034a788d8f,0,0
c21a4a148f3ae619201e18dc283b12dfcc43bd070cdbb8cfdee59f95d1500ffa,0,0
c22252102b29d7b44a75cb7d8a9e38c3840b4fa78e79431829d6f4ad6f5e3ba9,0,0
c2241ded7002fc00e3d04cf4ace0d6f46a1ced2f9bc2889597b2ad62d88c500c,0,0
c22d6aab8f4613071b8f6081a171f9f09dcd5ea2a798a58bc582289506f8a3b9,0,0
c24fbf2686bd7c97a461d68bd3445d6b677fda36104312b4e25fa44bac19865d,0,0
c2546e8ab33ce35acb3a90e2ad7c100d8d9aeada85673780457d63dc894425bd,0,0
c25acd37aee13bc84e69052479d34c0cec389bf8ab000af74bc7247fb32e6a1e,0,0
c25ca62388280684d7e722b325faad19a190e99831034ec1b12d4ea2a32de9a3,0,0
c27854796f81631db90b1e9dec1403a4932f43052359861f5c0246813f7fe927,0,0
c27eb9d6285a109bc0487f6a553cb28e668abf5b7c74fa6b4e161eb7918e6c47,0,0
c2869a87735780abbc7ea83e92c055f906ae001df07ef2a33f1b2d1a348e6edc,0,0
c29386b3d7a86a2651fc9dd33b376f174fbf1ae781d7244062a786ad93ba407e,0,0
c29407ec7b42cd554aecc9c75fe2724e65c8af47ae3e16199c61326c67e2e409,0,0
c29c6ede9992d8bc697732ff63c937db599688060d54e8a2bb90b8ad3a64a8fb,0,0
c2a8df2ba2c89f0c0862140adb546c3092b07b60a503784e89b0f90a55c024ea,0,0
c2aa4c6f0223f13e0fe8a0ba694ceb3966ce0b2ae53b54017eaaea010fe10ff2,0,0
c2ac914ff1c6082a9dd55919567b169e06762f4f8635ee31fba646d586fe9ca7,0,0
c2b03e10e279888b0e027f3ba0e28b9152bca379a093a1c2d6ffee40ec7141ac,0,0
c2b57f594537eaf3f986169e8fe7418043979c2f30e4110abe49ded516f6cc3f,0,0
c2b8b609d6c330ba35a4f95be131b38d37909de25643b10c1117f9013b0afc4c,0,0
c2b9d9f05df645cd23f0daf34eaace7b8614036b6ca0b0e83bf9f9672ceebabc,0,0
c2c75126246c2561c1ecb0ab1fe166a1096c4a26842218e052f04b3782545a63,0,0
c2c7cd60d808ef1550550fe1bae4d8fd225d92846be3084e09ec01191668ea3e,0,0
c2e03a4262875c77fdc72a72e1745857da90286712d56d00a815bb724d2c762c,0,0
c2e1e1bd92219f1b7576935bdeb4cdcf71f332ef68984108b33329a4af32ab44,0,0
c2eb6e626123eb978e210969fa44de4a0f09a50ee2b1a848f03d63443e0cba46,0,0
c2f2ecabed04de00d481424475256b944ec943010f8211819fbdfb3dd216ca98,0,0
c2ff2e21c960bddb3688d20627028938de45e1c79ef5bd94cb5ef5b7bae49922,0,0
c30d47aa93b3141da98cb8a628946546394652b646561a70f2526b19a9b2b433,0,0
c30ecd671a5315313c062681f0aeff4ed330dbd51484f9596330e9e88483cabc,0,0
c311bec744afdfd60556c442ab05f6dcc92eca3db43f457d8af205057ab3631b,0,0
c311f3aa7fcc19e85b94250d205d134bcb47d1926a635d85df445471b28bb27d,0,0
c3146907e1769922e651d3702ddb73fea047d60f30dcef32b820fe3984f5f0db,0,0
c3202342d45d12614307cc5a37ec3e243bf37f73e9112b2e2a6c86b729fb651e,0,0
c321d3d0bd3141d2a2eb343347a4324847d832972b01baff46b05313b5d4341e,0,0
c32353208f5348d9da6e3f13a2c1ad5e9792815bbab720c881c75cd55548cdd5,0,0
c332b8a44bbd14a7fc9e386474d4fdc820ba0e6277ef59c8c97a64a4efd5f09e,0,0
c33617995fedbcadca5e4bb8971a8d6362577aaf2a38a18d819ba6dd8822be22,0,0
c3405e8a911f46db0908f59da919a26b991134f7d90078b26289ca24dee820ec,0,0
c3418170affb49f10c0525b0590f00daecbcce842122094ece7ec3525a4d6cc7,0,0
c342de345c2a7a27bb93830ff26b88192d82084de05dc7e1d268b5f463efc866,0,0
c343c9c5349be74343c62c698e0e9a4c63e34a456de13377758756131cc11d77,0,0
c346ca143b496697ed732af38bf16f22db89bc114d63dad68cdca9d32aa5e4bb,0,0
c35a1c0083883fc06420bdba9b69ad849656689ec9e9953387553cae2379422e,0,0
c362f76ab74746cc453cdcb5c4595f045c582a7493eb68ff1664416f4ea4cfa0,0,0
c366dd02f2775f6acbd2711c8ea17ee6ad3b357f3517c1db38b4b439482090c3,0,0
c37747c39a88554e5b06480f2a5650c6c3608ad1dd7cb8d0ded7fd57a487d61d,0,0
c3778c3753ff188d0fcb1a901e41ceff070f38093ca8dfcc0fd669ee23798ab7,0,0
c37e7dbd49132ac15eaf248f691c4debe9eee65a8471d6cb14c8d09dc2b2a8f5,0,0
c394a8d172fa00827efab90c248051e6d55229a1dd35729db963bb39aa5f8bfd,0,0
c39ae714064f9fb43a8b1dad2ba5476393799b8d9a903ec16b0b5d5210e5e292,0,0
c3a20a94bb1e8e612098b20ac809da799f602c70d81ec6a97d1945d5ad47a0a1,0,0
c3a81f7a15559cb36744ac74d687ca1d4c3bc938b85259fd9e14047cda49ef0a,0,0
c3ad24eb6a78f1eaab18f89d114c3124e5b5e7c76eec0c5828d8972c0d00ab53,0,0
c3af6dc0c790f7a47789834f669a5345171ec3b360112df867ad187c2396dc31,0,0
c3afc9aceee937b6b07402f50fe7982c1d07dd3e8496bac5269d8b75ba05911c,0,0
c3b1303167bd34c4f30f061cbf30f5789045db27b1ba4756ba469849aea10069,0,0
c3b3307dee8a8bcaf8856c75d1310328642eb4c2889c447a3efef02ccaf04909,0,0
c3b50d293869abaa17dd7699ab2fc52d90d29e45996d075a9cfbf2bf7e84f651,0,0
c3baa26d6ec7347229aee1c74e9c55e552618a8d7f9f24e9ef057e54b93756a5,0,0
c3caad006dc7cf895b2c476977beb18f47c9d2aa333509a28161f390fe4abb28,0,0
c3d5e180952c532385fb503566879d90c09d6032fa899721e3f0de3604a49a1f,0,0
c3e635a221e42529b37e970ad4c0b430c58e9459c4e5a3c993228502cf6c3676,0,0
c3eac07ead20c261c602b4fab8f6081101b90a5b5a5d9c669be6ca9a55f64797,0,0
c3fbad6da4c5986af82c5476fe6138ce8206b8c3e992e8ed1b9f8d74562980f8,0,0
c3fe1261580a7cd263e191a7ab0ac2fbc160cf073d92959e3ceae2708dde8534,0,0
c4031441a01ae5daf10b43305f5efe010c5583089006eabc65bb0434ad523f0a,0,0
c408a99253e96573eb870beba8aab09e8c056122f5f558da8793b19f288101a8,0,0
c417a5c4f62a7dc96173302439be873d0b7ad82bb6228d076f6ec3b723c46682,0,0
c418ed922717ba14f39870f71ba6b2b4fd0f6afa1bb5bedfb86d8a1e738741b2,0,0
c424c28c996c34d1828ab1939825b1ce641c132041b09c4d05cf7f40fe3fa353,0,0
c431d7817fe4a54c5625f37fc9d03dd26ff12e340adfc441cdd922f9dacfe2d2,0,0
c43c7efe702c7aad287fa55dc04b62e60de25a06c42bd1ae4a75934fe8e9c849,0,0
c43ca8bbce2c2736fdc64724decdf203f55cd9ea4970ff5636622d964c345627,0,0
c44a7167817d8e40228353976b2a1db709d04a0632090d6501783460ffacd063,0,0
c44b13b36ba4dc12e7f07b6ce8d0541146c09037a23007cbb34ee24506c6db10,0,0
c44b170b5548c7b787c0b6fe394e758feee8ec4aec9c4d0e97edef8bc973cf99,0,0
c44f41df8d6702943331d019656548fca825c02b9ff1baf7bc8f96cd54c311ec,0,0
c459522f6945f5cb60aefd2f95639cec8d1cddbff64466ef4991bf82c2c50824,0,0
c459f4610677b2e0048179055372ce0eb50c3e33f46ab630f8018aaabd82391a,0,0
c46a9f4ec669c92005ab18604307906d1b7c560e0c2fa2b40702eb0e6441bc5f,0,0
c46e600c9b36d5734380cac17d8e41fad9de15393401836f51b39dd62816169a,0,0
c46fa4c7f3bc46831c5f2b25f1f2b8f71654c4361fc37834fc521a2fbb725f4b,0,0
c471ecbf6613b93b8336e4cddc41b797eba5ce3318800c07d75765cc1aead092,0,0
c474c5ab9d556b72de7e9ff798f92c259e643421b666011288ee0768f56730ba,0,0
c480aa40db8a63302d076cdccccaa963b7b5f4c090c6a42666af421c6c7ef0f4,0,0
c49217749879b7d845322e9de4ea8fbe90fffa0961bf9a3fb4e86ca5c0466559,0,0
c49d03e1aca69d64f5876be4fb5d748f56caf6b83c28d2fc4aa81f39cc311b95,0,0
c49f28fee0607a7cc8ca4d07eb4864d02746b04d80a4dcbf6622d3763a066a25,0,0
c4ad794506186b149d367f55f3d9d770ccf92335a1352b351f925742da475e0f,0,0
c4ae25cc2e0f613b5494d7bb1a840adb8aeef343aa6c0a6bee965a3a2563da4d,0,0
c4bcd2037479e9b9318bd14f4399cf12f8a4589535df619f6509ec872e6ff2d3,0,0
c4caf2637b758ec60e4259bf11aa82d9fe4afa64d93d6d1b940c0c2d0fbe9c78,0,0
c4d551a8d6f4080837e5ccba22b538c9ee8b0871ce4d854b927e0c69d0b13051,0,0
c4eb1bc3d17de3d89ac13fcbcaaab1a0e25b4a2e94fffe5246d97cd2c360fa8c,0,0
c4fa64c2d71b9d99285cce570a40ca4c770c1a0d8aac98073597f2157adfb537,0,0
c4fbf8a83370ac783aac37d605edecad4bc54045a696b7fd8007069905559bd0,0,0
c50628e33b2a64083ee25e70e6a78e4cf4236ba456836ddc3bb996f4004da088,0,0
c5076b1ae96a93374f807d8afa23c124b2611e7d3062f0bfd81187e5a08f70a7,0,0
c50d553cccd8cd1ea6c2f14c30ee8c24a6294354fb39c5fe36d0ece03fdcf44b,0,0
c511adf4862403bef9be3a250241a7cb216d32d173891d513fa5b20f0e9f3702,0,0
c511b4b7cb000e7df2b39cf906ca1700762ebbac006cdbbc2bc5df8330fcb032,0,0
c51512670f9e6bac4f96c8dfc38e6be72304fb5588f210c79258a6c52f06eff8,0,0
c51ffa90ae211602ae81eece35595b418a77ec8f077e5a3d3d4508516bbc9306,0,0
c52df5b5f7428a68d9128768195dc2c51e3662a9e858426b6911dc139ae50d2b,0,0
c530b271a394025ae3c73ef1e43cb12fdd8c8ceea9f36c70a4e9fdd0eed4b9a6,0,0
c535eddcb00288a56110731b85349139ebf10e31f6aabc6d23894b442d1c9ee8,0,0
c5638b960129c813495445a36dccef53a27c4d81e6b8298de5522dbf9f2ca0e7,0,0
c56955d849e9059b17e56a7c46debeefa822c84caa79474415f29fa85096e039,0,0
c56cdad8aeba3e1dbed3e0bf171a52b37e8f83b1a38d692a0083fe02f1f02635,0,0
c56d03c7036f956f9bac7060c29a48ee20abd5193d88c09c68ea8373d1c58a8a,0,0
c5732e88c45d97b709c50db2fe20615cb5115869248d8bd2ebe942874eb0aeb6,0,0
c576bd69afc8fd05e14d633abe8995f653eecb71bb2792139ad0b6694c855e65,0,0
c5790703ec2e62f306df0c057506a695b7664d98d5677612e8efc39d32c14426,0,0
c57f7c835efbd817250a13420c77f163819597d316194daa86d0bb9bcbca7f69,0,0
c580c28fb81b415855fc568b4de98721b12556163fddd362742f3548d508f667,0,0
c5928afa0d8ad7db651a832b2b330315a6e15fd154b07fc12ee9e193b731ca4f,0,0
c5974bf90d7cebd2833239182914254af5eab3f5a655e21adcd98c6051758e7e,0,0
c59ed81ae8845f9a3d32ce929f3dd8ddf387ee3a9b8f6057566b05e06f453262,0,0
c5b1c609c6cc59b1c6c8f4c22974e104812d7c81cf703691df097d605dc9fd38,0,0
c5b7e1d983af663089cb7ced6609634f3a0cdf779035e71a20b6c3e23218d67b,0,0
c5b9876ac9583e3466c326ff927b1c34ac11cc43ca099b24adfa3fb962683873,0,0
c5bf1e527d3c2cf742b31c20600ddac1d6c8209612727e910d70da211961755a,0,0
c5c248dbff26a93ba8f95c8832ae06417a936939590b55c49a852614ef5be6d9,0,0
c5c3c9b4ce18d4097d28c2510bbc9ef5cb50fd979ddacb1b6763269dc6c87958,0,0
c5c3d83d5dae40e57b17849cf072f72a63a659a0e027bd9f402733f6f6efd88d,0,0
c5cd21140927d99f85aa6dbc786bb15c3771a30d5335fefaaef420cd6972e22a,0,0
c5ea9646ed3de94fc26504126b1d907646099ca3ec8a5cde87ad4d88c4ae513c,0,0
c5fbee2ad8605dca0a3c6c0e2dcf7bc80b38a291e49d785707752109231d365e,0,0
c5fdf2cff2bd025f4615e53e1f19f670615adf53e97c58bb7ff6c4275367cc23,0,0
c5ffc14eae41df14106506bad5b2e82ebc67f0e21874a7d94879843825676341,0,0
c616495f5fc9a367561959c867afd595409ad2d1c21b7b0e48749d9ecde522d7,0,0
c61b6f32e9ade8179c87fb5602f168c720bb20c23e7505d5988bf8030d92ba07,0,0
c624362b94a1b0b8522ecbcac3a5877f997ef1d62b5f78676165457de79cbbf9,0,0
c631436fcccbd08e2ede7f05f89f407d972e750cf44f5e8f6363e2a4c2c5cbe5,0,0
c6366b710ef3cffe69cb58c59ddb0c498da60b3acc3ff492dff85638b9b77b84,0,0
c640e8f8006f0e8e66e29f06372e6c20764df1187f37c94d316dbde86ce6145b,0,0
c6514a48adb8cef0987728be9c4e7b3553f629558f0195a13bf85250e1406172,0,0
c65496faed9a6980a3c505e0fd10392cc10bcdc9386b6dba348be689596df8bd,0,0
c6570e59247ab9d3b00b5fa66a3961e428dc8d58a80af73e1f1595e5aa505543,0,0
c65b5245dddf2fd9806e427d5cbe93be04a07e961771cd3ff3ba7b21da347d40,0,0
c65ec2cceb9cd64bdb5be6027c1321cb8f0ba923ebab06c7fa0541270fb35b91,0,0
c66e639efc931248e89c550976c0b1bebdc6134f0c1f3b9ca790b8e0fc9c31f8,0,0
c66f3f26c33813f40d50073ef5ee4798d0988e31a99641af915d27ca23fca414,0,0
c671ebd440c2a2656182bf9606213f0e36868511948f447e5fa06524e1fc4090,0,0
c676b95e3c922a90fe76ba2a9a5c07d46186016b99be5a00e5b4b2f32bc09cba,0,0
c67c07f24e85d262c78c297337eda66afebb1b79b35e348129dd686ec5ef504b,0,0
c68e3e53f6bcb26e13036b0fab0da3dff84d7ea6016845689a67a847b55fe7d1,0,0
c69027db3792ee67fd36efef95f54b006c705aeb0c7c6c83140ef6fdaf7334c0,0,0
c69352d5bb57e94f5c81f9a17bfbf12135e227e1f3f42b98d331f88ca0d89392,0,0
c698fdfe50b55862206f47e81970200651f43e164f387ee0a56545c64c7cb8ce,0,0
c69b8d8f841ff00a67af592ed3715f0522a0518be0184abfb10c8d97e30355e1,0,0
c6a25da5257dea62a01d18c11676107750ba7266ca23b6ff111543ac43ccb1b2,0,0
c6a703df75ee297a782cbfd7ac8a9ab1a4b2afeddfa8d531801d9b897f9ceddb,0,0
c6ab0ab221527d377f2bd9dd210217c6ad4442bd57ff3073b7c470462f20dcde,0,0
c6b0649f86f852b39d7ef0d005170c13ff162ef414970c7d0ee50d5e295b0ebd,0,0
c6b0d6c9a39edeb23a710bb6dace7794aae61dea11c4e7d45fa06bee6097a061,0,0
c6b127381bef566a44c7feaed05c11f09b125eb8df1b4d34c01be2987b15dcdd,0,0
c6c0c11edc4dd37db1ac531607bf93f2fd668fd5769e4dad1473010973e2da4d,0,0
c6c20a7cd482670718a3d1986cd99762460c8ffb98682ec789d0f0f3dfc7de2a,0,0
c6c9f754e418cc369c14d13b66d7e83f97424b55f13c308e9e7dd92f8cca7adf,0,0
c6ce2d13922e26d4bedffc54abfbf91d72b47573ae581412962e905f3be08e90,0,0
c6d51739b2983bf22b7d6c26684310698d4847f6eef2e5f29269ee58d0c9218d,0,0
c6d53c38caadf945e92cb5a71fb315c4747bdd7b50f30a230dee6618fb26a019,0,0
c6dbfb080f7dd5169add95782e298b7abed2de7564337b1821f95e883837e64d,0,0
c6e99591462c2739a959e1f7a5877deb310357eba24a9d619c8b0d56bbee998e,0,0
c6ebe3eb92f3e1712d0c8e5d6aecadc738f8fc1c4307875ced08b1c32efa522f,0,0
c6f2fd6e6a841bed44b1ffa781baf9ccc985d17a97913c129c31658c494cb1b8,0,0
c7005821e9283f3a2bfe851e1bcb45788f93fc034af2662659d05a2a00f040d7,0,0
c71ad55ea81bcfdaead49c2f78529d6fc8b5269f1ce55982a6eef217dec450a5,0,0
c722f94c93a117c6537b88289969c54c05796bcba0307eb83c699791a5adf1ae,0,0
c736713aed8b797c2ddb3e1f5483483067b04081a0d4ed4c1a387542caab639a,0,0
c73d9649ab61b708301c858cbba70ba5d72b2768095f003e14f70cb07212d860,0,0
c73ddf6115c04f0a10f5cd9a1a5526b6e67762b0f3405b477955c3ae4e1ac3a2,0,0
c74e044a1fd73f9538351221d56bf1e24ec9f16c45394c5f1856ad241d1a2f7b,0,0
c750700160d0acb1bb9528a3c4f71f17860d8661cbf4277aadd2f001f2640f16,0,0
c75a81b757fe333075182e0553f6eec3062bf66db813605b11eac4b6c71969db,0,0
c76b5c7417be37599971ea1fd2c63ce997f9e7806d288e42bae32f737841077c,0,0
c76c958e60f489c28634624195c2947bb009b0bea25de8fc4343c4af7d7a3508,0,0
c76d4322937d338ecc8fa5c8e049902ebe5da7e56d9d20f52f12feab8d1d0d4b,0,0
c77bfa88ba4c043289698e7cd3b1132185028d64ebf6d44e14961a694844c94b,0,0
c77f1eb741b298c1bc0e60a378eb044aa4af0b6fc70507b8e83ed73626735273,0,0
c78b8b00ed28f003fda7c64875871c461a79856eeed466607cd32da4b82039b1,0,0
c791c17f8940b1c4254993b78d4aa6a55c9dd286e2f0b1286d54dc8ea1cdb358,0,0
c7927978c98c784d1f5c9233af14039a417420149f2dcc7580774cb522c199ed,0,0
c7931a820a6b6afe2b60800b000d8263e7731ce45792d12c0e98cf617f584881,0,0
c7932f5d414f35ea3e9d35ec9cbff37062fa4b2c5198365bb97132f047534265,0,0
c7984966bd93f4f6c357baf522e679445f718771af167ebd0d3604ef41743470,0,0
c7a129714de5fd64577310331eb732341f506422a59ca9296fba7f7ebbd986fe,0,0
c7a35aea89ad9fc5944ab3e4a1e9f5581c3525e6171a5a1cfe3a4cd4ed21b8cf,0,0
c7a4d35bc56affbb83c0565b3bd4eb99495df785ff0618f971012792d35734c1,0,0
c7b774e0b138df46830f882566a755e87a264a3898bc0750f391990bbd7ab623,0,0
c7c3be9c16c2d84d4419bc9b511e7e0225a20f956df3a1b37264ecddb483fd81,0,0
c7e0a7ef78bd911b8fd2d0eba9918a2903e12a896e21357c556d1431f9b5dffa,0,0
c7e3c6137fd8fb4166cc413b0c6f4644890eb5dad2592c7d84ba3e1e5e4cfd19,0,0
c7f0a7045d46d2d171fc30cb91d1a86117f6361d1a3adac0e20d4a9ba9ddf44e,0,0
c80b16f234b84cb5fd1ea97c258175a63b155c302bbe668f6c86a653d5eea19d,0,0
c80b456e386a4cbfd1dcddbb00ed4a482df603071c33e086ffef38c248d58d30,0,0
c8170bf42b438dd67fa6998f6c8ffb9bdbac89b1713b7be5415d360db2dc0557,0,0
c82507d50929db75149d9dad5a17b1bf2cb94801ca8916edd903e11a346ee2e3,0,0
c82676070966ccb039c3747902efa107e6029de21818935e56cc37777c36112d,0,0
c82b749a2008dac0697f6ffa846a32d1ebc0dfe5c554a1799825a291e67ced67,1,1
c82cab0fdf2b303b692287e90f52d975bd63403c50e88950c3b2b54a148f3b89,0,0
c83262a46f7c3dfa7a56767414142708dbc41f6c37f80f2ff8952428758991af,0,0
c83f38190e582b1a7bf1624776bd883c617139dc2766bc36e0cb2d7222aa1588,0,0
c8453863b08f5b996537decfe9ed0b0e612214bde716d205c38e76401b784b64,0,0
c8588e28bdad464e35202c24b905fbd4fb7b1648b475b4652e75b33cd722361b,0,0
c858bf33fb8672d81d53deaf298a17a0e15752c4e7e93f9dc9ba9305040c8f7e,0,0
c85aa79a7b1171c44f0fb88935d2f3df608519ec85109955a50727bd2ff70202,0,0
c85da9b4e02399ed2ce2806b872e434bdbc4f6e229754916b0dd11c0f5d97aff,0,0
c8640f0abc905ff3dee41dc0d3914f95313cfb580f2973b2109eb9556d4cb62c,0,0
c869f0d385cbc46b42d2a309f4cc08b3968dbd8aeab19beb5b0594206647168c,0,0
c86d722e705cc4fd1218bbb8ae526b2ea431f0582406cb9c2156a29456fcb642,0,0
c87901c957688999c7f6c014652e13f3ed69f90834f88e80cbcffa94658a1847,0,0
c881ce142ca5aee356fd8420bc00c7e3bb8889c4887f257ab9d2f57fba27b71a,0,0
c882215040063959e91b2758eac9c1732c2be5d00aea1b3be3b61b4150b42338,0,0
c88ae631f5b82eb828b850e69dfd5031d7c62cbb5453448da5761d0d31d7e7ac,0,0
c88ecc3e4a129c7a6f0353e535e8e1e9ea125aa9f6f40598538d1310b4a4b8bb,1,3
c8970443ca9d3b20b7655ce6d14d13c55a255fb02a13a6154fb9d3cb7166598c,0,0
c897c136e7a33db4e1b80b4d3013d2a03592d85d9168ebe715fe958387d4dbb2,0,0
c89b206c67c3a5a01bc4cb911459c3b02decc477e31790f8cc4b403478732ac2,0,0
c8a1381e7644a9e66dcdaaab19888efe3ee1978f7e84ce53e7d3d0c647b2be69,0,0
c8aa7d29565c9fdf9e6cac855a12f9a6650a172fca989d9c5345d44d75b2458f,0,0
c8b2ede10e31ecaabd42d26a5a541407ea0ceb92bffcb569f82de620cc7450c0,0,0
c8b6db53c63ed3ae6f412497f71205e8eaf900187886fe8285ea11cf5eded522,0,0
c8bc68f5a754010dbfc90dde990c9e11947cbea8c5c225da7f39154c5443b4b6,0,0
c8c213adfa5922c47dbd703f7c40c76769f60a9b97ace12f4d6a63df58b1b40d,0,0
c8da373e4a70721184aa55464d4a150cf3776b0dd44f74a2db3d44863b41401c,0,0
c8e1605fffc16a9302e97aa72aab7cc396131cd0dbd9dc03a9fddd2ee4c1b64d,0,0
c8fb0106296f5795415db132f0dc147bd596d2880f38ceada1ec731f3f5c99dc,0,0
c91c98a4b4dc487486727f50cf93b13cbc91f0636bc603bc1f2dae811a7a78d7,0,0
c934de3d3afe61c3898f2e23c179c735caeb1130c146b4547b181f428aa9201b,0,0
c9373472aefc23305d7b90f993c67ba52668b285ceeb25b8caeb41b7fa133258,0,0
c93776e1e032d777962f0857278dc9ad0c639a13a14aa5e9d82fd55b1cc83a15,0,0
c94778af46d43cf000ff69427928b554bc03486487a6aa95b816e618b76d1e67,0,0
c94b87d6e2120b2df9198ee6c5347c7cabdbd4b1614a2971461dd4ffe580cd30,1,6
c94d8873d5e09567b907cf472518c71d6c2ea09932d82d56035e470efef92576,0,0
c967b737a94fe9c1f0e17d86e5f91fae4e9fd7b8b22f1818ec999cb285a51981,1,4
c9716dfb0e6d317ae763c192cfd296a303cea8636514df48e4d69d329114e655,0,0
c97809eb15e15ba7cc894063473c8666d6472197a5c6b7bb5ff540f3f4e587cc,0,0
c97ccd1156b1e026e4f4195c5533e9d050048c7a78b60b76d9952969d010c808,0,0
c97d964e466d56b32c7039a058c9ac6cd2ea68f551b18411f410c55ccb32ea31,0,0
c98663c81b221d62efe99b3901d5fea5045f3a8650b286ae9d7da7837aacc3ae,0,0
c98c2ab5dfb3128d963043b4c2aa3b6163e1e99313b98840e47bfb47d01ec993,0,0
c997c9a79d934a83408fe8ab47556fdf3b0aaf2b62dfd96457794befba7e7bed,0,0
c99935c759f8a2b716ec1bf5c671d264b4bca256b943ef2f2ce946090be87e63,0,0
c999c87f11e0a3969a43d1c0bdf7290c877d44912ccea9310141c792b57dd2bc,0,0
c99eb57e117f13e090f5de7c90b6d20bfbece67044521ff950a8ecffefc5b594,0,0
c9a4694849c26119414155dc0a92b9e395de876358a68712c799711d644887c3,0,0
c9b6b8617a339749bafccccb3c3f475b8cc866d356748c175a3e23864dad5a5b,0,0
c9c8812faab8315e0321890c4ab3850493b44e58b3ed85cefec971070b72f9a4,0,0
c9cd1b7b1a236937edcee4196cc2298fb37191275021b287cd32b82519d12767,0,0
c9d713a65059a2a7379268e28a85e916fe996c8619466c26fcb071098ab80c55,0,0
c9d958742f4cdd474b1704679c808b826b24bdd440837006ffb4e25a7408f06e,0,0
c9e233085c52b6ea84b95ed10f78be887d57a89ce85e51cdd9710c9a237ce6b3,0,0
c9e68d9ba7546ebf575a581520cf6c82e411e8d25a1b068e2cb5ec492c36dd8e,0,0
c9f8cac9b872ee778ac41e1ed6498b9d5d6e38e22429e374ab868561a9db1ccb,0,0
c9f95efd9b7c753148a88872f9f901c04110d3654db574516158a1b992f266c8,0,0
c9fafb1ee3bb4917b48fdf17c44268288bb2995c5c1d8bd45aa27aab245eb0d4,0,0
ca14c426bcdbdaf051c72c6879e567bc2032a39f2932458e76118380994068f5,0,0
ca24f86236d63a8913c4b1328229c019db7bb07a36c216845a1e108b16e9e58c,0,0
ca2cdcffe0610036f451a2963996906473fec8b6b26a5c94af63c055f97b5f16,0,0
ca3213932e407b60802be769938cfb94f3ba0e0e132cdc41b0ac50117a281426,0,0
ca337c077d0451252bce6081d6d397379c4d3ccd1d8d9345ea0dd806e45f12ad,0,0
ca3477fd1b19fc792d31088d3a384b4a111e08d7b9e9a41c7bc119f12eddea21,0,0
ca3cda27f94815a57c96c7f508abc3522723677d28d92337614c1d458ecca91b,0,0
ca49df0a1f83c8a77719915a6cd41ae013beec854c29529894dc1dd791993a97,0,0
ca51378098a89b2808bd9eeb1bf01a871406bb62e2d62ee74942604bc8f28f9d,0,0
ca57183b63642aa56540a540ea7107d089b3d3b14081a0b765c205bba51a495d,0,0
ca5eba74479d1820d4bfe64c121dab3a7f09b29c48f247be95fee1f84c8339b6,0,0
ca633bad9f8c19f39da9b4f535c9a7ab4dd4a18e1fc007d5dc933c982800043e,0,0
ca64c2866a5206f8c9b49d97209dc656869899b348af572e93be45206c72e552,0,0
ca6ea198b51633c36e8fafb2080941c62d81399df72f763364ee075de12bf896,0,0
ca77aefd34e8344b85e9056be12fcf1ddf6b804d6fb5af4ca28043bc038ebf6d,0,0
ca792c6bf54cf386b72452656ca90f54bc8711c85b1cc6a4b1bdba31f6dbdb16,0,0
ca87e0031001ce6fe34819588c3b345de55160e0c815801cb067e5e442dd2c38,0,0
ca98ca93dad80a823b40e2e32e1044c6147afe38760d9f74701571d95fc41750,0,0
ca9cbb5abb71854b4a4d4de155cea238856ce2d957b34be8deb7c577a965e6ca,0,0
caa757691f880fd2de3e1458e99fe99c90f171a3f4c3f6b149578dd280c01c84,0,0
cab8814c3d99201057c135758386d1a17b8ed27a47e3b1477c1456c04dc2d80c,0,0
cabb8ac21ceaf75409ec0b92cf5f9519b0cde0acaead3befd8694a6c40d86847,0,0
cac29a4481a9c9cd5c9180c4860a1a7844ba29c1b820db295343f3e97bc124b2,0,0
cac89bc2ce9bc5242d42ab8aa86adac58add2e31ab9917c6ee397b021b3132b4,1,3
cacb0fc3b507e6f8bc4360ada19e0caa3a0edbd05b8b31880da7db87fad00f1b,0,0
cacb62a9076dace104de50520900a56ca11a07f3ccdeb9cf5182231bbe60fe54,0,0
cad26b5665c078e0fdf2840edccdfd3359ea5a4039446edda4b14b1dd32cc2e9,0,0
cae940f596e144d316a95dd46d6bdd8833bc93e8057654f88021665ac82bd208,0,0
caf0b41a7cedbe465a5f2a48e4aea74600f857df913ca631965e1eee13ec355d,0,0
cafb4b1919ae55c3ba36cab18d51e27ea64e1d2bb9b7726d74fc5be638ed9c78,0,0
cafbc601b9ea89ecf6836b5f3fa9ccf8158cc08475908ad70c548876dfdd583b,0,0
cb148b4368759d3d43bd64bad63c3cfe1e1e0a8ad80c1f1877299f53b6062927,0,0
cb198414518c2d57346fc27f33311c1c1d3e4008f0c5b928ce6272f52fec1746,0,0
cb1f6e9556e5a91758f3741fb0826ad6400b77adcf39b2fe65e9f67aa02d55e7,0,0
cb2b283a2244c978d6a2fb8d47578549083ba8dc7c44f0a1fd678777ee6761ff,0,0
cb37190dbec010fdd81a11b531707ddae05f911053e9adbfe2a09ec63ad72567,0,0
cb3cb73601dd7900743e7a891e9f4921a0427a36fba6ffe1a2cb2d71825582b7,0,0
cb3ece6c4de6a66a65012068a11787b345672e43b7044f70aa9900ae05bf9e51,0,0
cb4100ea4f13dcba03448f376112548b3131e0803a558c51f97b63913920f3e7,0,0
cb437ed2263171a928615ab6aab890379f61526a4f30d16f1179d462fe783553,0,0
cb462cf3d54f346b4ae916b76615076600c1d7e46924b8303d818b19b11d3e59,0,0
cb4c490778bf5c8d74613fcdce152b934b7b017c1316c790ffce76b567ced462,0,0
cb4e159fd215fabe7ad986f61f770b47fd9085699872fc8cf6cf9683b78bb49b,0,0
cb55bfca9dd200e49380d8fbdefa678324e58fe6b71bd7f35007b42c7dd49687,0,0
cb5bcfa757314ea99b5f83cf9521bcd8cfb8eb0c18bf49c638178b379b7558b8,0,0
cb5d57f81fddf67b61a4f2ad7755a7a15fa9ac59c9ac7ec7acec3d819e8cfde0,0,0
cb5e95eebb26cc6fd0fd246f2142c333730b3dfad744b56432c9e0701d6ff2e4,1,2
cb6c0e4c10a8c3da8002eb131d8a5bd51a5aed7a2e4ebe808714f4e508d9207a,0,0
cb8c4d7c174b625cf593a0c48a60f7a0ff07345e66afd125ed406066f9f38aa0,0,0
cb91d4aed25072d25b793c0e3bf9aa88025067a8d0a720c02270b9903ff47143,0,0
cb92a0b4e0d92f3134cf2052069b94ba296c380ef511a4cefc3947319197f198,0,0
cb97c19194b267ace98e8ed33f659c2c6a7655c177d199571acf9caa77fd44be,0,0
cb9b38cae406ba3b768bdd6e509005555070311fda8dac19ff5f92a494c06064,0,0
cba7f2e20a5e2a3e3fafd6aa9648eef81c8f24c52f663b4255cd0375fa2d8092,0,0
cbb2c533b617ae98684642bff8dcd34af488b7aeeb7177becc9383b2a1822452,0,0
cbb33be258bd08dc51b02316b42d998f026494c6aa4266f98d8e93fe8bd96807,0,0
cbc653285adbc715d1d23c3cacbe794d88ca6641d39dee56f4d31c9dcc57d370,0,0
cbcfbcb19dcb41be10c3d5e0dfa7286e10625f585a09176e9b19251567fac911,0,0
cbd2cfecb00041c68b90fc85370ab968e0914cd8cc0c13907b7edb30500918ec,0,0
cbd821e08fb0c2b228386a12d0eee6a16763e5c11152118395e055f493fa9f02,0,0
cbd8a2bc1053ba1de5e28f16251d4bcd87fd0c462d4ea50b87e7a59ebede0188,0,0
cbddf939bb6b13f3f5dc4ea0659218b5813aef155f67f549116edb5593a49198,0,0
cbeb81a7d93496c09dfbf70868c1fdc99fc327a1a2d298ce2ecdb92835ab4e3b,0,0
cbec2a00573678527e18d92e6f08a298f90cecd7579ae8fe20b98b1a19c32ea2,0,0
cbec6d76cf696a32d738e03037c7491caab70c90c63818cd6d48f26a306f19ab,0,0
cc0765889bf7ca33a19b283629ef0f1fc6ed40f9b6983c2048e9e72fdaa04168,0,0
cc17841994cd661fbd7d8341846f0c3c043f78ccf761ea5f49a02540cca5bbb2,0,0
cc1aebf3737b5e0bbaa9ee1c74c07a6ddba691923902afb02b739f8c16d83f97,0,0
cc41da6a0ea2b33bbdfb332a2c5a649be4e586949db67f39937c886679400c2b,0,0
cc57c2886e6892660035ae2d5c03564641d667e6ea37c53662e2349abf6b9a15,0,0
cc5d3f16c2443209150d7bc5a70e22117753057167d5aa1fdab76abfba5a03cf,0,0
cc65ce14d8b8cc45af4ac7820a0a105a0b758d2f2cd8970d429cf973bd273a4b,0,0
cc6bc756633f3caa974dd33a692e1d70b7e05d7d1a223c8782a604c99e3bceff,0,0
cc6fcfcb4c926523e12016d870dabcad3378d9a49d0e15083192f8b43f6b5095,0,0
cc75c848b54841ab9aebf6aadc9cef84d554099bb84dc9b504500b9beece14ad,0,0
cc79e4c37fa32237ef1a9dd07ad567796401103cc5ccaddaf985f15abd0411cd,0,0
cc7c09d231c971476d8e3b5a40c1639c9cbcdde825096786300e43edbefa32b5,0,0
cc85269085c33fa83e393b5772bd5f5f270ce291121da1b191e57e74f4d862a6,0,0
cc8c4a7e6849631dc2a4be66c4c97f41b0d0e1cc4db7a49663f2d1f1835b2e8c,0,0
cc8d00a256cdc97ca836307f452c3010132a2a996ecfec24740ef6ac50cbbb14,0,0
cca793d268a855af5ecb3a05eb94cb173279427861955524026c497977ceb6a7,0,0
ccaa86f3f497df3de1b629be1edd0316d0362ed818257716447360a3ece27380,0,0
ccb559441e868a9a8a0324d57edc27fa2047c24cf3b2b30aa22a27b30297aaef,0,0
ccb75b3d9910066973d58819ed72dc8554058a1a48cf46f4d7aeb2e115741a8a,0,0
ccbcc2c098037417f9c16c65d8c8c809a723ca78b4ee7bac353a117b230a0adc,0,0
ccbfd89e360270ba1fded5efc69aa8d0d0f5fe70b8f3c3a3b12fe27104b09877,0,0
ccc9936fa6cd3b2022a5f256aa13683c84d4b7197365bb015b2277f43634d3e7,0,0
ccd8a647ee236c716d2917d9fc8b4c2be4898faaf57c627e88dfa9de976cb96d,0,0
cced822892eec8f779850a97d6f539e121cf60cbc8c9cfe0a7d3fd28f90fb624,0,0
ccee2da15946c8c3ff8a1f73282495cda0e76380ddb851988b1beda3a6ca8ddc,0,0
ccef23116610d176d27066ff5bf794b95723f1b9f3bd79e0330aee48d35a9631,0,0
ccf8484eb56f02bdf2180684bcfe267020a6fb6b95c87172648a532a31a2a535,1,4
cd11255e2bfd9cdc5522b67f1ab2009046f763de37601214d858136116b5ba11,0,0
cd360e28bf05cd1b0dfaba3a3e0eb5cd72f60114901406f32004c7588a4df173,0,0
cd3d158d52b6fc32048fb7b1ac463139f7f747e3b35122c08b93d8e0b331a8c9,0,0
cd419d62701e62980f12e8da5f51c9a1ebde741fc10b72bd8f4af121b61b667d,0,0
cd4af2eb3bb1dfa334421f41600ef62148c1b8388aedb7f546abacdbb30bfb60,0,0
cd4ea652bdfd2f1727d4c08be4ec7bc4de73fb1d7261926b85f6f8ffb81f3c70,0,0
cd5fdb12b7645638744713afd59aa1a8c55c15789ab672a9aff105c7703842d4,0,0
cd648119af64bc28e061e36308403ba7db6ff205ba6b6e9c26df94787139813a,0,0
cd662dc145ccf230303b504971f34e6d32cb8352671b44deeb93e748abb1317d,0,0
cd6a7e15bd4e6ff1023276377548f71c23286ec0f6652e42e2f0bc69851b8b1b,0,0
cd6b8639c12a4a9de2f8125e26203d926fe9533f3536f1657f87fb766a01f8db,0,0
cd6bdbaa574fdc0e71750d0b2e33f50771e0cfa37fc66201035db2feaa3ec053,0,0
cd6fc0b6688ed601869a28d7521a44eac9c53a37d670b2d1de339c8dd7a3c70d,0,0
cd83bf0e529139fb51b5ce00f13ea2a25f0edc4495603462e4795db4118f2757,0,0
cd8ae8aa297fabb544e474fb401272b0e9275b9c31dc78a14bd1e211c42c59c3,0,0
cd93bebb1163063a062ad90130bdbbb3347e15c03ad71a8835f3a2450cd4689a,0,0
cd98d09ae544fa4430ed56236b63a07f6d0cf4a29cbdb7bc2274d4e3ea91fded,0,0
cd9e10ab5c822102067cc60fbde43a193377bdd5605fd38555d1cc9c53e89d4a,0,0
cd9ff0e2e0d9d869c8ecff338a40845bc9451bd277c5d329bac12fe95f00d332,0,0
cdb6d7a4df0a47f6e03b3feed7e7861980a77aa074912ba5340ff2b6e428f8f3,0,0
cdbf6be5f67d280a4984d6c95f2e7061e5a7d7af3fc8e322c51ac4e7ba03f82e,0,0
cde9e79f8e900e8b9b05e1370827307b16bb037423f797a76746ee8c43af9b8a,0,0
ce012caa0639296f5a86926a27c8e757ebc00bdd4433bd104ee1393faf2d6e99,0,0
ce06bf5951e654c28c4017c842d1f5ade920bfcc80e0a8e9355502b1a6c24e6f,0,0
ce1166cc7ea518c72a653f84bfb8f05abfd77cbebe42ede7fcc405707246d51a,0,0
ce16b97e6510813c5b81f446ac7afdbdb35d6d37806f8e9649105cef9479ea05,0,0
ce1985833f8c524ea3f251b52dc54883ac474dd039173d62cafdcafbe26a5de4,0,0
ce2214fe52d94fa8a1fb6e67e9f0b4c7772c2f6c3ed2d40d67baa56848ab9a5d,0,0
ce22303c4b815b861c0474fd2831ea8560b28cf4f92462e43c22104ac842f6be,0,0
ce2613a2ce47f3e414666e1d43e24e737dc08a6947619e7a290a8cc740a4417b,0,0
ce286c535da899e58a61ea17c6263a121637a76a6a44c6c8aa95b458d3edf870,0,0
ce2bc05b7318b82699a7219df30790e43fb53a31e5f6a12b5f06772e2eaae924,0,0
ce2e1f68f6d27145e5ef3a108c511b59d7bb13715b98b81bfa0b5cdd3d2312b6,0,0
ce3e7292c9f0d02eceb1a525e776dcb35628a76047610c04e9f6b235bfeadefa,0,0
ce3f91daf7c8b86bae12ab474e517551142183d57152900896b787b9e9a19fd9,0,0
ce40920a179d004d0f241603fe86090d96e02262cbc6480c29c970e614ce361b,0,0
ce472122ee2f07147cf50becd7b76a6f440a6b08be528d0af1270c2fa06f4ea3,0,0
ce53b395c5a5c81e878af05d74a04dd026f7d26ea336034d5203ef162ed522e1,0,0
ce5faa84b81793d3b933c9355be44b7fd9019baa53bc03fa3f2138a64fa0d93f,0,0
ce6fbbbb6d28a7a77b477c561e0a361f0096b337b66f53f3b60b6d090e148ff2,0,0
ce74c8f9aca112896945537a1a70b2e57410ed9f23fe484944572d37a5f3cb89,0,0
ce7c8874fbb55e2028f680a0d31b2eb21bae8dec6a62189c75302f9bb64a24ea,0,0
ce7d4b8814ef988d8612fd1c81b311757c58fbe2af1dbb12602bcafba150b10d,0,0
ce8bb4fc41486fddfc65eda4c2d0263a4285621e828d2a345f9466d8fcf0963f,0,0
ce8eb1ccce6794d06a3b79770a3140939d56575b00a4b94366ac158d5ce417ac,1,1
ce9869011041d4348c35ef54bdc45a33333cd62aa9f79aa70114c7f34963fc7c,0,0
ce9d854668dfdfc407d81093750951efa8cac4cddf47a2d6efc96574af709523,0,0
ceb07bfdda0a4e63d5299c57aa365f19dc36c95150c5c8ad79d892dbcfd5bd28,0,0
cec3206822044ed03852fe2a10913ca0cbf99f5d4b5fcaac297bdda822013010,0,0
cec83964b58a89abb1cfbcb16124bdc0601d6bdf3f99c5a539f8115aeafbcb28,0,0
ced0add3f7dd81a4bb5094e8656cc63fd1aa8c1f908c741b6b73209467605a9e,0,0
ceded2527fd1225963990fe58c66f7a9689f803f92c7552ff0a77467c4db1eed,0,0
ceec3d0f737b9ac901a1323cf66e01a6dc15c478daa5dc4a59af1a02a834b840,0,0
ceefe7794fb2ff9af6b5f4569a0d8c160c13d1308684dde7efe8ffd6ddc4cb56,0,0
cef667dde62471ccd0a39ab05e131eaccf8435102c851fdd24bbdeaf48aae448,0,0
cef925fe981e4eb74cbed032b89df2a9727b6271092dd7cc22eb59f03f18de52,0,0
cf0c5d4f6930004b286ce84f451a822083465eb422a734dac8e726e505070fbd,0,0
cf110d93f9a87971873ad29ee08a3615f2dee553137e62b0364af0799842656e,0,0
cf14b19561e563d8f87bb1d03478bcb56d9861d58e304d765e99ce2751c9295a,0,0
cf1806d3c7e53f26e798c6c27d1b40613be52c8abc6519f386f20f83a458de59,0,0
cf1bcf0b04da44b5300b4f724086fdae15f34c089cd7080e3aa25dd61e5841a2,0,0
cf28429312eb1661e82dce04beb55cb08781301e7bf8f1e5a1bba15580ff5232,0,0
cf3b26bfa5ae21010e5d3f2c35935124a5266591985509e260b97a317ecbb197,0,0
cf49ce733e2e42fdab438057fa564b4c33730e3342699c0a63c766e6a20f39a5,0,0
cf4a84c687fa46b8ebd66a35d7dfb5128a5ae527fe17bec3264c42c140a08b8b,1,3
cf4bef0f096c56f22df9d18e2c52c60e34a2fd53f5aeaafe3223ad73a1a18335,0,0
cf4bfb1e22636eb85d8d4e768a9f5ca88591bb26ea17bb368c39c7dd3d5f1415,0,0
cf5b1b681d6e2bbfad622f436e069b0a2f7aae9e38a537bddfbb57a41560af35,0,0
cf61a9328f151e29d73ed702d61b2a1f2ab8f4ac2ea9b0b1dc9bf82820f7f254,0,0
cf701983f1e966b45aec66325b7773d520689d4fa9d56c6d3d52d30bf7daddbe,0,0
cf7039ba79b89b3b1346bf48731d18395eb3db420fec69243e0e889f7ff82a7b,0,0
cf7350c023941197192aad57de2dcfc3d0736ead4bb889144efc80e30d87c953,0,0
cf7fd9955f24426f577b8523e40ac2052600ccabf33b9639aadd5707824a5c23,0,0
cf9c6d04ed99c1d57ba47a737160f0d791847d645357394856da328b2e00d034,0,0
cf9f178465c4a2052354c5cf982dcd5474e112f708aca5c0d35d317e4036893d,0,0
cfa2141cea22a7c94102acd863b23ce5fc2937e61b0041af3d42648f3d37e79b,0,0
cfad20f6d788b40dd8f9f1f551dd070a1ab802db550f24aeaca5455a910d2622,0,0
cfae3cab4cd55cad8e2ecb0c8bf2438dcd97ff897e55d062212e18f2cd66ec71,0,0
cfae5a277e72d99c6227368ac0ae32e54fad78138471ac9f3b1ae1d2ca7af30b,0,0
cfb616fa86dab66498984cdb198578237fed32f1d26def335dc00101d8f61e67,0,0
cfb81903fdad8aeddc4cdc0a98239022920a2b73b5815460ceadd7330d1d1da1,0,0
cfc4bc9887061cfef7c639429aeaf8bf9d5d05ef577bcca2d875f059a7466505,0,0
cfc659c565c4fb6e62ee036485dfee025e096df1e347467f8ae2a925d517a445,0,0
cfcfbaa9508aa2d3499ce4981bf857a42f6d2ce738725e58af82ecb3ff66af6e,0,0
cfe1c89b0cd4fc577babcd81ad05aa33e5f287723208c2af5f6a85022118ae40,0,0
cfe41ebb3770a125654f87328c327d031f5bde696a8812ed610c093637fd1de0,0,0
cfe4b877083eb5528a5306223ffcf2e8136f6526439db79e5a772ae81878baa7,0,0
cfebb083d25506b4088817a7ccc669877ecc8db00b3122d5754ff81a828c4095,0,0
cffeaf8058eee7a85bb9ed27e97eaa6171b40be938dad6edd8603d2e2420a6a2,0,0
d004a78ccf6213af5f6c7a4008fda32b7f21fd21345c9ffa1cff37650ef59c92,0,0
d0116783418ecbbdc3f2932aae9fa132f433c3b16b3d97f5b5fd2cae2c735f91,0,0
d028e3cac69a20f942761410aa35150368a9fdea9d1db8b50e16cff281bcfd4b,0,0
d02d3176b787fdb4bd11ee32176984f5fcf076fec5419c967a886163a91c1c2b,0,0
d035e9a5f6bffa29bd5aa2d36da75d2624407182fd4797a799559ac98111b631,0,0
d0392127cef784fc3ad7f50f6a339222ecb2efbadd4aed3a94477298e6b9cc69,0,0
d040741a91f6c3c03f54a996b660ec0b03d075e2693a7cedaba4c88a5e2f9b2a,0,0
d04a623afedf162c77f4e4fdf7eabb97d6176f43c70e7a7ec180036e93fa8d1a,0,0
d052069a01000043278c2a3bc752fffdfb9e89c2a7df31f716d3d34da80461ea,0,0
d0532362ebcb61745bd42ef263dae2987ba34ac02321c29634165891f8dd213f,0,0
d05df2156a44898cc2f5b7c5155bf99744995deb1010fc9d0ad240c4a19c5d51,0,0
d064e6eb5d04404d829d62ea15b85ab9fc943992539a0972e3f7c0ff43e4b45e,0,0
d0695098296f8eb690722d586746b18eda1025fa93ebd2e4df97226a567f1933,0,0
d06ec8aea142fe4c23b2c9aa577088b67a9594a0dba1f81aea7152b9227648f2,0,0
d07d1e74b2a5a5174ed36f059119fe04cb03e970e63d5c6b74c6c06a24e7a3cd,0,0
d083587d256c2821e9e80eb805a1ed23fba36bb17c08e48099758ce31000c77c,0,0
d0877df94ef2ae44ac9280c336d842b9604232c53090664e4dc85fadd17161d5,0,0
d08d0a666e196a69ea3df451e64d5f681dc0289eebe9b2c764dc999e22e2dbe2,0,0
d091e069f736d500fd03457a4bc0ee921b798e52b59decd25ed40648deec236a,0,0
d098057b4673a930905f386dc520a99c2b3778b1df3c7b487f95ac6489afd701,0,0
d0a9f4e733fa0305d325b008904f7125c9ebdd3951aa77d2d241a97d67b5b06d,0,0
d0ac4f9c3495b191643ea17d7215ceee239ae481f33a140ff0e390377fe75e92,0,0
d0aff62871dd67e7768ef8f07ea977cf844cbeaf75308abae1ca5823c2e4e124,0,0
d0b13e6de1c5aec64aa167522d8e7e41ea4a4d2f010ddd0adda0c4c8a34a7f5e,0,0
d0c377e6111e9665c12be61c5d81d2e381d665883c9bfcb82098378726d4224b,0,0
d0c7af9605c0a2b18972c453bd9dd3699313e6f11a35fb5e01cb41598ad1780b,0,0
d0c9db390523b1b50398eb7d44eae1f295dca174e75be2edab42b868432d6177,0,0
d0cccc8f3633698357ca52e274a8d61a8b5605b088e9f233f9bfc5eb3ac5fa63,0,0
d0e35b5a9506124cd34e4cdedf4b1772dc06485fd51e03850deaf56577fd12b7,0,0
d1116f67e141512264794f0af83e6413af702121cbde7c95d6d183dbfb6e8f2c,0,0
d11642f70c2bcfdef79c34c05219a4546eb856f05a1b8c0d9daf567ac3a3eef5,0,0
d11e4b0f93039d6b3f29c39a091732b3b5ad7ba8c2771660337bf773d22fe1b7,0,0
d1367c9dc1d5c3a9d5996c78db0b8acaa3ddf1a7aaad7b716e08ecfe12a428e5,0,0
d138a35d13a844a3c546a9fe0080b5afde2ee9f884b4488562e44e0295c55860,0,0
d13de66ce561a562f1bcd1c34567397f004c8107c80f2a0e6bb432b76a56c165,0,0
d14352a6ef1e97f43683db35d4fa0132a8377ae4876a2f397f2cdf0d41e176cf,0,0
d14f42a7200146016fa8d131cde9cba961ad00f228127b826e5ce0449c2c1f59,0,0
d1583e6833199efc81cdbd8870e0ccf945670eee17c22de31f6e58d5f4ae7c5d,0,0
d1595e0a67a8a9ed3a5aa5390f47f713ff53e16d070d2aa61c5d4b0bf788a3a8,0,0
d174e2d519d41b825678eb30db46c3bebdcacadaa14d31cba44c70b8a4347c93,0,0
d175d0180975066ea7f9bd7dece37d220e4e3380a61a30784acf3112d0e6880f,0,0
d175e86fdc23502333917e40ee30114d8f27fca76bf91fb7808ff9675e8014ed,0,0
d18bc5e0d12b75a9c2d261a251dc1470d4a041aa223d36b98756cb9e916087e3,0,0
d196d113ea8efd109e6b60e682062dcc3403cbaa9ba095651196f074a702189a,0,0
d1971aaaeddf46db5a39a13223a3577a2a3673b1dfc0c4553a4ddf0fb81c9133,0,0
d1b4e7a8cfcf9c779afe8d649f5be5fafa9953230baa6ffc4014dc6f9961140d,0,0
d1b8f2bdc27ae98ac9ce903ebda162a3b0ffe13e9d93ea07c5a94f96835ddffa,0,0
d1c3de6cff7f32561058b85c3acc4ae4462c943352e10c7567d7de41cd1785e4,0,0
d1c5ceba7bd44156f97a258694eeca890e59ffd788e358f5009c918755ff0999,0,0
d1ce3673f9bef3607e69bdc84617489a21ecbde7afe32f87749d774f98134a66,0,0
d1cee4f9b74016f22fcf3586263d360c1dd044e707237f4307d3367c4d68cc87,0,0
d1d6a03401464cf79d3f3abd95c4343a692ad15e5acc24299db42945745418b7,0,0
d1d73e968bc2dd7c7197020273404ab10169cfcfab77b7025d4cb6a06d62c36b,0,0
d1ddebee7b746e716235e756031d35fb551cae359474f820268c38786b924bbc,0,0
d1e7092fb387bf1004f45bbba6a627f26c25f8c533e2916d4de457a0fa49526b,0,0
d1e8ffefbfe7e202f9f4c969e2f3d1db6eda00aa8a2572b9323a2acd97bbf307,0,0
d1ee8c307c65d603f255aa9969397b327f7ba78f91a2e0dff6c0946c86dbcf4a,0,0
d1f2fde805550e152e1efaa692e87f4e1e918795c6f533d001207d2b8d04c1aa,0,0
d1fc36536f263dcb5d8c791d769ec8f23e6cc26b88c4aaa61c84dda24f9dafd9,0,0
d20d8a65dfc250aa6109a761e35e2f497f28b904ca2b4dcab5ac4139693e6937,0,0
d2173547d814c145f084e9ffec7a60f9b687c9fd4ff3b26bff072578e2540526,0,0
d21775ea542ddf8f3a976af4b6f2b819d3ba29cd041190431a93a72ec5749de4,0,0
d21f23d603c3f7bc3e4492342c087495d90ed5b4407f8a9930123434a3b22e79,0,0
d22651ef51bdac1d8316582cc51e2d3456854b11d05fa0a291ce7f5902065ddb,0,0
d22cffb16ac700606ca8f3d1a46a239a8592066210b1646746259e712deac0a2,0,0
d23190e95d2e55b39af9bfc5403dce0a15073fcd13d2cd142f2c49756a1bb407,0,0
d23f1d7e67279c35b825e3f4ac2fb2bac23d5a4e47f60f6846c54928b1365e26,0,0
d2401d05260a0606fef5b2153ee50514ab6f2663b518c13321a9953e5b2adb0a,0,0
d240e15a0108400e93d0b1f4f712fccc73d063a45f698c3ee2d80a5301100ee5,0,0
d248dd8dbc0996f48f0abdf40e53e1bc50389770f3c71202fd73ab0b899eff2a,0,0
d24e5962bb9d1268d0d8c65e7f4f7a60e6ea965fbd3d47e5fc9803016f9677f3,0,0
d25c61690d1dda2ac0eec0b76383835f7e9a89643fec8550a651854ee2b9dd9a,0,0
d25d2c29da168809d7c2fe9ebaf69be14756b1620b67f5f18e7e236caed22e11,0,0
d273d2cefc94dca25269d6a3cebd21a3b2c151a3be939d7020c0f7a7ddd66af2,0,0
d27496c5d37f7cca5bffad70a410c59388a26306a10caded318192292d14a6c0,0,0
d276857f22169f3226b44ea5f4f53fd4ce2c927f2bdca984e00279c353688c05,0,0
d27c681decaa6d774938bc6377bfb3780114191739a12aebf5f2962eff12f73c,0,0
d294123d738a66b487c69664d79d12b74f711c06cbe8011bb8678523d9c950fe,0,0
d29775af82f3768cf1a126e9377178d10121245a8be365bf48c2a8a287fe78da,0,0
d29dfcf7192d7559dd8f1b7c51a32055060bba7854639d72710bfb2ca7092154,0,0
d2a51b5bad284d91066cbfe28924343f219941475709a6f916461a65855fb72a,0,0
d2b17e7804982387b761f84953100254152ec366efe636b5818a552410d57ca5,0,0
d2be38e26db1170b2e0c47fef812549dbcb11b0185ddb9717fc61d5cb24657ff,0,0
d2bff68b8555a6e70cdf5632632dff912b693918e9a0cb2e5cdf25b581f902d5,0,0
d2d7c28da05dae628d1a95e95140e9510c7d5d390d7b44dd68d3400b53d0f653,0,0
d2ddf03ee8f0345ddf5be897d96d537acf9a365f9dab2388a856df476d70f540,0,0
d2df2888e8bb6574559059014787aa61b6aef28b86bb89573c041e4bc127a959,0,0
d2e24c095fc1c3afce20b09eda958e176bf8b1ade4b4c4537f3003f32fba1972,0,0
d2e930b7730009f49e27d2a78625a0ec55a231cce99e52b2e5e9911ba064f3ae,0,0
d2f08f2d7ca0a6511e47d91b26dc09727c7e4a7481a4b0167a47d3fa30e43177,0,0
d2f9a057e3621d773c87ad6a7a44b929a1dccf5387695f325ffcb3a39d5d8ec0,0,0
d2fdf1d3f99a22eea727092901bb0cd1e62f2c9346275ac7c78f385ce93d146b,0,0
d30ceaf364c0aa38db80b1b9681c14dc4e1382f3446f4f3b543b21e401137035,0,0
d3195b0bab74ea93f91c144b4a8161a319672b1a1937d23766619be5d9c5e3bd,0,0
d3302cbfb492643678eb1df48df5544963f3c65ef14704db39e961571e004b32,1,1
d331f62f59f254c6fbc1780a55d0c14a3649f1bbc89f97f221069805e30a43d8,0,0
d33203025f1483ee5bfea01a1ac5c0d1639f19d7d77aadae844b0793e7f9b262,0,0
d33be2cee9d1f3919ff171f4b7d5ddba9083bd11cb1b92704a6b13116f29118a,0,0
d3432fee9666032d94405187d369db87d8dc0617dd9ada26f8b8b79c03404f7f,0,0
d3449e03bd0b7e767fb470674915bb95d108b50e78c6c17a044fd05137e1c644,0,0
d357f5fde83ec68ec6c7e3049809042db4ef0a83b161aa19b67d27e8983e924c,0,0
d35cb936b5ea9281c3953088c3d15858d522dad2daa0716a10fcaddaf7bf4e9c,0,0
d363dd96cbd2c6df0a6cf8064639efd1db5ac0607d585e86e3d472f3f1f2ec59,0,0
d3744ea34910a828a641c7503c0d53a2897094f6aa8b01870afaca0c75e19ef9,0,0
d37907f8430819bf5f45d346725b14a27cf6592f8a38cffde49286ed4919e096,0,0
d380da369644b83c584966e19352b214ef4e0e00a9c0bfa5301f8a7acf858169,0,0
d3830cc97c3def29227ff70cc3181407c03a7f9f4d2d0789d7785051c85f3c97,0,0
d389cfcab97594118afcdabc6332bf18b79960a0745b997aefc873a6ad51ea34,0,0
d39389ba54b7fb64abf91499f96cbf4599a571fe341b14f9833162dfddb4e9c7,0,0
d397f83fb9bac019e0c58c565c10a108c776180265f249dab00cf78f59904f03,1,3
d39f5eb155eb4c9ce50b8676e52eb5ab1259ac792efffdc0c5196a6dcba5d618,0,0
d3a1cd0dd1b04a2466d097519e9182de7f93d9d7ffeff2f39fbd67f8104b9a58,0,0
d3aed4b600557b9770147a39ee3af4c56d86d666f14992f472528670d216fdb9,0,0
d3b6dd11cfb7a8870438124add1d86d3021be8a10f202947e786cbbab1e49c84,0,0
d3b6fb48fe29fbfbd20b2bd988e6049933028c6454e2965debbe03aaa3ab5780,0,0
d3bb66b7e5c34d0f76a3398daea4ba60a6f6f25139d61e2d3b15a982f1313016,0,0
d3bd8e70756ea374223780ccf71ae539267961f5e2d6258543aea80e904461e1,0,0
d3bf9cb4108fc86167318a610e50977f6d092b1f810a79e451640984bf89e2f4,0,0
d3c246ee86fed9cef1f6c5fb806c8320152e61b9c3428c2c95e812b89d19ab39,0,0
d3cb2750688e5ccaae2f2f89bb0146e5db5687414445c7d62026136b5d356ed9,0,0
d3d09d615b5f10c12c6e2aba20215d498998116b2965bda0cbb8876d9397eb70,0,0
d3d2025df9dd20eb03d1a7af6995336486204177d5edd779df86552ac25128e4,0,0
d3d4b23906d1d0b518b4ee08d058621269be1973f33c49cf0e90bc659151ec85,0,0
d3df8b3c849045c680e7875b724a006540c8e896bdcd46da5a1ffb2c04a2c883,1,3
d3ef0dec8c21e3bb5edd2cae7b9cdcbbb41963108c985e2f0812f194e01af90d,0,0
d3f21710bd53f2b1a17decafe71987201cb24d185fc59f122a53f6dc166210b2,0,0
d3f7b1f655c032f56ca4ebb08f84d8ba84796883299030d78dca3d8272723c70,0,0
d3fb10cd638f06cbf6f028e6209635e6462a6c220aa40d42cdf6ef7bfa03474f,0,0
d40e90e3a86b798a9b87e43fe43738258e5ae704b46f28d3fc35c493fcfafe44,0,0
d41bb9abaacd8ea5a99aa938686a1b2a785ca8bb1c9ccf117aef0f8c6b513833,0,0
d41d00337bff04bf1ff6c16f08b33da773335215cb70ee4a201b5d5fcd8c097a,0,0
d41e23137f483bc59ae8ee10c9142916e5434c9ecd6a848678b31056971aab55,0,0
d4231510ca2ea88776aea6c137f08dbcd91788a70421559051eb217bbcaaaa0f,0,0
d426c62e127eb796732824066611699ec241dca258a77703828dadba053c435d,0,0
d42970ba62c9c106da2e6f960c1bddfce97730136f90847f8115ac3c3c51ff41,0,0
d42f5a3760f647ec858cae9e9fd82e572b4e1c4eae2fca00304537d9123eccad,0,0
d430c0d3fd1b437bf7af02fdc704b6580ff15d5a3db8f7cf6d45fea3aef79e8c,0,0
d435bb1094d4e673ef4dbc930dffca04922caf8f9395ba40265447765166e987,0,0
d4396631a007d35bd9c07c5c6d7d7508de8170f8466a5e502a499a3b2cc41fa5,0,0
d43dacd548a7d3fa0fb910b71ba5b64d0980f6987f55e1fa7b00a512a911f652,0,0
d4424f8b912f03e92e0e4a9e3c0842ab176f9b41ce42fada4ee6c3d089f3d54a,1,2
d44c08575ac3eeb3a178f382eca52ff5c412affa5228be40602f234716fbe219,0,0
d44e4aabccd19866bb8b5a56d0cd53778ca86311b4ee930be3eb216b55bb5a95,1,0
d452a25b8d4c236568229324bf5791fa8cb37b6d610fd5072762e4e50914abe5,0,0
d46a080f11758db12d99c089766914eecd12733d7a65ecccffff5125c468cf65,0,0
d46e95e3ad41b9e3c85a969c8887ff665f4e0d902be96d64581eda6cc08cc0b1,0,0
d47355cbdac7defff9d1649b726752974bdcb614829aede59e37c9cf4752faac,0,0
d48188df2fdd837f7ab406376209fa267b6b0ff002ce37e1ac591b0a48360a5d,0,0
d487e7dd1bb83ab9f84f6ebcd8e64f400c1fccd3bbca45fceec7f58662a0f40f,0,0
d48ab4ca682caad10246082116322ed56747a233053155144a5cd724425b5ec7,0,0
d48e5766f7a9d629f8c2ddcd2663709a1701a9888f1f35f49af3966567bb2d0c,0,0
d4986c9dee87188f5eb297d6500269bb318d3aa9a4d5ebd9368b42741d5bb621,0,0
d49901baeefcf47ec9aaee9dcb46da46a4aa0c90534f13172aa346563d884dd1,0,0
d4a44b3b2fe26d50f687c5012b4123509e16ba7978c05bdbd128787ca300f606,0,0
d4aa327346788ef41a36f718da2a23d08da893b6fed8dcc24ff3493e4fee7c5f,0,0
d4b0eac33aa68fc61ce871f1176950bcb76b4bda8886b0a7e13b3c2075e465b7,0,0
d4baabf6efcce48b6d622546f140c603657479ee5c404a829ed34057d188cc5d,0,0
d4bc6105ecbd1dee858a461c14eafc8fd465b05f5e993cb164c9c36907fc4c6f,0,0
d4c436dbb8022bfcbb4234ebbc5807c28d296910a77acce53ad6ad81f2189ef3,0,0
d4c9304b59ddfcd95294fb2e9672f4f196bd297372436c0a4149aeed3f385ebf,0,0
d4d2ae7c71036e4081d346ccb1dd35f6101bc186a08af6eb1e6dd8b6daf498eb,0,0
d4d564ef90325ae7ac9478453d76b89bbf6288ec7fc3d457e8da779e7a0f5151,0,0
d4d5fd9b189f1a0c6f7bdc2d3b70cc54cb32d4f6e27403446cfb272c6a840b52,0,0
d4dc476bbece236ea927c9852a0ffa3b393b2a8d22e7cd4c6ef38213e4e0328f,0,0
d4dd78940659683bef6cb2208c1d2c9493e63367b03f34a2a610f58f3df5459e,0,0
d4fc9453af54e594080254c9ff8114a0f325276455bbb241b9cf96fd45b7863e,0,0
d4fe031376b89b9e4a0fedf469e6dbe85ef9771e0eca881757da1378e9e217d5,0,0
d502fc64ac8b325a21bbbc3f9e58aedb5052d32e88172e6a3e39e038d67ea975,0,0
d5089d60f9679cb6cb6d1abadf9ca78c4774c0c3b61a121d20983fe88ec89e18,0,0
d508c791598dfefed28d8ba5b4c88e5721063deeb29f80bc1a89a62de5c4f795,0,0
d50ddc3a6018298235833d8bcec1efde684ba2243b08c1763a81c122094b388f,0,0
d5187cafc61d3f90faaa04d59e3f050e17369ae05118a0f9df1940f49a25cd42,0,0
d5295ece80ec094512cbe06f54734e73bd1a9117f274c08343eb6cd2bd888d07,0,0
d540f1fda63779b0e958d8a49c4c5d1a4c821f1fcbd96399e4691403d53585fc,0,0
d5467325c8ff66f42640b284247bc730e2fb48e8d5fe911dbf3a50f9ff46bf57,0,0
d5474fcfb54a54b4815c4df344735f6c9569bcbe1c639d0be056b1b358235264,0,0
d547a6f80da464fdc43017b816685853ce8ecec04d0adea6dedc8c01093619f3,0,0
d55292509cd3e3215cd1f2e9a45921ad6c85235c5a6ae2aebcb0b42ef011a276,0,0
d555ac9be24ffe18a43b7ed1d6ee871c2c8242ca7f2ee5425e64222b701cb255,0,0
d5607cd4fe6e7de199cf709f6b586a210f31775f7c08f8d5a1871057b0f7ef5d,0,0
d57770b6e61e4d451d5b4aafe092b6cd237634971e797f9c14a0b6ba1c9fc78f,0,0
d57929826fad8623ebda8dc15d4283be0acc0370ddc453caec1d3742f0c897f4,0,0
d585808d7437f31f43ac03844f8fb396660c36542fd3827be647f81d7cde2583,0,0
d5a038c363874b4741c6271b1a72dbad2039c4a321477bc991f30298cd362d63,0,0
d5a8ba983294a0087e8efe1e5a2270ca9475fe5e6b7016d3e527e44ad4c52e59,0,0
d5b0458ca1d73de61e2e29a9aef7dec3fe618d60bed2af7446cc1cb213e654dd,0,0
d5b79df6370bc0ac5e8057105081bd1305ce02db98481f7393b7c2cc688f036f,0,0
d5c66effef3a6ded3045660ae7097a6f192f99c08918cd929f68507082dd8f54,0,0
d5d531a40e3cdd6f794be09b6cc4f2dc9adfe5cac642add9c235ca62f44182a6,0,0
d5df46b558d956bba44c5bc59ea6c7c0e0a59f5f725ea0b9953861869e991f2e,0,0
d5e302c74d683214f2f2e53816307b655d4882c88d75fbce1f42de518e05634c,0,0
d5e486c549aed3671115d95b4f441b28e68408035577a8f4aa8853abc8635d87,0,0
d5fbcef78a65c9308e12b54d01af42f901850e0d20bf59b814eda9c1f8aff695,0,0
d60043c073776b7609ff2c13bd99f0fac4a2acf6e1ee788ab90047adb59040ac,0,0
d60667ba494d77766f0f8730bba192fbe68f0050ddd6678666292a9e2fe52b78,0,0
d61c2ed9daf005b90d94a5e3c9fcaecd48aae8a7834313e219a7c6352aa66772,0,0
d6248f4604ddca2dbbe8b3c1b78c99012b1139cca3d33de5149bca18a638bc4c,0,0
d624b3a086a11edc4acddfcbc855deea37248afa5f12425f4667e9ebbf5ce817,0,0
d62c592c62170bfcd2315230eb47afeed20d8bd875f8e489efb1bd89a8563443,0,0
d6346b26920ac5d1332e1cd5c8c83b5c33e1f0375db7b88fba67a3316e69b787,0,0
d63afe11f6c17a9cb342a99d1ddafde5e9d1d88fa0044997e55438386f5a4e35,0,0
d64447def8f84ba9a67add12fe3b4fcbc7f17908d3f0b6904fb99b6588c5ea11,0,0
d64832ef19ce991f4627c48a5f03068aad88c3d146303f4a1af65e72630da3c8,0,0
d648e8a2d044320e8ce1e701ba5522cbd33b4122c970ba739e8a915429bdd97f,0,0
d652002fb6a2244fea416d7226810ea18b72ac14f2c7b308fd6c7f081a81aa61,0,0
d65bbd25f33df2748b7bc2211a690e52f5f6cfb0299ecb97bebac2c7c62ba587,0,0
d6666842b0072ce0eebd2bab5f8570c393e626780458c6f42397f3c9196b1626,0,0
d66a312e509c0a4181cc3e7ea6cbd68e686727980074ea39ff14fb1360a712a2,0,0
d66fa95a7426a56b5cad44615d64713ed21e6069bb3733e63a69bb99f29223b8,0,0
d68a67a9b239aaaece066c543a771236ed04b4bd939ab15959393c0bfce6d4bc,0,0
d6934ea1f66b7411210eed0f137c05580b97f2f37639748d8124c443e255e05f,0,0
d693735e33abf9ed2449df839f02ada8aa4a8d6c6767ba9f42f07863430819ca,0,0
d6997e4d506548586f7ad31a5f735b3a1f8adca19d4cdc92d5a91c7255bd68e8,0,0
d69bc6c7d1ec352b562424189aa9a7022f168e487570303955211e4669db48ca,0,0
d69c036c1969911da396071c9004ca57ba746011ec4641a6d7e143cffb62f815,0,0
d6a9505340127571d29328195efd64b23d5e89b088559de861a2f538dbd557af,0,0
d6ac875fb591bb54b9039fd3458ec7b775b8877c038f12ea41c6eeccc67cd012,0,0
d6b4d1f42a3ffd9a3c49618de3cc8609fe572b90c17ea1d7019a7657b55ef94e,0,0
d6ba09afe52e57d565103a146bc1810ff77e69e9d4ccf1c0d1573fc5b9bcfc48,0,0
d6bf69260333edf3aaca640436ade550190dcbbba82ed3b6b31b5d6aa3725450,0,0
d6caa77f3dbe707f96fdc5822d75226296f74bfd6b1b3eab83e340735a8370c8,1,8
d6ce8a972d835bcf1df3cb45a2a3f8c1933720cdc2e56654d9c5cab11b6f757e,0,0
d6d50be78bc56b94782fb17ac3c1c1e0d1179adfc6d53bc3b323613e60c11d3c,1,2
d6db82ad8d9f35181a6799c4bd6c348db81b640c08129c43784b27be9ec11caf,0,0
d6dd79f559c394fe7641d023d0d15760d7c5de9798011d1a00cfe502f015f976,0,0
d6e4c080625665ed5a75c24cacba89108a7b8431d8fd06f2066bb3936063bed5,0,0
d6e58661a14d552289fcffd2272e1502b1a6df03661807e7f80e6573a19ac2b9,0,0
d6e9648d8a35c02d3de7c6bb0198323de97b72d43fd86bf5575a901d34d05cd9,1,3
d6eb7e2dd040fca1b1830392d8e94d1153dcb200a44c460d38692fa6beaedd69,0,0
d6f949dfbd9056141a2283b1c68e88409c5db93865716db27b90ddc02218c440,0,0
d70319460b6257c5f9f7f42fe11bac00b70f101897ab1f8b5bfadad2fb12e18d,0,0
d709db7b008fa1baf9b6b64ec36f294c59177f566646ffced8bf61a09e28c9aa,0,0
d7108551ce9cf7d66171055ebc705aea44c78e25e8cd1440e9aa845e3375c7a0,0,0
d71150e761547879ae330a123d11bb859fc9756716212aa0a7073022e504ebd0,0,0
d719c91c646a04ab20daf37ce6de443566e546744ff78cacace6667d0ff9a03a,0,0
d73d13bf7a6d1cc32f316d4ac6a0fec4710c65eb5a8a10c31e726766312167c1,0,0
d73d77c2917c0bf9653f58267da86467dc6ad2bf79fd0210279163d9f04ee3dd,0,0
d742b80b2f5c323aed75fc33720ad62e0bcd3de0d5a21c60f174341ba866acb4,0,0
d7534d38aa37aca0cf936689dc9c56c135523eb1b10369eadea90358db28c0dc,0,0
d75550bdf5faa989ba3d1db3f54324a5db6d33950a24763261420727bc2e8506,0,0
d7594cd5987ab5625da54818e1cac8ed600d2713d68038b5cb1f6b28371cc8f0,0,0
d75a92f15a63cd378883a2d540bc017cabd33e6d4e41592f6de0b01fb46127e5,0,0
d78e89ff47bee954c7349204b00953dfce80d671e78351a849b0d234f2ee779c,0,0
d79086907466ee884d2506894e9f24d50bd5180177f39e814cca2ddaf303178b,0,0
d79297ae843bc916dd6f9594cbcbc0f527dd428e85b1e725a15c96251fcaf44e,0,0
d79aed682e8f26bb18ad90008395a12261eb07ae9d3212eb2550117405dacd0b,0,0
d7a350a75dc65a58576b5f19b82a4c7c3f028e656a75f3369ff9e527cc26a21f,0,0
d7a731c3bb8c3edaaa535667bc4fda388efbfc806e92e2f75df864497e1cdff7,0,0
d7b676d751da658b33c073909d3302f6153e21e55714b0176b7584e15022a292,0,0
d7b7b811fa1c87a4cdd3c14c0e15ac0dcf6b5a2620a7c03bd4ce496945f9e292,0,0
d7d9cc0704caed623f4168e7e5e260ffe79806dbdb7ec3866fd0fb6e14610fe2,0,0
d7dc06e7659779c9cf8ed657f7d8e8c0c72b37fdd6c6715b5258d5f78503c458,0,0
d7e466ae628127974ba0722e0a87eb6fd31abc661d56b1e0fd2855ab520c42da,0,0
d7e6c1590f63964454f08a1bf6532a52539bace4c15419eb95ca82382c51fb4d,0,0
d7ec11594b9610d2e142d8ea0a346ffbda816ce8af354d0bb5c4a53562fd6ed9,0,0
d7f2fe2624f7f543610e3aa94d16e4111b69c1664b7985a460bd6c982d696aac,0,0
d7f35f88a7d2473224841626e0d36647a8ea75d403e753712ba0d1edb42014f6,0,0
d800df2d7c9f12253c805bc7fee345245e332673e4956c0dda6349774f1cd735,0,0
d801afb2bc472cdd0d882cc148327fe0211ed45c84e676f9f325b9e3d3653c78,0,0
d804af1d55693b30e55eaf41924677653edc766db44b1afa6ba06f721f750bd9,0,0
d8122fb902bb573aa48df573349354e7b2e163baecd4145c80a2a6f5888886ed,0,0
d81d6a9334f67396a5db104fb3249726060637cb8f421f98d69e8626f06315b5,0,0
d81fa1b87f2204e1c9d9e456919600dc8f42fdb9b78d5f55e512d5fbf35d20cb,0,0
d842e0e0f5929ad2923969de79cc80c7ba813e99205d6b2a010b9b3cc76578e5,0,0
d8479e59a43a80c35e32d670d37098ec5c864459d7d2996d7a29228c2fc5896a,0,0
d84db456c3c51c3b188229e1e638ed54096cd8d2dd208d0aabfbb4ff663a6c57,0,0
d85c6a10bdfba8fdb65b6158dc31c5a19752caa3b72fbeba52eb7561b30fa102,0,0
d862295af136621b4d34f88ba47d0cebd459a193718251266f0403044c1a89aa,0,0
d87856ef9ae00b02428f2c449bc1c7f9f016fc5d1eeacdf4481ef74b5721d3a1,0,0
d878d3449ff4f008c90211678e65cd85e94660829892ee62e9c50369bdd0cd98,0,0
d891b3a1b431016d93576126c842684e963216ccac26a8bd9705772fbea7fc43,0,0
d893ec450d1f7622f972d21fb5318890897a3e305f399ad3e17c3f66e3038958,0,0
d89e60f95de0f22a74bf03483d8b45050be36584889af5fa165c60f1ade2f4cf,0,0
d8a12b4da8e58ae45b06ab6af4d399f2514666a1ddac48ad7d05dc22144cfa64,0,0
d8a6162277a34092a704b674db9ad47937fb7adc67b51ec6d9491ff0496bf460,0,0
d8add5fb14bb58fbdb92fc5096bf7d1e0e26d1213ce25376e1ff0b921736711e,0,0
d8bcc974ccaeac19c65b0f511a150f656e3158d9e7a29ceeb1bb354de75b58b6,0,0
d8bde20d40fa9c77c2c70bb27597057f9627d40b51f2912e8f1ddeea8cf5cf45,0,0
d8c0262947629a7c18d7aa78943437b881fd717d18b691160938e4e2fe548845,0,0
d8c61d9996d376852f288570e926751fd347e728e2fe252275a589c05c188d84,0,0
d8c9ce56cc5ef52f9fd6871cfb01947c7d50e5b2a706e5695402af572a4ca799,0,0
d8d60e1ce47a6e583b59debc83335e5d9eaa15804a6c1c58a1f31b5b9bd78f5b,0,0
d8dff1c5e973e44d61ee7d3737ab8d2494aa5c40815db6e4ebd00e574fb52e9b,0,0
d8e18c36d93ba60431620aeba7fd8dbcf9454f682b9b35e8fca1d8b92309a552,0,0
d8e8e5da4647432a4f9cff8169caa5f5a47e755fbaec61aaad82125c316780c5,0,0
d8f8ac923b3fea55612d0117c61343aea0cd8f385db4a0bb77f4b9d9f95ca02f,0,0
d8fab558a10211c403d758af16af7da70828809fdc09c48ac5a4713356c6e059,0,0
d9062c1f7f4e585a04def305d4fdb9e43aec71d75a4269837c9292f4c7662fc9,1,1
d90c16bc189153ef937dfc29c5639ef2ebe69c20fd1de65591878208fa078e4d,0,0
d90ff5f515b5a6a6fb9af96cefc227266a90cfe55dcf17951a0407e12e60916a,0,0
d9169e2916eaa6d657201608c7f03e6ddd2d05f9c3840f52de4acb02feba6a1e,0,0
d9170dc16ffb670e0cda2fb08b3c699960b88f582ccef64af7ce403b19cc296f,0,0
d919dd4599a4aaba9f944daec8be393fb2c466474269ba10d03d589f352d5046,0,0
d91ee4d93059f362010bc334e4b9b75aab6e1565749f152b049f5dbe2ddde35b,0,0
d9225cd9170be9350cad260e1ad64900906356dcf2c2ae831c9a272a99c3be33,0,0
d928a13cd5d40804eabcef13d9d40c85eac154a99f39b837cd49813c58692365,0,0
d9309581adadcc3876570bd78b9ecf3b6e7ec1290dee0dd367fe4493921c2fb6,0,0
d936eda797a74222d16e40d843978603867bcdcc4737acaed6e50d3d21545d68,0,0
d93d4bc7d51fb701c698917d36a669ff0b895765938effe182053f8ee97b42d0,0,0
d953a827889b29d58b0af199cc69fd0244af7bbd4d5b408f8b4d47a2ec84f0aa,0,0
d95405cac8c5e7f304fb3ffee2d5881031a065d603083c4bf4ce40c6b35f9f1c,0,0
d959519b57c737ed959008c50776b3f930cee1025325e8eb42427e8671e0a92f,0,0
d95f864672d33966c0cde8383e39367cb3444500fbb5dde9f9cbecf3dfa23b28,0,0
d966b1ed646d3dba0ec399c5ba21e799603d2d06ebb8f8713ea28bca41af4366,0,0
d97071b647ad4ed52db3c16e8ab466c4dc6bfb12b537f5e83e50133e6df6e5b1,0,0
d9760346841f6df8cb05531112b9116dbdd2ea0c96ae4f89daac6cec81cdc05d,0,0
d976ca815c9376301c9c0ab0a8e61e34e8c9e84a5f17614aec7a8074abccf4a5,0,0
d97f1ea1922fbe1c8014dfc063d09d30536e27be50c0e84d44b9a3b67d6ae448,0,0
d980c958a2b032d8bf6373ed5d3d838616d550bbaa4d449af7d9655fab009f03,0,0
d9892d330b429d2112168652aabc08ceba12e679dbbc7fc8150641fdf81fb3b2,0,0
d98990e62f7d9765726349b73a1d9882d727c6df631341ec78649c8958765926,0,0
d98b6ef0c154e516a4970aed9da44bab758a700815851b4d8b62531007b39c4a,0,0
d98e7bc1e19655421f92fac8b9985db2b11d4f4d79a5100c311f695e65703331,0,0
d99d9442547f54eded73b3d6f4d9edbe781551bcf002f1879271364e391aed2e,0,0
d9a34ff85e7c321b53537a105a9e885f3622ec376a243e5146b978c0d608c697,0,0
d9ae6c8a65198679b07780d2a2ff9ab7e42e3f2179f66a23851ff09b11cafddb,0,0
d9b3777576cf2796b9caa827b6a989654e6e37b9c233fb00ae6cbb5919bd9cbc,0,0
d9b76eaaa98b986a281edf386ea077c5af6a2aca0675c43f1df2c348da606ba6,0,0
d9b904361fb551cd8928458097cd5594181b366e70d89fa6bbbbe08036c2e894,0,0
d9c9f0cd215713555ac554a03d17527e9b31964e9773670a0480a09d1575d804,0,0
d9cde94d96da75a70e9f69b12c4ea03ed88eb0184ca30ed098883a0963a30471,0,0
d9f0bf32ef2f23c2c98c1cbee6c6dfb3408210dadcc79c1bec516fedd03557ad,0,0
d9fede9040db7f225fb2f9ec718a93ea03c000cf40497513f43fd3e76746ca94,0,0
da02bbba4e1fb31a00c1c2357d6e47e040dd66ac030d9625cff111ffea97ec40,0,0
da1a1c4c9e856df8bc2879a8222fc831dd91b4011440d162f5a37e9e9b279b28,0,0
da1c00eb0fc5ff7696d2be5e2d1dc075e494b9b312a9b7147d9116b962bb36c8,0,0
da1c22576854f4188cc5f76920ac3a87b0b05ce902be0d088663d3d21d64a17b,0,0
da2572e1ca2a05697987a13043c070305a767d8809fbe0c4694b7b8ee697fe8b,0,0
da2707e7a2643c089bfd32fe2253a1058a182bdb51646fb4f7cce27c5db71cea,0,0
da29bcccb3dbeeab14a7a502e64d0af4761a20ac5a7f7316298579fea6ee393d,0,0
da2c07ac101c66be92f4df18623e79ada9f323ff77fe2ca5e278aea581b9fbeb,0,0
da3178567f0121f20345c872d002194b7dc168d3548b7c138f9b8dfafd591fa9,0,0
da379a9f128a2d2f44c585975c3aac4b7d87a219f4c9e87517aac496510b3c47,0,0
da49fa9ae67a467f09eb416d20a4dc0dac6754d17a7182316df1a8d142071104,0,0
da4af7c20a5920c6ab0f31daf1d43a7efb37fc6578e73cef64d97b9e0cc82bc9,0,0
da4e5a9fcd2da11c4440ed36fdb4cbff708063a7bea5f08debde701a8d63b4c2,0,0
da516f36344f7fc3b2adcec0933eea15122a6ccbeb3aca407bd45876b19c45df,0,0
da53b74c596fe111d3e78478b1b084c17c2fe3e016b9b72ffa7145abd8d618e3,0,0
da69a22a104546e70e8789e590b29e8caa7c7bdcccf8f3cb1fe8833a6942325c,0,0
da6bcd368a882b87043e8a57e8f83b2a069cf2e0c6d3e7c38953de3b6128e2e5,0,0
da6d7d414aab82aae7e19eaec1bc798ef8701dab94024a71e4d362daee94f9bb,0,0
da73cf04355c45126b79d34b569d9b11f87e667b01727f3e3aede1d788927d63,0,0
da77bc23d1557339f55d66d7b5a36f630f9bbd3ee6da27b850d5830354aa8130,1,1
da7e28e196b1f073b8f3d1f8892a7df4c6fc986e5273454539a02dd12c5fd270,0,0
da7f8fa14bb8fa46c85cd42cf5cee6e96fe97be4aa105f5ae2ff60c2ad76e75f,0,0
da80775c68bb444b91769c44549f98e420cc789cab2f9bd66d345d7056f5d443,0,0
da8d75bed3a84614bb5921e29e3a6844d13ec11169671f2458a7f95771e467cd,0,0
da8eef3b58cfafc2ccbecb4a3f7576e5de3299bb342704c70f879ed22d66a060,0,0
da98353468e7f7cebce02db7ab13769a87e8825502efd29b6fe27e2de2c7e36f,0,0
da9ed6eff0b0c6530066de0baa951198227aa23106106fc0347f0b9bbd045dc2,0,0
daa3b5acd0ff8a801a45ea1d4de666758767021f48047dd20a1ba5f5ca3365e0,0,0
daabbb5ba03c167ae6e002bf150dda9d64043b3a595320d233f946fff1b06de3,0,0
dabce71ac85a1364f4cfd8e64a1bdd8165c0e2b57b6028321d08929f0b532bcf,0,0
dac752f7f1bccef8b94a3028aff4278223c0e48f082d953a0dcb69e7aa55b0a6,0,0
dacabd61383c975687ab935cc18c5ff9a66ac01f9f0e5245d5df6301a06d58ae,0,0
dae7020a93ff64bfd6d33d131845865d898b829cfe789af1085151c7938e986d,0,0
dae70f458b0ca307295399abfef272e3dc7668d26646c39d87ee125e165f181d,0,0
daea6cf3cb274152417e674aa77d875001aacf0a45aa71ef35645d1407540cdb,0,0
daed53dfceeee6eaddced59deda49a49d39915dc9b166633cb9c6e4e60d7330d,0,0
daf10c9dc4f474bd900c49a60787c3cb06d1ecfcac9dc2195202add5b84ebaa7,0,0
daf3c69bf9712bba36f90aa352af3d53941201988d5715b37b0843d6ff0cbefa,0,0
daf6d22bc70c2d4c49c6c1cd4e571a59c158833c68259d4bac5db5d8d1dd5b79,0,0
daf94dd391184c95119dd3664007d379ad36b631f55527994b0d74867960c501,0,0
dafa2fba7af413c957fa2b2d5e0a781601cfdf69c6f574c5367156809f5cdee3,0,0
dafa8e88dd6e05be628d36c8a9967881b8bdb427f6c3346964f22d93de89a02c,0,0
db28a601257d87d3c4180c6f63c98c8d32e4e25b7e68187fd31847eaded2e65c,0,0
db2f4a79a210f33a2d96c1ec036e97653bcb12a9005178e3a0fbdeda6d4caa1b,0,0
db35aa88d72619aa0a9ea59266698a3f9b2b31e16e63f92cf2700e0a014da8bd,0,0
db37182edee88cb83f280b850f5db3d5d7b5aa44dd41dfb581ed77b72d3c735a,0,0
db3a628f7fc3222f5e3f3b0e6cfc14122791c3d3fff04b27fdbef84b725dbcc6,0,0
db3b432ebf274c3250e255445413b62e3fa9cb2247e1404e5ea046b6dd43c809,0,0
db3ba7440b31365fce6b4ddc1e1ba8af3aa60a501ba505a32fe90756716d2a82,0,0
db55eb9b1dfcf68885410597572b44337c5514c0ac85ca1077245be1158b66db,0,0
db5aa2801da1b9190d4c1f52a19d8e4a46af3ca067d88b8be927fe3004577340,0,0
db5e1506b52571ee4b79e0539537dd584b55ec0029adc558207072d8d7bba3a9,0,0
db6492308fae596bbc67ea7b5b13002af997f4ac0be527b77747190d0b3a2ff4,0,0
db6ebab82c7c5c44975f57955e29e5a86bcdebb2635847541b31b99d840559df,0,0
db7867f0d7eba90fe6940eadbf9a5c50fa9a0d906c9ef6ed166271de2dbdc237,0,0
db79c33d31fcdb3e6862f5107c030ea551e685f614c250344fd3085a9fab22a4,0,0
db7c0a7ee844abd035014c5518e2400e582de9ccfc5bb169e23920eac8d54e8c,0,0
db8193ae1f4b23a70670c32cb435755cdc7694c383952b4fb0380613fc5e4b53,0,0
db87914c731ce56474e6ce85bae0d9db03cb116a37c7b406ff1c2e99bf595d80,0,0
db9ac3d79b4371e5c53af49ccd7c2f6e9f8b68478c44b5785f10603829b09f3a,0,0
db9f848e3be388c9242a1b420f956452db57abc72ea17a0977634656d66b4abe,0,0
dba7afcb1ce1c6abbc1b60ca38ec02a0a97a82760d58eb4eb2182a4863995332,0,0
dbaac5a4278bf5d9b1f2723e4c765617b0fcc3e9c5b12b0da2c32cfce8ff726a,0,0
dbab56ac90f0253123b202cd2e5cfc030034dd1b7391835a4ab5c0f9ec0ab608,0,0
dbcb2bf5c251bb96d38121c42cea3f972f1ef162c5a0ebe7733394394be22937,0,0
dbd28c0368ee904430c92907dee31774f0ae7df3bab72db54af0340517aa5e3d,0,0
dbd5fb2c0b584eb58bdff0b14f090e7a913f0ca9feec2845d7e24d29b1c418be,0,0
dbd9faadc92ad6cfdd083f7298c78d6170d47fc3c738bd9015a81f04d11fc15a,0,0
dbdba18aa41af038ef26fc1896d60e6db46605054e688a2e142d9afece7811db,0,0
dbdbbde20601091dc5a92ac90bf56908c3d20260cea93e090e5017f7df70df2a,0,0
dbe8b6b3864d5629175dca1470237570c772ab7ccaa939352437dad0b22cd577,0,0
dbe8e07ca865708d77ef729164d6373416e5207fdeb5e99998e7f8f4befc4c3a,0,0
dbee90df63ec7769c74da6bea8e3aaf21e21b5a62819dafb8049b27452ebfd22,0,0
dc016e2bceb51d9328dbf53a2f0121a03c05dede714156413fc1f5f606468203,0,0
dc01cad74456970d086e0725faadf11ab71586997716c5c632a60e26efef844b,0,0
dc02248882cd535b0b313119dcbbd0e17d3910d4c2c784eeeea0d15905443ce8,0,0
dc0f5756c8396ae587b8c7a721c44bffa680445caba0fbda3dc66c238d0c58a5,0,0
dc14d62fcdb7ec984aeda239c16eb59c6daf1ed1be1f228bdae63eb8458764d7,0,0
dc181d4e850841b09e40ee4a8ea09a1d6ed3d0c0a86f5f08534c4b5bf5c79a16,0,0
dc27cd7f5e89a52e378a89ad600e0ee05770af3d9fcfdc6c0009653d5a01f47c,0,0
dc2828be6a44461a27aec1982f2780475c9e9b9fcfde4534bf8c6887cbb66f72,0,0
dc29bfe42e82a7de8366439d85aad9f4d924f75349784e20aa346dfc34278eb3,0,0
dc2a6d48fec5dceb5016eaec96fe219fe922f2c96d280e470c9ce181e18f820d,0,0
dc3768e175ea311aad6b6d72c300074ec3da4a12ceb03099409894852954ca63,0,0
dc3eb2c63001ffe7593754ee93d676667602ed69faea3047d2077ab9fe89d6cf,0,0
dc4950bf05512347642f3e0c3f489fbcb8d30ab43d27be8c0d20caaa08c5f648,0,0
dc4f3a4091cf93df4131d41212619164713734f9f4e41836d2f0fc0e5088efb5,0,0
dc505af1fd3c5fc65b037250d5b311b6780baeb6284d1d607a9838b7818077e0,0,0
dc50eb5818db5c9a41c4bcc2aa69a75269b4abf44c009fac47c9c8b8aa22f07d,0,0
dc5bbad37ead7e1e2d2d1493fbf0bc020e48922cf042f76b5bcd2c4ce3d4414e,0,0
dc69d3cb8145017bd1f6d58b5a9e6f71ac9ba794aaa673bc100ceb2b12635ef5,0,0
dc6d401b9439e9bf325a90b23dcbfcbaa3c7697873aed83096bfd6e36a02bc70,0,0
dc70e04bb2933e0acf3e1e6781f195c4f67f11bc54e4fcce2baf2f8060d78779,0,0
dc71a1726cd2702d8902f5f1ddd1c324d4f1666ada642e88d8e24be32b83a643,0,0
dc8013fd78fb080c5f58db9d818f1902de2d628e94b447c0110b1c266699f7fa,0,0
dc8b795986fb4b1ba745d250bbdc6be211000dbe33b7d72af7ec4fb89726d232,0,0
dc9484b36c0b84ba105e177ac523afdf46cf54b4d2a8e522bdcb0b07f6a81d21,0,0
dc95535bd639ed1cc3b895d9824a2a27b620c9430d500dea329da6090f27d203,0,0
dc9a9ef7584021c3928080a1b241a0a045d2aa3a75b931e1526e792a4c1f116b,0,0
dc9b71682573a945eded0104140b0704266807379c502dcef35379035d991000,1,6
dca93e788678d6cafac3326d122d25dfb8b0892c9b309fc7d4b9d3b34473a5cf,0,0
dcaddd57ea5983ab7e803370ebdd1791efbd6eb05773fcae3893539bff285168,0,0
dcb6d5cbd531cb7c327772c66a93aa9691226b16f5f5e1848b8019f7c8b57065,0,0
dcbfc7d27c399e556d1b4f99606c4fb25270fa40c870b7ad22c75faf6884a238,0,0
dcc2c5d76787703dedecdec40c01bee27e02058054c9771f1d0f44f8a89b6adf,0,0
dcc70cfb324ac02263b56d1716b1fa188e99f6f13f780c73a6fc665dace9bbcb,0,0
dccb83835d0177b406000272799ee2c76f40141ecb53dd810b3d3c476e09aa9f,0,0
dcd45dc252bdf482e5067644efc05b99e693f657f8d55bf093b90c212cd9fdd8,0,0
dcd5999c5830a1a75036d75b3e733e73c706ba9cd37a3930f25b8e1ba1adbb54,0,0
dcd8e57cd07e0bdef733903add84a93f8ad7c637aa4a2d80aa41ed31958d7d00,0,0
dce3788638342ebbb1e1da1fa9d5e680fb096c7401d41267b22cf821f437639f,0,0
dce94a36cfaf5ae5a10a31e52cd3e81d4899d1290923879537fcacf3543dfdc5,0,0
dcee84bf7aecb213e16bac31d2df081076d369ec91ecb361bd06a3fda1dee876,0,0
dceeffa806160feed244796e2a87b27bce7e8fa40be26b17f39d17ffd00a898f,0,0
dcefc8122daa8f7ff5300b3b64524c9f0dcf10b76120a7923cd6b95a353897c3,0,0
dcf4d5a36b7c3d5969959049a2b1e9810823d9dc48bbed740d25e651ed33ff01,0,0
dcf61c83136a6b5c29502d1ee09841c2ce7dadcb0ac09c1ffe4ee5faca3d17d9,0,0
dcfebb72f5227bc5e7bfe27de9f1341ebe5b55c9ad2b2f4a12c866cde5d63477,0,0
dd20c5f3a1024b5b259b0a906f2c4e713042faf3964160dec9f5fca65f3c7d12,0,0
dd3107a10bddf873a55c0b4448cf35d99665646bcb7d5c1ca65cb5d50f46eca1,0,0
dd3346dab040de48789fec8122efd797eca52552b82bd66f589680d09c530254,0,0
dd35857e977f814e38d4b796e22da507b8c4afa0ce22bdc275daa2952d0c95c2,0,0
dd467af8fcc425a462cf10e9a5743b1f6ab2ca11e0db563f7a6e9ce13d25ff42,0,0
dd4d21a2c21cfca6ff4aecae9a085af74c7f3a603773fe04c35b8f6420aeabf4,0,0
dd5710e5e2cd112022c8c775b83b281482fc18c30c41594ca4d60e592e3aa8b5,0,0
dd60a07b45d50613a7b62dd08847e294d9776b54c81e5082fb1f2906da9a20eb,0,0
dd66b0d7b2b86c9f915376d40995c18cf143cfde4988be9928cb8354818b80e1,0,0
dd7208f938c7eab50135c0ec6c2989d3de1069ea22f2ef28882a0c79674851da,0,0
dd72c798992393c43aa76d22d27ed47e8d7cf0252e387976084fa4e0820a4b81,0,0
dd79fcf6c1f025eb5f26042cd3b695ddb768ee1f5410a24199e32b836eb367e6,0,0
dd97b03ba3809af04e1f3dee54d86d8e928725e1859283c60b7c22e39ee2cdd3,0,0
ddabe6e07697c8bcfd6848153a1baa6554759c77d3dbf03db47a054997040a8c,0,0
ddaeee017460125f1aceee507a86ceebd81f294baf802562c0db9dbb15465316,0,0
ddaf5afffdeb152ffa90ee3f96f1132532e32b4aadc2ce5f49e85db0df2ba5a2,0,0
ddafc3bc445f3c3a8131272e89c55eb5cf761a8a26345c3c7e0345a0ade8b486,0,0
ddb7705e1b9da89b5b23abc59c170b14cae551525ece1763398c31c1e3e76680,0,0
ddd1ef7b58a3b914d8b671f6f82b2b0bea08e678e892a5b1650a36e5f4af0739,0,0
ddd35db01054f7ecf5c7d837fd52f0a76cd28601d5d657e2e48cb2807f74e091,0,0
ddd8326a45d5a31321f6af591b56315c8181aa93f4172213f21c6f01dd1fe9e7,0,0
dddab23a5657c30ec94def961d821368b376194e739dc6930e96750840dc8537,0,0
dddba4dd7c83631f835b9f921b107dcd43dd4e9cb3481c705950aa426cc5c702,0,0
ddde4ab48acdcb13e87779c9349c15986dde29a942e49c0e8b5ae6acbfa10155,0,0
ddef39b8cef4f8d8e79b05af39dd576610fface7d18cdb7c6148f6f9adcf455f,0,0
ddf51be664bb9b3fff1dda492c9419bdb63c67fd8d17c0f9d0ebfe0d53d4ed39,0,0
de0e8e7e084e8321275f2ea95af676881b7cc1f44f631a52696bb73ab28514cb,0,0
de1cd863cb1846adc45269edb954900e00a00ef7db3c3327c571ee6be1180852,0,0
de20aaf4ea711d38dae6ff0e0fd9769e5b7d68dd5ecfe18ae82d90aad3f3706e,0,0
de298d29e9fbf5600e6a189e9bf3470ebbe44e1518bffe234d926837856d225c,0,0
de2f55e618e72a4473034ecdc659d52d3465d4e1320276fe32946eaa600728de,0,0
de34b8181408f1d9b703b991f3c57c199837f7425dd9558b289a68be33d9a9bc,0,0
de398e4b66c76eb9aee4f72c9010cd5d56ef24a605751ff6d777dc253b17f62a,0,0
de3daa361cf88c098b4fd7de6d878a3229436ae2571251476ae3fbc3d5c161e5,0,0
de44e51dc3953fad967d6486410dd584ff6f219b98365ee2c448b9d3b998d956,0,0
de51f74468a6ae97e0c4d38908cbb9d365febb773d12be85486f53ec7c55e8fb,0,0
de52ba1122df6d45cb5d0d86fd2a349bc32449a67beb122dd977304cd5f15bec,0,0
de574fe0fed4199cf6877f7d9fd602521a897043f487ede1e60d883dba9eefe5,0,0
de6b3209a2b82eeae09da041fc19ffc8c4bcee528f2ee14f023e42c62738b92b,0,0
de6c8e02a1d60fccd86c9eba755752d334db88b5108bc46272c42c78d847396a,0,0
de6dcd584383490dda9f53f7b6fb5f05471fc30e4e907e7fd0be0a448861e421,0,0
de7823643a07008c731adeac7f7f3a1201a8898e69aac8dd0020e154b823088e,0,0
de821dd870b55a8e5666a21dd6918ac96bb50e5154c4e21749ffef077f46663c,0,0
de89b1879805c69fca4cebd5d76dda8fcfea46d07f7134d1513795b71048c0c2,0,0
de8fd5a6d1683607c57f2108864ce08ef1dba90054411be7b017e3f305b61e98,0,0
decca8829325ebd3ccffdbc352ba009776cc7fea8bd68f9b848a3ff1c63f4024,0,0
df013620317a1dc3e1063b6529c47a74132077f1ef99516943441292a163da10,0,0
df0251b1a123240bd76208f48d502f9115a6bbf29d3f8630d26189680cf45d91,0,0
df042aa476324362649f11b7914c2b08adda59f94bc7e96f5d735357879b491c,0,0
df0e2cfe354bd4c4e7217d92cc77c4ace34fcf4aa3ba3ece7323f2182e17de35,0,0
df1146db720a6a22727d3acbf13f67951e9a8b7f44ef457ce81995e63c2a691f,0,0
df1c69e9c9bf0ae82888972ad5fde706aa148c2fb17d725cd80d71dabedbb8f4,0,0
df2f0b1e9cfe4741096ed21cbec49469dc8d20140dcff3d9c4997ff4c29dbd48,0,0
df3b29736487bef9771fc3bb7862303a4f38b6d9ef27e100a95aa46daca0c694,0,0
df415dd9d3ba1b069f152df02243075603eb914f758b1a796d8c01e9b45d445a,0,0
df49e22ad4f73c7c12009fb03484ea1c0eb348f1bf1e32dc6c8949696ee72505,0,0
df529a058f0c029c7be057ad40186711fba6d52e889ab5b8f7e90ea188e4ba3b,0,0
df52d4e2f2cc72439e487cad4aa11cb1f387c30f4499b41f6cb31444471bbae2,0,0
df5321d71bd19fb49822da5154067a443f028dd3debc469e1e748f33bc45aa70,0,0
df6790110f4b1db82067f07a9fde482cee48ff2b04a106eb5b2816233ebde158,0,0
df6f6088e64996d7a04331a37628588e25f18f1fb763f85dbf209c1b57836dea,0,0
df79496243c4c73ab496983f1b52d8e85d8deebfe3c8bcd39d59216143df8693,0,0
df85183bc2bb6ac557ac1c5c2c4f203f77ee19d67409dd8fe67d232f475fb830,0,0
df88145a7007749756e061e351ca0062f119bb1eb2d1d4cca15de9d69070794f,0,0
df92e598d92310862b555f1a604420ed2451984afa26143bcfab2e3dd4f8c00a,0,0
df958134e708138cebac59040abd9a14547b259343926b359c7dd503ee0e4399,0,0
dfa7c147ed2de0d1317f785943b1865edc7c329149ee9d51412eacc3c67c373a,0,0
dfa99b20007789e67bd1b86898e63bbb447cd7843fbaaa234e31287cb9af73a5,0,0
dfb22368f57e7f29d6733a19b325bc45dcee52f91ecea9bde65b922491fd1dad,0,0
dfb76593659e77face109b2f6b2b0f7ab450d26a0de659657031c02f04106d13,0,0
dfc67f5fe9bf33e0b7c725b83ca3a7ba7ec73d1322fd65536c30c329a648b4fe,0,0
dfc998ec8ccfd552e40ff1a559f69857c85fb722e14b678df7069286ddcb69c3,0,0
dfcde7d2095a076415bbd67f82aef4d414f2aa445dcb2737839f2989341371ea,0,0
dfde559d4b2d8c4e4b3581195bdbafd4213a2b8fdd5186852fcd34670deed043,0,0
dfde822dfa1238a4f2a59b6ad525f975bf9d557df4c17bab611c3d5012efb15a,0,0
dfe1d184058fdbced2fbc4e8b702764f8354e1b5ab4ad3a344b4d2ce0eafabf1,0,0
dff2caf90d8e1f1ee06602981bbb7825793c77490690b633f70fd0fb04afb772,0,0
dff76ab61a5eda81a08baaafef0f08aa0d0c7723a9117edb69f84674e67cbdf2,0,0
dff781e6bc03f440d156dbf7ac9ce88a46c1317b26bdac3c7b61f71560c59968,0,0
dffd3c4c0a7fff3902535123a5838e37e7bbd0914229d6c4a5a64ca9e53e242a,0,0
dffef221ab3f6ed766ec48883063546dd79183363e1e4dfdb91918a2f1fdbd4e,0,0
e003032cde69a92edc708f1d39ac364f9425adcfb2367294f1561b0e486f7947,0,0
e00e95b82aaceda85a3ab7110ee55fb8c76f199a3bc28ed0984bd3648fe6946f,0,0
e018895a0d8f2ddec4370d044e0dc56be1925af297fa10f870dd9b4821e2ad06,0,0
e02e59d0a172b2f7eceb68829d91fbd958dfe421205667425fd1dbb6aa1b7ab7,0,0
e045d7cf6ef1fbb00d1a57133627ef7db0c2cf80001da0180f0fd128efa156bc,0,0
e04b4b54d033b7c363c17886e9fb7f634d1472f57a1983f2e556b9883f017940,1,5
e05890666907c9e99756fe4b8198c72fd064a55bfaa3d3bc0bd2bdadad40719c,1,7
e0622b5627f1f06d65af5d3a5cb84d0fe679e7d4a0c9397352ae1e6f0008b486,0,0
e062a7547b23d9699ed0a1a64f91d3e1ab3ab2f980f1a0ce597e904779d27b63,0,0
e06ea882e777715a832aa9b0d4ff5c4e0eb23c15d332334aed5b9368033d5004,0,0
e070ef0be2dde2e61cf7525c4a5953e7ba5d95a760fd22c58662d3b6a37db493,0,0
e07350d81dbe99e41d4af846a3ce77cf39df41dd2a668c183425fccc254edc2f,0,0
e082e8e2ebf04b9bd089ad9431c5d2637e287f75834c1cc9e8606b0d67610789,0,0
e086351bfc99513555bce3dc2247fcb0e8ceaba828e63d5f48ac85c817d3bafe,0,0
e08bd92218c90a76e57847ed5b45a941a9480070e66490c64a26fb5ae9661c4f,0,0
e08d98f837d03a479d0ad7f439011696902a3470e7f634c3a3e78907958dcef7,0,0
e09d1f535666af9b3eb49d1ebc307391ea1e8eb090bf830266a5223a295fe712,0,0
e0a83ff91b13f79adb8857b139744551b1b1bd0833fc603be117a4b1246cafe3,0,0
e0aacd2faa721d7560b373fb6a67766687f584ef69c8d673858899aa7e6b129e,0,0
e0b5ca1d4192c4157a8fa745ed066c5fccd6c6d3a157f83f972b161ef1fec8e7,0,0
e0b92eb5dc7735676fd65676883f8108bb48a3bbcb8ac9934fe87e64e0e27e42,0,0
e0d5e124a98f2a090e56954ec60df99eb35d1796619b2c5aec01f4b16bad45a0,0,0
e0ddae0b2c27b4b18bcb50cccedeec5a0d38b1c154748b41392d60e12d54471a,1,6
e1039b1a10aa187b13872abac17035594fbb946ef7cce693206f6c7ce7434165,0,0
e10d479333ba8a3fde3ae3349e28ab028f3cfe939f34b1f4ce03a33883cb5a14,0,0
e113246df99efb24df2e0ff5bf532637d9077c62fe871b119adb315789afb641,0,0
e1177cf93529a4b0f9f53c9b78536a1acd77c6022dec79cf4c39f8d909cf2317,0,0
e12fc3a4cbeda10cfb8c714a9de510942836e9b7d4e1d2c79e77383bf6a1109b,0,0
e130eea2f09261a4677a86aec192efe817501644eb175f16d6c254ddd54a029f,0,0
e139364f8537d61b2f556040354d5773154cdc52b2e5635088a22b84ba9f8010,0,0
e141e933d83e62c530f8d4c8bb9f560a06db580828e77cec383efa0b8e466bed,0,0
e146009670f09eb5bddc85539574882fbc3fb952d5fdc2e99168ae2b2c5cc470,1,1
e14a4db2fcde9a59ac18e117ee7abf614259629710d2ad84c9f3f4b804f8d0d5,0,0
e155862ce81e029d7a48555f2acff4bccfbd6b1015a3b3ebd15899ba6207bcda,0,0
e1567545a36fb6991190a5de2a7a2128ee16ab83d4a79d13204a4163c30a60cd,0,0
e16595a746e578b4dca48707226d42cd1a88d5f3976f0f180a0aa5427c2612a8,0,0
e167b8aed442fa857f843870f026d0ed2ce0bfc495f02e01a1ef26479e3bcc21,0,0
e17defe899470eeaaa14ee115e70b47b7cc76bc6085e83b640e6bdaca9cef957,0,0
e17e4bc8b66caf8b69c5c0f2d11759690da4dc94cac80e3606c240623aa08c76,0,0
e17f76cca0bf0a6dcd54d19e218e82449efa431e43aa8bfb3d595a4add86b3e8,0,0
e1861ec79270e96db4a830ee385a5a8fa421a2538f79fcf0603e1249a3f280ef,0,0
e18651ca74e1734e6e0f8ba447043f0024473674896ee168168d5cc52889155a,0,0
e18965455a609523a87381e8ca6202ad516fb471f6ee9ba33936903e1c59762e,0,0
e18b31c16cc8d334f0581bd955334cea6fc9ac52504f3055562c358e5a46ca7e,0,0
e18cfe2eb0ffceb533c30ad99b8f2ab39e0082820bc8d013f7f9b6a7218605fe,0,0
e1917f4d116c9697f9c32dd66334884eb50ad73e0166fa518dc28b5c463a2718,0,0
e1920d04a196a9160b21188226b2f5c1b072dbb8e1d1dba0a394e1172aaac29a,0,0
e1985a553d1d62a0fb2c712d7208c414ce3db9c5344adb593ceba793b409316d,0,0
e1bdee0d82e4c841fba613222d2d9550336daf592b62d5368e5a7cf491f963db,0,0
e1be147a4dca2622b2accaa215302ac62ff48951750da92bff99b9786e1fd0af,0,0
e1c46e44fda5e90fb3a9fd3755a555f09734383dd0f32fe89e18de2807b10e7f,0,0
e1c6cae607ef479a31b83daf9b499f975172585d86c0048fb2eb53943aeb8b46,0,0
e1c77897d1437f9d8e402a1485f36e9b1aeb3ca60ab0d4e5c3fb6e1f0f2d8ddc,0,0
e1cb68c26ee38962c83b2649e71568af4962a21f11116c3537279b5cbb4d07f6,0,0
e1ce203917f0f8bffd161806ffbcab0314ab0330592140975bd32b42c4186d67,0,0
e1d1e6688231f81a7af7dc29f4c9ed80c0b4750f651a0d6d9bc90b2f90de6b60,0,0
e1e15a43d6a25964a9e2646e33fad2bd1af88d3b08ae674e6b5dbe83022efcca,0,0
e1e35160c19c98dbd795267a87bf51960a7f5d64a0ccdedc0f20c37439a6a0a7,0,0
e1ec59ea50245d9cd5ae84b2abfebebf94d6fb19f766c0bdb6ed0a207a79ff40,0,0
e1f69b9e5ecc395e1d3ca2f3a844f675f051cf2547eaf55bc96323871c07a731,0,0
e1f74182349f7e5a0fc535d9ca7b816efbc10b7cf137b154d6ce15d75841eee9,0,0
e1fe3accae879b588d5a68b1c0fade2c80671a9c6067aaf94e510e520acbd775,0,0
e207a003aeef4fde7ab21faf8297b700f97bf3d8d376f0bd2bddb0cc758447f8,0,0
e20aa07edb501f6db62014a578aedd64cef3ec3f4c902a1b2b3acfd823c744d8,0,0
e20fadec2f214260a41e2d2f5af92a762df558be45854f296e39baedfac6ff3d,0,0
e2122f31d7318fb1458f0a19c96d82e4c8e2f903e6f8e1750addd5d7b28f6408,0,0
e22062a75619ef9c67329de7b6cc23bbf7015b661fb785fe62947ee2a2aba05c,0,0
e2261e5797bccf9c53b5cb54510983926054aa119d5e33dc55a73ec3689f6aa2,0,0
e24c11232d37f444a06943ac330735188ba9567b2a3bc10c22d17c9f40db3d47,0,0
e26682eca1f46e4a7c7426edc9bf0ae0cf4ce2e051b021e6db71119f83e25b2b,0,0
e2688e9feb12f104078175e688a4b5bf6eb3f98b8b5c44293aee817a83420e76,1,3
e269abcf9c8a35a87ab2835bf9ef3d62a73182b11c73b8dafb04a5f04d4e909a,0,0
e272ea2c62a0912546eeea1b107de11bbafdd9b7d2fafcffc8a33a0e18646e7a,0,0
e2786d4a3043f3064ec8298115ca471119101972dd9418abd93f25d346e9f878,0,0
e2793b56eca3f26e0911cb0e42e233f1db59f3cd52d6201d765c18ffa9ca31df,0,0
e282b37ce42639bfd6b58cfacc541abd2f21fac8cfbe84754b657194276d2725,0,0
e28b2fd1e3bba660f9827b7eeb97d524f5c1671945e119dfe2c0aad2defdc02c,0,0
e28c6139bd88d9d3a1398ebc48622fb132449d5024df7c7354a4486fc27ecdbf,0,0
e29791f281f3e076471953e608a1bcef1d02b0681513ca775d748c9443e83e7c,0,0
e297fcadf492af04f81febbb1b9e03232b97ea2b05f5aa7cfb0ea130c2f6c966,0,0
e29dff2bcf56ba742841a0e4d821a6a4bbd03c2d8f25ad6e4a88199b071c7054,0,0
e2a2240bf0d7bd627c3d0f38b30185683d2138a36945b21f538c03b99c6585ed,0,0
e2aaf9551236c5385a442ebcda49c5016ae83557e5e2c9e3cc5a67baf1316fe4,0,0
e2be096a6eaa4c7f6397f325e7e4b94574f008c9ec8d4b61c85af68fefcca213,0,0
e2c7113f43029cf8cf2e09c81155a64d86e8fe49f339b2d7874a424d3d4dfa2f,0,0
e2e1c46de1f901502b45015d5e0a9c48694c5d1406548b881955616c9e04de75,0,0
e2e8876390e13d36522d0b4198adf7fcd075c7d1077203d7e7606bdede653de2,0,0
e2e8dfb3c45bcdb6f05679efc0c230196862b920f4db76834f98ebe1356bd342,0,0
e303d1d93d6e849e763e2f8a5b2c9b5cef14a7fe383bc32f660fdaaf7719c22b,0,0
e30c2a64f22d446b057a78b2b5027fe1680130fa5ea8cee6b4416cec9c306622,0,0
e30fb0c07ed7a315b5fbdf1b288971118dcb51f3f80826b1988d660297557cee,1,1
e31af58fedf43ecd22af619de1c6f00981b27cd2f4b742e9c4dee986c4962602,0,0
e329a8150065b692c3533149b5bfb46d8dda5a2ad2181e7542687d2e3078cbbe,1,3
e33626aa081d2e498c77fafcab6aa4ffabbe7536af436d7fc27c8c6a470dbbbd,0,0
e337f297fbb4f0a91223997dadf7c2e3be7bef0400691f70d828d68bdc92e1a2,0,0
e342686610107281ae301ac6fc9585c1efa4b5fc58e621cb66698689a84fc6b1,0,0
e35dc02827eae74420ed0bd0cc75fda4b7b8fabe0b1cc786042358b11aa5d634,0,0
e35fdc374e1ed71de49d8afa5435110b9667c6762303778ad1c9c8e3a5a197fd,0,0
e377cbe2a4f0a32fd4e7bd8adf0860b6d1b98332fa689f697d12d399f40acfbf,0,0
e38097f75eb4830cee8abf3f6655823e508852739e1113ef2aedc44478427660,0,0
e383fb58d6e309991d8dc721b0f586ecf0b2f15695ba95c606f348f88a8575f1,0,0
e387229af3c43910e37e03eac0246a26906e1ebec5c0ff0f957f2437ed307afa,0,0
e38d353c298d0016c00c86d4e954d3f8e7208d8a53bec0f3b4ad801870176e9d,0,0
e392bb0e589ea195cef134aa7e76a2d03855bbd476dbd12955bc28117500a614,0,0
e398176cc4d68041f0bb2c5a41a27ac036aa2b557171c4506d4c6dba9b9e8904,0,0
e3a18b5b65e7e03caae3ea06d71e13775b34158a6df8e12812614c788c1f4286,0,0
e3a9b6d094ed331caf157c5b1b43fc6c5fc574ac6f875ad013f35dca6b1c874c,0,0
e3af13ad91b6ae7215cb56b8f855f83aa22dfc0c72a1702b6e4940b2131125d7,0,0
e3b3a9af42d21e7c2533b6fb20f6638a038342aca7733131ee6b48de61324912,0,0
e3ba3824e4af423580d2166301f872cae02f6e3d3806bf4ccee9ab1e43ea28e9,0,0
e3c3c5ad2062f0c771a321a9819213e045c67daaebf5ae2586ddaec5c39a2cc7,0,0
e3c53964350d1bd3046c9293c1f0763f5d8ec5d01b1674c85ea7898e60fef203,0,0
e3cb7afed0c21cd06f5925b764e76ca38eef36f5988afec0cbc71f2aa1f9bdcd,0,0
e3e33b1e81d2aec352d46e56591bc1a7291da5ee3391b37c800dcd079ce592c2,0,0
e3e88208880265b81c5d3db83dc93d47fdad89c2084299c41f7825a26ea57501,0,0
e3e8d768c6fd8fd3b5d5ce7ec094782e00144f1704857625ca911afa64f3c299,0,0
e3e9e23a953c5eb9009633da0aa53c14e424895f8505b6758a5c1a707d964407,0,0
e3ee0a98f8aae0453fbd5d339be2e953c4bb5545ee1c92027876933547c5d5f7,0,0
e40187dae8571e1a3d056b06fc8232fc7aaeb6f66e3f325e90b66bd6ee7257a9,0,0
e403362a84a2eb573cc45c32240656e9ee773977683c1239927aaa833ca6a50d,0,0
e4046b6f164f6274ec4bb55284cd9efd7acd3fcc258108a6ce4ddd7a9391ce84,0,0
e407da1af01737edc2861496c3c2c8f112be666c22d282a658f7f968ee5fc373,0,0
e40834cefd433fa325a98703d081be792d62fae7cc18564026778c9faa639401,0,0
e40d451d82b631d5b03fa355bc7955cc6d49394ccdd331e583fb819c7498321f,0,0
e41135fd681f74bc1c76dca990c98872a8d1f91a5ad029342c2eb6069ae3d101,0,0
e416735d5afc9bdf80e1b55b6b13556c1d6d7aaa943b248c8f356e4a125ef499,0,0
e417c6751693adb90475c0ad2303878ee07cc370fa827faaecfb436e2a3477d9,1,3
e426953b2e2306c96949f94e5f5ba95cd9b63a786f9bee9bed5100a27ba86348,0,0
e4304ec41e94181cdcc16633fd907d28d117fc9222c1b4d24b38373ab5cb3554,0,0
e43ad5a3fb7f58db26c3f7921b242a7eec98f4b66cacf0d815d6fc9cf694fe43,0,0
e43c6774d5e02d2da9c903991a096b225d42a01f4af7a71f62b6a9e5baa93f8b,0,0
e44643b1e2a5aa7344d7fba30bf66e054ecb1dcb71e079e87100f185e29e1d9e,0,0
e44b7b13260c853a41d9d34c5ef1016b963be3f574f87e796a64f8f571bebe16,0,0
e45746006d20aded4881f5f020250ab32620a88ca228a5a4540050fd4fcd1ebe,0,0
e45dbd29358edcbe94638a5a54c136f0a1575cbe55cae483e85a0c95129c67e7,0,0
e46259c255c67903b9aad788321d3b920be596a7ac36fd6933ba4d2f2621a11f,0,0
e4627df2cd1476e199d354200dd4a4ac23f8f295ba0ece373b4763c2ccce29c7,0,0
e46554a7f69b54b50d273693d69dcb038986490fe09a9003ca22f18ff2989ffe,0,0
e469ca14c020bb607d3b0c05b35b1752f09668fcdc31780975a6cd0149f5930e,0,0
e47315e04da3dbd8cf1b4f0f7b072b06e9bd53e47d105d2fdc4b13f6a985ce24,0,0
e4765083e5141cb2d37bfcb038f723c2b05b37e6d91a3db4240ca358b3357f00,0,0
e47b51580e19681e1dbaec646ae856d885f128d68e1ab7024d427aeb3a9fcda0,0,0
e486563fc8d458bf25b33a4e30887a26191a1bf28443aefd94107c1f713aea80,0,0
e4896364ab651c86c10900c9480b3f03f02d368de1fd595502ac89e406a2e64a,0,0
e489f286b932ca49ade17c9a20de5fb7063b0edae8fa32b4a21580c80014b4df,0,0
e491252485ad398ee440ed679922f4398be79bc0f321bf4e120c562bc644063a,0,0
e4918b5cda99ffb595dd001df5b0369540c6008f06e9ebec417ef8131346e439,0,0
e4932103c8e8eb034a2b1c7adb33b560a889ca1a88b6cfe33adced010d57c308,0,0
e4a06d669971150481260dd8ea98475513d94b392d492d44538359355be084e2,0,0
e4af309ffbb04d79c15c08fc6bc8950ef32927db6c7a26f88a13db029ad0a91b,0,0
e4bd943e6b850c77471d1d487b31ea3b2e275cd3ddd1a8f6bb71d398d0192f5a,0,0
e4d0257262cedea951dbd52dd99a44c4835839e68519dc9b464c3e1873e199b0,0,0
e4dea2f2d3e09ba22f05811d9746ef194dd6ca8fba81fa13498bd1139e3cf7d7,0,0
e4e96c7a1775070d553e45a1f964486368f4a25df3ad95486a81e9b9947f2fd6,0,0
e4f2e834a2f3319952d00d8b64dc265ddc01759126f9d27dd9fa5cf5da8f4a9d,0,0
e4fe293a85efa13a86bd93339db94b89d7f18a8494c4d4547fc5b06f210f00c6,0,0
e508e2c1bb149ae8fcfea59a171eb49c53a5964a3d3a5a1ebcb90d0fdaccdce1,0,0
e509dbe241d585ada7d0b14163420e2423d5b3e584c15f407e594e5400356cf6,0,0
e517cf38fd53f2935c0a266928c45d865478b90396cae2db2a8cde652db069e5,0,0
e518e5d4d0377201d6e589139987bab15554405d55bcbd6773493f18a2709ccc,0,0
e52631f2f6560707df6a8ef12a1b25a518c917279b87b744d0e94a7967b8f3db,0,0
e531ecb324278fd80b8a803b4a9292dd15fb82bc2f859f38ce5c9bdae2e64549,0,0
e535962a2c2c43368a14ef9543b346812d6209065c244dd25cd5d39c2027eef3,0,0
e544ae87c44bfae95e1a84b6b99268c0618ebac3297d9608d65812603f2894ac,0,0
e54bbd8fda863af98dcf93d96ba036efc3dffa87bbde1d2650ee8e91057caf15,0,0
e563fb43f50609af7fee0e1039f112c37a9101991c13d8752e71fca7233be7f9,0,0
e566de1fb3fb0b58d45404de0a260e5806de74844505f86aa149c6391a479f52,0,0
e56b2a891f7b9bda641527e04e8045b1dd2773043316137cefb0c9346e26460e,0,0
e56b4007986f11fd85bbf95b4d960507c8f7dbd8f6cdfe19c19b69be5949f17b,0,0
e573d85bb76688fbabf1462b82066803d95aeb8c8ab02625c0e8f20ccaef8bf9,0,0
e5770f3a780a14ccd01541baae59583023e7bbccf09d678dcfa2886b9ff3e979,0,0
e578d8d4c2f536af14ca510a225519ef286e5f398ce29b0c40c37ebcc11711d6,0,0
e57d77329e981fd536c176aef87a111757d564f81d0fa2b23f1943d82bb36723,0,0
e583a36227b59bf0daec23ccbb422c54270c3af3fda324068ffe86219d9bd32a,1,8
e5964fc2e793d874eac7ac4b9eadce2912af8dde966968545339c289551f21d7,0,0
e5a959a69fd8c71fd26008317bd18bb07b39685b9ed2cfff3166bd866eda9dfd,0,0
e5b66d9a700b69b516ae0a87b1a194dcf09a1de8682f52ce79f0fe664b3ed12c,0,0
e5cdeff7cf12bef7d5fe21caedc3d1d2ce43ac168106ec2e2b4669c7706738ee,0,0
e5d22b0c43edc7f6e7c9cb156ef2de3a5cafaefdea66c0874a1c4c28a17caa5a,0,0
e5d7c915f7025dbe30442302c72745ff39e950e6e5eba2343201162a292e8476,0,0
e5d7ecdd191e8da10639690f3eae77b9b252bd480611b525bedcad6331894210,0,0
e5e8d78e762807a008195c319350c0bb3ecd9efd9638c99e6c15d1f8739a5cec,0,0
e5f2ef0b9408ef542e422880ff82cb606a45d12e58264617e208b1dff21e388b,0,0
e5f4eef6a4e2a7562c7db91e5984af321c3f5600092730c3acaef1da6f5f9bad,0,0
e5f7de43abba543d0c392a1f41e9e0c3b4e9676c0d007b73850487e76bf42311,0,0
e5fd9e2b0c217e41dd8ffcddf79ce5a291b680e77736fa69d03512acad74d30d,0,0
e5fec64f5826df433b029a9f305b0d79b618ef922db69e65f7e84e33c2b33157,0,0
e6071db3e19d10d5d8fe91ba0c9202a4da2dc75a94a3365e10937bdd31dee1c9,0,0
e61e6dd735658632c3d2b2d2af4a1b0d90dd83143af8c2c3197429d272844374,0,0
e623afa4f36358a7e665870092d2e9f1ba1a2d596631ec4cf568942c78696c92,0,0
e63572683f7b51701a9dc693e1c92d34b5d4bf2f86a91426bcfe464d01119ccc,0,0
e63b7a44b7a424c9ee92f02cfd35ffa49ffead9b53e85da52505379fa8a765d9,0,0
e63de12d082392c00df64c1c1dda24598992bcbc36fd5b47d31ddffc499aebb5,0,0
e647ab934723f202eca64323d3181c80de6bde6e90dbbd0aa0bcaa9daa43f16a,0,0
e66082393f00c32e02ccffafe01c8a9445dfb075023c5022fdf3a7f3df713d51,0,0
e661e86b5dcee24b50d51160c97caa6183b6ff10606502f22ad3e42532e6ee3f,0,0
e664816c93c5f4752fdfe2f7f173edb34011e4825b4ed3c8244b491a90f9b664,0,0
e68a01ca0a46788a0398549a4d50e3330c180d7ed5d45bc42500e4e6ae5290cd,0,0
e68d7bb53651b79824ecbbbd31f35024afb367488fdc7f4f7ce2bd7e16d4fa51,0,0
e68e152ff240cd6c4a033c8f8b520879bee83f4f14c5ee14cda42a8c201e3b4d,0,0
e6a0ccfb061306714e59664c760af64769fef8fe931215ce54fc7ce139b6f868,0,0
e6a1112c7f42b2eaf46b333862b091f42bcc05e75f21f2a25e2f5a348dbc3cbe,0,0
e6a9391ba62e107c07b48b4b13749f6458998952589d33ca266ae7fec6cafc75,0,0
e6b63d73754cd0c8bfaf41d6d0e94da4fe087144f3c79f4ad78e58c29494473a,0,0
e6c344ce76e741ac9ebccee725725310586fee6ba37a727a8ee44f449057618d,0,0
e6cf0f20aa7ec37eb76990fad96496d14a5b95e9a00d171f629a4edb84940a7f,0,0
e6d3364d87f74d2138ca7a6475a5069f0584d3dfda0933dea4b73c248c6c6cbe,0,0
e6d9bbb613bd21a650777b128ebf91e6cdd8842196c1b50ab79e32a3387dae5a,0,0
e6daaf6551f87e7ad888383d0b43db67f51b35452e4b8eb53c6e476b8e63d9dd,0,0
e6e3c2404d4091ae537abb6a3cf98a6f3be3b8f50bb872820d4f64b277d7107e,0,0
e6e487b56faef630ecba28329ff26f493222024362ed399a7066c8e0ea736b57,0,0
e6ee30e4e5d1d5b227629944815873f279e2981d553ddb4b54e72e826334b662,0,0
e6f343658d9645b4c13a783ed5737102c4865a8d6a2d0d551efbb1ec4a4ef77d,0,0
e6f5b671accc8660fe72289560ff167fa1e6ce1ef9c32a05918909f31a38d206,0,0
e6f758cd3dfc5fa0cfa9757a15157a3594db164df202166e25aa4c9b2a4fd0e2,0,0
e6f7fe8cd7c02f016c5903474e284a6c7b7de3463d21330996962a9b1defa965,0,0
e701cc51521b10c4a43d7a78d1f0d4da8ca1013b82c4aa315ef0c68b065b0bc8,0,0
e71b6ae933bcb21fa059a845b9a746d6c9b4cf3897bb3e7bd98ca118602577b0,0,0
e73251f9742c7d0cf8dfa0a9f591321442b05143a2c309699a93b30f06df7323,0,0
e739850367c709c1bd7437bde320e82de6e81384547a11250105a0e01737eece,0,0
e73a543bc824478b075f256d055792e98a4acadfe4b54ed14699abc10aa956e0,0,0
e7446ba912148f1ad8dd813c14ea48f03812fe34912dc43fcf0301aedc56c93f,0,0
e74a341863a02e5a68f09ab2e16d41cff004dc6df1c8563ee51e7d0956dbd272,0,0
e754788e4698623811c9f82f5cf130f013d5fc83dbeb43701fb6b820f699d1cf,0,0
e7588195efc04d469a564ba9decc6ae2fa0f81711b09c5c982a7838a155c51f7,1,0
e767e09524c5fa8f1e3379c2ac76a909de9b631acef839770c5d5a9a97dc7b2a,0,0
e77796ccae303e5e16029c2ab84572c5f46e127de8c0104b3f29ee60be4c0cea,0,0
e78a7619a4b022d4a6a09d8f2292e217a9e5a73879a3d2522ddbfb1e9312998b,0,0
e78b3859a5c264e44a477ae39ee7abee2ac9420ae58c769212633ffdda9df8a8,0,0
e78d6fb3f94f5afdaeac96518f5236372f5199b652e9cd22bb5d2738ae1d7a06,0,0
e7912cff5d93a7d0d7eaf7ff27143a473b7a8be5dc9e81630dae8b962fd7821c,0,0
e796881af01f0ec5ed2bfe834c626cc910e0580a0f91b96f29a78c3e9d9b082d,0,0
e7a1dd2aef070f3d5184e01beffcb4ee9e9ff6b557ad1f02feea578e10175c1f,0,0
e7af5bf4683ed7e6755bb781069eed16f6081887f9f3916a1ff112d23f9ab5d3,0,0
e7c63f9a4f27607ca586799dea5a04b3b34806f061c3da34d4a4a092f61130c8,0,0
e7ca76d387030e94d788487ce45c46cac9b61a3b7402825f735c58fd5fb84a63,0,0
e7d2b57ead63c70130e7c311dc59f4a45856d3a104c7cdfab539f7f0039dc2a4,0,0
e7d6a098b33fd9844ab103635d5497670c1b5f7d293efd6f795dc532b17667cf,0,0
e7dd60d479b8aa3840d39345e6ae3203bad9351c2dfc3f217ac4ce5aede2b96b,0,0
e7df7e07b900c3122278961c374910d35cbd904e6084b8352b40bf056eb74b31,0,0
e7e003bdb3a0882c3674b26508d57f2b5b5b3238a3a71290ad02380da79e074f,0,0
e7ed462a5af53891c07ee17674d44d4eda2c6d30a3ff48960c6c6b51e2275d3e,1,2
e8166205a6ed42ed50eedf089c7014213657ab0ac39e33f0550fe93155a0bd63,0,0
e821372377b7d4a798700118d4ac19653219980f304c88a252f13a837abd9313,0,0
e825d4673388cbead63ba08983e54dcf48decda87fbb0cd24a5cdb27557069e4,0,0
e82892efe1e533b1b7ea11785060eceba407aaa8a3e93b8388e2512182fb2189,0,0
e82949d73b6e9e4fa8b2dc11c87019d6c78bd3f5a9e3d012707946d0cf1e89fe,0,0
e835bc49572a875b12d7e09dd366417c519c7ff863e15e5ea9d8f966d1b5b16a,0,0
e835ecc7d8c551d0a25b11ace6bcb5aa29eca2439973f2ba28d8b83d1a6f7e3e,0,0
e83e7097c60345dde7e3976b51fdbd70e285d8323c2b50d607ea5330f4ab48bc,0,0
e8462ac0acbf69e170374a5beec0be5667208813364106089ff9442207d6aa1e,0,0
e85601386a03c1237c09abf3a390b07c688e6600704d7b1ac0c6c77de3270aa4,0,0
e8642333bd06fc3d266031c0443f90c87b4d8060f187ba6ee0b7a2b1762bb0c3,0,0
e872f273de0ebd229ff386c69b2184e5eba6d46d9a036e99791b4f1f9b49e4f2,0,0
e878a5e8cb049df0f9714b41028097e97b94a59070ec467d5dd9c447df68269c,0,0
e87cdf02d11c59519fe4d43205930cf86db0c290044ff16dad115e13e9b69f11,0,0
e881510e9494c228158b0d587b4151baf0b35c171f6ed51ba189a29b3d019d16,0,0
e8887a4eb6b19f7c629204e621d097169f1c125f4bda54e0f8985ea644a52416,0,0
e889cc3f690e57c61d6f31b89280de0ab5987ac4f40a7ab9e5fa634044d52d1b,0,0
e8a3e00b52128b52069981d1a4ad7970087bcd739a07c8b28930a891ccd83196,0,0
e8a74cf38d8661a3dc1354763b67fa4c7bc26830fb3e85ba1dbda3edf56fa654,0,0
e8b9425addebcc9e20903b09e0f1c73c45959cb7266905459ff2c4e2c1217a0b,0,0
e8bafac85e6810d27a735b659a68c76117d228d86ca4f86eca7b8936160761a2,0,0
e8c5d680cfac8a69c980b4e9de75197e78a760efd18e954885eb4ba3e69ab4aa,0,0
e8cf43d11777070d7c439066c837045c7a6e7929ab22f69ea4594a604e069133,0,0
e8dc58fd4e9b9175fce7961da88448a53966e6b2f95d5c903c6824ca7d484bde,0,0
e8dd3fda79dc7e36a59bb51063e575c3d67e212a415c71322477f271d934bbcf,0,0
e8e1f9313f3f7d0a15a405019bd327ed6d5a6a5fb454b2fbbcb0b42abecd275a,0,0
e8e7cff01b5983fdf842b1312d547134e9aa4c756a02361303d972188ea66ae2,0,0
e8ea59663cd853a83b6272a366739f893b35f3450131b702b05117cbb05b0bcf,0,0
e8eed494d1f0fb7c222dbd4a8771b23a8a19ed51ce2b57cb9385df1c7024a98b,0,0
e90f5af8039bce6a25035c2f587e64c13b0f0674fa7073f2f852e749cddbe3fe,0,0
e9107bf1d892e028980bda5279857505cc5bd480a3e135b07f68a964688cd8ee,0,0
e91cf8af521fd3af5b98d6826c20c4e68ee97bd22ae955efc0588afe784788d5,0,0
e91df547c650a10e27c85a7f8a0531ebf2cfa2b303c2b52682074ccb348191e2,0,0
e931bfd70739d64129f0029ac677b406288f052627d0ee9061a539f3595d2cec,0,0
e93f2268cc73a0f7b5c068bb9757cb8f439f2ad3c54d6807e0a32b4136e503ea,0,0
e955f7867622a7395b6e56074cee6b95b02639ba019e9c9ad1da5db398e27400,0,0
e956145a42452f7285088b99eef0615129eb24a439d30d2ebe9bb272552f21fd,0,0
e95a2c3ea01d45f4c87009c8d4a4650075281e886bb607bf301e71322ed5406b,0,0
e96281a4b8cdb9028d5dcc4615554209caa5fed46529df8ee88010ec6222262a,0,0
e97cbfe66c4d02c21829a4dc427a643c1ad6608b9951b96448751b6b8f1783ab,0,0
e98c11e573d09bad288bfff99cd20e231b39ced2958a25d0ca6544621b2aada5,0,0
e990a063d51c4f4a994d7a4a0cf7f10250e91756c1c3774b119c42e3c2606eb2,0,0
e99f9367cf1a490ddbfd1d2c15c93470db7edb96ecea442fbd7dd25d00ead0b0,0,0
e9b1a83908b189ff7a88a74dfdc6c9eef095d634d4853646ed7f808f819a691c,0,0
e9b4ef2a6f7baf4170f3a27673682a46c01bbb82fa894ade4ce1ca6f5c4f3710,0,0
e9b8115d1badbcf3f3fc13908d0b015b8c7ec410f13a3ad30d20b693b373203c,0,0
e9c033c664a742a6f0b59afa0e7080b22f8646cecf2f5af395eb5d6a76849105,0,0
e9cc8f1dc1ce7fa8c574f4629d8aff81c075d6820a6b2ef348607b1b74949133,0,0
e9d37960994a5e0abf5443bbe03881acecdf33e8d0d72b3983f865a44d2244c6,0,0
e9d6b6d825f5f3b84628941512a00a03aff759ac1f00811a4d3b2960d34aa485,0,0
e9db32d0d45274699b3521cb648c349ae01340bd7e6c1aec0e2a1fc9f7e16a88,0,0
e9dff09df061084ed039dc85c9835dbec046942d9f065f1a7a2c735aa77c46fc,0,0
e9e2fece3bcd0e5770848412e59e52cb4b81c9ed7e474acf2d1d2de698cbabe1,0,0
e9ec4e24ff3f60b0fc4245e198ffd57d743458440ddd5b20c6d7cf67cea6bd7a,0,0
e9ec6ca9c318c45ad60b385f00ac0be0afa6c34b4f1f295496c4255b3ff2e1b3,0,0
e9ece73cbd2e1951e744ef1437f10f7071b9d1cf1655b81258ae20daf46d3611,0,0
e9f868a97b4753f357d43b5469cb623fa3cec60ade108884fe8aa45215b96441,0,0
ea0cf7bef5cdef37d2dcddcfcfff2fe88cf51afa02ff6ea6f6a62901052501a7,0,0
ea135f591e83412c4e9f01d37d7598435af9e20c857705a62a937747fdb31429,0,0
ea176806962522739997c08691b0e4c767f5061735054f5d66fae54797a47a5e,0,0
ea1a89f536f2f5d3aede06aa9c7c3192b3e8b2c71828e81847c9f121490cdca8,0,0
ea1fa10667d261b92a1afc03f23f5978317a0a4deb1ce03da26e810cb91b76de,0,0
ea2427182aee2f0498cbb9817b07da1a0aacd1e8928277ece64c42e923639553,0,0
ea262fb75e2c422bef88054ade1ba6826b3b61136d0fb76d669a723af96338b3,0,0
ea2e15871ff87dc80c44221b0962f78f092e2a52e277b5038bdfbaa187013ca8,0,0
ea305de0f664525e3bd05ac3bf2c3c75ed7d4a615118de87d81f04750850e1b9,0,0
ea33ce3cc14bb3dfa5589d92a32d8b23e262df707a52490fc91dc5d053cd1434,0,0
ea35b224f16502e8e04d5f67332508ec23eefcddd155d6b31e7b31c7c8e74cfa,0,0
ea3973d3426826fc676a3fb935b18246e6b052f94129922f2d264a8b5d22bbde,0,0
ea3a154d31ad89b725e55fdec159bd0dbb1644feaf053b01f6a0a50d707e9c3d,0,0
ea3d6d7d4613731151aa57a5cdf8079995e65d1aa17bdc8040a3900461a5600f,0,0
ea3fb1b7b827892a281ac1b0af36f9a297e61bbd360e053e51bff2b9a6a5ebde,0,0
ea4faefeb53bf632aac8524cbcf8c8ad7fc02894b979abc6925820f39d9f560a,0,0
ea57f49d9fd83afe585f97af33ac3c1b9b36c40ed46613fcf1a205cb29b6093c,0,0
ea583f85e25f2a4f01abf531ce6569dbd5a18b49a21ff68a75da474b142c70f2,0,0
ea5c25f79fa58ede0389512228b2ffc51c64dd8efb9f94a26c35da50281d5d6f,0,0
ea5f9e40fba92660d6d1739203088759377b644e7a989e523557491fb63e5681,0,0
ea6a356c131c8b2fb1009dd3b7afe2642bea53b375772163f2fc3df38a3b15e1,0,0
ea6a416db67d6f3978855bea4265d87e34a6915f1af061a4d35bad25df2ac8de,0,0
ea758b01787394a3a0e185f5a961de049b0e776de57f80cc8a4322b56d2aca18,0,0
ea76e257035a9b58eb499d18a82a69c4164c3081a62bc5b71b09595cc8069452,0,0
ea7eb3c5f336491827332f5f3c81051b4c09d664fd56f39d6b02562bad38970f,0,0
ea8c430260247cc4c0d0d1188b1929ddb1b05d51972ecc8c18198cbdbabbee14,0,0
ea90a4b41531147987fd30b660dc190df87006433136bd8a2d13f485b89618f4,0,0
ea941811fc11d45c7fcd2c26965fc85962dfa1fdeff12e3b3c2cbf612f83ef63,0,0
ea9acc7cbedaf5fa7e9fb24c8f039808b7a9ef07b00aaab73b41a51aef7d771d,0,0
eaa576256a0e39215a698b552dd6d4b77df489fa9eec6fa4eb00071b017653aa,0,0
eaa722e3dad706776144fad4aa7541984cca75597511b008f9624085e6786ec4,0,0
eab17ace3fb8d50548549e741cceb083d595cd674c8f59852fdfb03bc5d08400,0,0
eab4ab4d708dc7cf2d5b33beaa3309d81fce37f2bc6de78c90686b4ddad0644c,0,0
eace138ed0c9c5954e76f6ce2c4232aa510a794604cdb28038a05a7875942d2f,0,0
eae0f074cd2f72e44b44c5fb3f322a9b2660ee58a5367201daf0b6474676e4b4,0,0
eae38af63be4cd9f8651ef1ebad18d3048d6a4414b3051994b1a358b8528f408,0,0
eaea1fb3642219471a5872476c55bfc7e07bfeefd0e8598e9b817faf7ff61caa,0,0
eaed8dc252c8876cd8074734f2cd745f2cdcf093ce38986512ff4be3cb20fae5,0,0
eaf80126028f64ad5069c9aecbb8bead3fa2375b8ab9701b7a5d365db7b042f8,0,0
eafecb2802ac1724744a1c51d5a4ca4cf581a3563bf5ead841703e38a96b04d9,0,0
eb038d3da8d6060f38f5f40cf7b8111be8b823878427c8d6c677e8426bf2a757,0,0
eb2251a9612a4254d56270a9def5be245a044615f9544e8edef973f17cacf01b,0,0
eb24d6453a50a04940c1305421f1365c71d2acea606ef53ccdd0909c7cc244b5,0,0
eb2f69cb674c2f09c41bf9712fe9a6fc91a5d55616a7abf80313afe4a8673a03,0,0
eb35bb6360ab7d3c3bbded1ab1fb7f56922eb46a35183ea7d66efe29753dc087,0,0
eb4034de1367e8354fc1576379ea0ff6403d0535df597a1b48b9e7350acce9ae,0,0
eb416109c47bf97beecb658f1a04be2fa796b9f4da205b51d9a3d2b3fc6de33b,0,0
eb46e3e84d172314ad6a377a8607a4ca94995a20803e91a2b2cdeabe285f82ac,0,0
eb4b7d84ee7edd57e3a2503949ecf65ed5b8c2a1b3481c9ffa7d324edcc1fcd6,0,0
eb4eff487108f25e576bd9e2abd1ff75eb481fc7c7f890a83ab2acd1ed92fcaa,0,0
eb51be6ac57a0f3e8e07a0a62bf8875622ae395a661602442cf6e171618cd5b0,0,0
eb563e404ed6bba76c559bad385f71475ff1bb36541ac9a6dd759a12ecf86b86,0,0
eb755e7f3bc758d5b65c6f41c7e41b66c2b0cde4606783f65178377f35126f22,0,0
eb7ca2bcc5ea4d64011bef0d4ce4e9c981bc6cee23e6ddae7c51c2377e1eb197,0,0
eb97b61d497c4298a0432ebab1a492d390f80d4fdcef22d61af0c11e26e44533,0,0
eba171f742dd1a8af1310736f1dca549980a60891728c150586acd228eecb796,0,0
ebacc4cc62704bfbcee36a51031799c1f2b0ebce4183070cd40e897548f1b4cc,0,0
ebad2dd80051c6f672c7ee0d80f320e8d96d380bba8fdbb723af590fdf4906bf,0,0
ebbb1c0c005c0aa38741ef3d42786f8d4a3c8ad230ef4a70a2339de663d16aa8,0,0
ebbd52dafdc4afcd87fc61e195d5fa8647a279e039f728d70ebbf755f9987561,0,0
ebc04217ba3b5fc3e8e763b466b6dd30dc4803fd2d357cda3ec21f0cfa572b9d,0,0
ebc0fee05e69b1f33264e6c7ae01987d0b290ac2f55e91a6d17a6f0c5616d30b,0,0
ebc30dd0b4d04cd327db0c480e81d6b5db7fbb60cba3b0eab1ee27d1fdf720b5,0,0
ebc6c596612224facd106dd1b3ac196c24df02ddb0ab1dc656deaceec055e9c0,0,0
ebc868e3de55bde309a94d781f18b2eaa153a3e9a41cf62f746a0a4e94fac10d,0,0
ebcea44e5be4960d524ddc8b13547579afa63e958eebccdaadfd40d41cb0219a,0,0
ebcfd4e1bdb0dc83e9bef2e8b83c2ebf68928a7ed03fd419ef859d445d4671d3,0,0
ebd7205545f021cbfbdc325b649422479c5a07f04e8aa04c583ecf131329ff15,0,0
ebe09a21e58efee661f036bb14d20457bf96f47720dcada9eba7da6b3facbdc2,0,0
ebe18cb2bcc20dc2879b6737b3fb7e8b0a6b06e493c188811dd08a38e3e6da08,0,0
ebf09602bc2e7abe5835bab9d9042c8fd9226b2f253cbc54b89ad3a9e4cced85,0,0
ebfcb7f3c6cfb2b1c59e47285e6f44ead2c967e598dd2ccd8f66cb77afe8dda4,0,0
ec0703b391eceab95f09e466c99b0aa7c0a1b4400215c2b8d0ec2eced32749b9,0,0
ec0c70bf3767c3d028a54e2a1b8d297188e427172a4630b470a72fa866d23d99,0,0
ec0ce62103d08f179f9c78887be45b08ef78537826f54bbcd7f115c3da355d9d,0,0
ec0e8e4a901d58f0242dfbcbe0bcd8652344511dcf18312d651ae275155b77b4,0,0
ec0fe30708dac8b600be9409fddbb5351b5ab43ebedeced42b53e9b169167baf,0,0
ec0fe38fb24ecb046f53e987bf710aa9f670029b746d32fd2269727507766aec,0,0
ec187ecf5ce485dea7e80314abc34dc53b7775aae05380609d0c178651428673,0,0
ec214deb3ef5b9309d448f198ea0c467a65425e89ea981afe852489f7d03150e,0,0
ec31a11cb6e4b0591383402b880888c8b23f63b3a95fb83c5cc864fa100db877,0,0
ec39414124125c068016c491f9e58b826a189522ebc50ebd6eb32ed9916c3f5a,0,0
ec49ec99bbb587ce433584445974414b779b74d4ba4b86d9eef9266ddf9ebc49,0,0
ec4d1ae854cbad79b575841ddfc88b261e453fbe97ca03a8e41fd71c6e51ce9f,0,0
ec596618b19a9483d975516a3611341eee965b42079cc6db82aa058a54b12926,0,0
ec5ba62f3e08d3cecaaac2f6e463167b0af9ab6776ef9c9ccd9a83319f50c849,0,0
ec63e87a57e0ec59e5d51b657389c9db1e5f957ade78ab77b1cddaaf26d83340,0,0
ec651e5cfc9e95cef9bb6487fe3321f2033b26275759aab3db10e091045e7fae,0,0
ec66f73db3927db1ed9f8c030571eb2a15ffb30d155dd1b1cc300c20d6909b03,0,0
ec6b9c475b97f27d60dd753707d59d2b79e700f56f464ea59d072b0fcb76d3da,0,0
ec755c813279382aeedd4c6567881f4bb3bc20f33a7c8f295c1bbeff6731bca5,0,0
ec9bb7a717cd2131fe98e9253c3b832b5d7d93b256fb560b3bde2455c5080957,0,0
ec9f8c9760b983d1eacbc243d9a26fbfc12c9bce49a718edcb04620126763af6,0,0
eca66cbc91edee5ae847476d72330eeddb5c525b4715e135c95a0c9326f35e9a,0,0
ecb07335f5cce806baf36ce0575f698d845378dd273de9bae37fe654bf3d14e4,0,0
ecb1143b86183d73c76b6eed95ae12f688e84f0510f5cf23cf8becce4cf12dca,0,0
ecb5c45d5f7d6b20a536ccd8669261578b0f241ba61c3ee6735a203a3d75fa35,1,2
ecb61bd3c3d73375f1be3a1ca4a26fd392a043cdd212528ab1ee456ad20690f2,0,0
ecb6fd0a17d73a6f60b6e5711f1766023ca900dd41b847f550a26a4e10dbe591,0,0
ecc93139f6f4a70cb71b2802f9cb71604652a26df425df23987f5814bc281b82,0,0
ecdd48e525016a5bfec6dffad5f00d4aeeb0da7ac4a4860c68f8962400b91857,0,0
ece0f82cf456fbdf6e8f55ab19738efe9f763b6c5647fa7fa6495af677fe7461,0,0
ece50e3f6d94306cb74eb92a7f14629f47b892481567bf44ec38edbe743b70a9,0,0
ecf2c69c1ddc4ff322cc2bf1e74b6b3e1eed4a60d0a5a2d8d64766850500fc22,0,0
ed1914660e99bed6e918233a64c9613e7fc0fdbcfe66820b160798725f8dc306,0,0
ed202ca090fb46f206b863cb08c29033176ee1f980e9da361007a2bcba0e5ba4,0,0
ed20a882d94e74b225aa1a9d3055cbeedc73a69e62d1b2e4855af2e4003592d3,0,0
ed25c1eb1023b46ce64bec1496b4ae9a1b84e42b58cbf94f337abaa8c0cdea62,1,1
ed2b4edc44b729b8f373b5a9af3952db874498f2e1c3d269638c32995bfd91da,0,0
ed35c56964af3cc00e798fca86596c6db40cf9b57bec4f5dee0b42adcaaac8e2,0,0
ed51438bcc8dfc2ae160e001e10a490facd4c7e567b766d85231d95c1f8336e2,0,0
ed5e7fd448fa7e25086fa47332cbae9199cbfc744c741fd823a3dc5f6b2dfd13,0,0
ed61b3a57ce5c31070bf0e9fdb2cc493b3ecbe07a2fa864877eda595d60d3355,0,0
ed70c35330d4b74ad8c73a8bdcc0aa6fbd5de942216d4a509ff6e23f6a06536f,0,0
ed75c9765b3cc338b597e8b8a91dfcf8f328b7e41bbdd1a94517adf0fbd759b1,0,0
ed7da5618ddbb5a77ec10409212d545ff77f63f7ca49db0bcd681119576d82da,0,0
ed80bfa87d07e8a73bbebe4aa291403f749fc51ec00f592d04a40e7947ed82cf,0,0
ed8813cb7cdc2200c9171e73e1c36bf28c80369fda10a36736575d0fb636289d,0,0
ed88d52896b22f9c4c3dfce1d0db11eafaf9a8b94360abad0d7a88c0321d0d1f,0,0
ed8b2fd8ab389f0f28507cdc43d4ac7127bf6002bb38ef00ef409ac61259ec8e,0,0
ed8f64fa679d484edb7208ad4e8dcbb40ccbc5ee4b20839d2262bf8b04e6d11b,0,0
ed9a30996bce07a97322d6fc1846dc2c9070781ccbacb1f6d53d4d3f40b8c933,0,0
ed9d013733ee18c60a43f58c5861409b208cd13c5868743ae1cdf83acb8d7b2c,0,0
edaa8d594f3cb1a2e33edf23d42ddf4e1782b31d878c0d9b27cf5dab12d16698,0,0
edbad59391225601ce4a260c7f8a5d47c71845a95e8863f8ee01a7b770b1f016,0,0
edc81eb135c7961836ec34c10815ab26a8cf1b8c3bd62bb4dd2d7b9e1d0cdcbd,0,0
edce48cd903236db05861e24ddbcfb20b186a1732a112db589e30cb5271f4cd7,0,0
edda1ba5069d0bea33ce8f4612e136f9b1d4fdee4e4a87092cfb0d40038b7330,0,0
edea63bd7dade0943eea015221fa4b3d5d6dcd9c4f1dedb7b06152d5c101d38b,0,0
eded54124a518df26b57ec9168b6203960e810ea84608ad4fab5cffb033703a9,0,0
ee0536f125c9eb8d1dd7a800419da5ebf6d1efc06d0a27d1815f1ca7bb770917,0,0
ee0a677783fa7b60e4d000e6b207a3242c93b38f945f3364f7909c3391e9df60,0,0
ee1920dc9064d4569d24eac44aee0386992af18d88617d498a38ab09dbe7eb7a,0,0
ee426e6ba30f6731cae903552e9f8a688916b5b89e2200244e3e22a962ae2beb,0,0
ee5357f04f155acaf4075653e3bcfd87c392090da35220f5250f49defaeabfc4,1,2
ee59c86764b458f850fad817391b1518bb268f7f7777ed039bac7f0733f4d9f4,0,0
ee5be194153a7d7955bee050db547e44d9ae0c5295003d8526f907a5f407a7cd,0,0
ee618d8f8659feed84c4ec56304e8e4a50b6b9f8878bb69e2c9f77ac9ff467bc,0,0
ee6244ff2c48be145523b648e8afc1b102beb92ad2f9418c4ba3667138dec179,0,0
ee63794b8f92135b283f7d0ac2c97ae7c3d58dba58555e79e240f0197bd00222,0,0
ee641952ebcfb5f89bc387ea4ef7f22541d9b11f1df0dcd63199761ee1392c39,0,0
ee6d9f4589fe6f493e40375e137feec4c434a3afaadfb8849dcdbbbf40607235,0,0
ee6e838145162d66e1f5ea7fe0ec05af4a1c929584bdbec520aa22584de62cab,0,0
ee759c390ec55adadc2567906cc3215529397591e05c109276968ce8bd0de531,0,0
ee78bee14e0277b450829cc0082327530c537916f600e00193b3e925d3df8e97,0,0
ee7ab4c0f3602843ac65169a0f642cd552958a2c41d18aada471bd6e2a2e5faf,0,0
ee7f8686f452630c6d5ce4923a505ba4995917e13dcb0c92f94eaabcc063a0bc,0,0
ee859afb8555d99a2df013c008f25197b6077e535cda97f9075f604295fe4bd8,0,0
ee8717150c763d9c376cc3d6ef055da0d2740917e55993f0fa4527af6d8d2aac,0,0
ee99b92a54e922b16cee91b4ef2ee63de2ebdc4c597796fde07cdd844401dc8d,0,0
ee9a33d660f6a9f3c6b7529003613fce1fbae0701eb0d213513239bad4a49a88,0,0
eea6bf9779afccf86aef7eea655d402c5c294f3fdd357902126014e8eea671b5,0,0
eea8ad74d5b2810df75acbb9e1d84e85ed2d9eb3114eae2b0c3ce395d69a4ef5,0,0
eea8ae23288debafb1795bfec0d023895b1d685d8adf7cd43ab96fecfeb3e515,0,0
eea8d633edab893c3fd4a2c6b7ded6d28055d0f8363d436e252a81183319901b,0,0
eead0454ca8d806297e74afbfd6e24f195c3fce8cf2030b24ca8e2b7eae9ab12,0,0
eebbf2b6f4e9274e4ad0293c11ab5b42bac3c0c8a5809e52ea362e2580a631ea,0,0
eec1f6cce0537ad8b14c16f209845c1185e4801af5cc5258529e164da46f1bac,0,0
eec2ba6883f9259a00d50c99b381d44e5b1449d75f15a58275434fa0e8191e21,1,3
eec3a0303e2c2e85d30ac35048b77341aa9ad4a694100e8e6c1451bb17724a71,0,0
eed381f63b45dbe2ae6a7cb7c857461706679cb97525da3294e18b66408369f8,1,5
eedb147d89451efb051a7e7a88486c58be384facca0e44b2516f7b648fe1f7a8,0,0
eef12ddfde5afd932c8f8449c738ca4e0039d702388be80d0f1134ecd10f93f7,0,0
eef7fe55b6039169367d17981e391321b5a03d33023365142dabe3073a60390a,1,1
eef8227799aca7874496f0eb10a40340b0305bc7797b956b2b621933ab40f136,0,0
eefd2b7766f322e44f56d57cfb5c3d2433d7af817436a38dc0776bbefe177587,0,0
ef040eeba3c0a15ef418fd52fec121599b128c077a55292fd4ec05d202781835,0,0
ef05d6e0970e55c2f9cc66613a20f96e0182bb3bf9e42fc132fe26936f579696,0,0
ef0b2575eb270f3cb14eff53c7156c81eef67a0db2a52872714d933fb69027d1,0,0
ef0fadf05ac57c86e6b329fd987eab28c991e413f37bb95fc190e69dda449e7c,0,0
ef124dddef85dca49029f9882b7135a32bb15bdbbba1b466d10904dca3a353c2,0,0
ef1c2bda15210e04a5dcb05e6d79bdcba132066dc052ce90e4d11935e325c07b,0,0
ef3360e30e37dcb4341d75d20121b544fd23a45f9ccf403a6d2af0953398fe1a,0,0
ef3c33dd288cea89a3eaaaaf3b783df21b7caf87e057d49bcfe3ac9924892bdd,0,0
ef41f399a92c259ac7400824daaaf3563584bbd5767ddbc4a7209561159bb86c,0,0
ef53b167e68130de670596221e76d153dc0eadfd7e2d648068bb712e74c6d91f,0,0
ef558a4b79580a230dd623a2aaf8d24ad46b9a21bcb4789a96ca8ab64a4e2251,0,0
ef5681660a9c0ec62af3d020429339fef3118607284825b2a52e972cdf292610,0,0
ef56cc7896ffa461b2b4bb64dc0168211da6cd5de82c3aa63ba511b286846cb0,0,0
ef6f3445071c3e258313077bec7c85bb6e4eb5af874abf0ec1a2a74c6728073a,0,0
ef74ccaed38cb7117c01d36a83a034cd5b450a2f4a1880e68cf37fbb5e01f3bc,0,0
ef797fd4ed42f1782fa62cb358075088cb23f32642dd83204e808c11b36601c7,0,0
ef7b1554bd06d8ce3fac7688b9e8f839520a44ae4a8f64e7c8e2bec54dac6e45,0,0
ef7ef535a6b0974c57a998d547a11a8bdfaef7bb39baa953efe0586bb087754a,0,0
ef7fbc87a5c2188d4807a56412eecd2cdec304c7baf9037a35469c953f82eaeb,0,0
ef860888c7eb64b867244875867421d6db66a252436bb152fc16d7ead9f9faa5,0,0
ef92c85f86d962d6a4ad919de3e8a85448b37611ac8992d29e134ad7c1918306,0,0
ef972dc4e53aa460ce8a9934c1703710513e74c1f73148b78d6d31b4e33ed4ba,0,0
ef986b48b534265a238ab269e5603071565e82109fbd16b64563512514c5e26b,0,0
ef9f5a1de275fb3f21ed7c5223ed672b367d21b4bc15cd05f50f69a6f9c3bf24,0,0
efa5acfe856064c4fc35edab41fa8c82222dfce3e160195286190ec2415775f0,0,0
efa8fbaebf578a714edf2c84720059e9b8a42c781bdd5626b410ce33172c88ee,0,0
efa93a1a64d355721ce79d6c33a128fd3195fc519c38af92b715908791844638,0,0
efac9c94f2f9b125bf58c49fbaa2c21881db704e43f8814c26868585f0725682,0,0
efc2d9bfb79d14286e3fb1df120613ea9ba721cbb7bf19c2423e6618ddecf86f,0,0
efc7df29f40bae99137674ca147d520dc14b3496492b517300bd719b71679d7f,0,0
efc8ae402abd82e50be36c50ffbe1e385585572a6c00c3abac40979087a202e5,0,0
efca63efbf4ed90a4423ed2199614731a249d43fb1bb395560862226b87e0e19,0,0
efd2bc3cef6e6ddb4dc2cd8a2fbe391e34fc380bc68de7c36bec6125372a489f,0,0
efe239a6233f2e409cb0535bbb2cce3a11fe3e42f1183f45245591d4158dbe94,0,0
eff0ca038aa73bd694852ae55c0e1fec3772b3417d536632de24c7dbfd7820f7,0,0
f002b1cad7ff042144396f5940886ee38300d269f92bac82610ec6930e7daf17,0,0
f005af21c9b99b643d096d0c3f9c2067a993ff0d0f65daedd815913fbd783e29,0,0
f019f899dd975e3474ac07b19f5d9444a691a14338f87b2b97c9cc88815aa7f7,0,0
f022bd803b8e47e770030bf77cc881d2aa885ea7a1b01934dce895d6cdbf9114,0,0
f0247813a10ae22e091a631492ec618838000f23e2bd24ef613663bbc2362836,0,0
f02930e4dec6e8a78e1e3ba7f26f8dd2ba434567236e4e62b527838ac657d389,0,0
f02dac31c838d64c833dcb837b7f6062d8a40ebf15ebfaa5b79501750a2c925c,0,0
f0303afd64618c0ed3cc38d4625c7662c6019d72195f75324f63a9ffe5dd0791,0,0
f030929520d5e80a6a00a67d75856ea6dec41e2cf5c1cf4673eb00c3d317a2de,0,0
f03ff85f4e356d446bf50da714e6f8a5bee3c7c09643cd0350fef5b49812db15,0,0
f04f2c41959c74937c25f6e95efb3878a7e7149101fb76bafb58c40bdf2a9613,0,0
f05f56bdb655b448ef4d8550e33f1b0dfd51e2be67705f91c7e13c50298bf92c,0,0
f0786a45fbe2280c0ae6df23850c10f80bd320517ecddc4ee255ff937f960ed6,0,0
f07e5cf5844248d20a2ebe404f01715aefaaed644c0f8590c9fe5a7ed97975cd,0,0
f07fd3e7b77ee440f6d0b946e5a507a7acdbf597255e548e35ab1487e2b54a97,0,0
f08b56cc2ada173535e1e7db181e7f5ac112da546cc477afb11fa88027004621,0,0
f090bffe446d202d7c3faedd73fcaf89881f47dc26f95a4d005cda1ecb1fb328,0,0
f0a77c60a9c768b85eacc5d5f5a27f21345a87fd463333494cb49bfe9b91e581,0,0
f0b429cfd1e3abbedff6d3a76b4d2baa244fb6525956a66e4ec8372c0fb89f06,0,0
f0b6408dda935e675b839772ad01767352a7ca17ab54d48de795feb0651b4495,0,0
f0c001333421f808f2f96805d82616c1f40d37cbd61f1cc52073ebb08d8410a4,0,0
f0c6117c725bb132ed9dc198e03ba0f9556ac4f99724fb0ce0a6d0b5daf746a7,0,0
f0eef861e48488f30f0a1ea7e73eecae9d072d0b7a4e4f64752d77c1e9374b19,0,0
f104978393e11fd9392d45b1b3b53f0f5232f8c53c9bb479463479b96fd853cb,0,0
f105b286863b1771c183197ea6c80db3b71654d0acd6933f89a73f0a1005d2d5,0,0
f10eaec6772563c366f621e9e3d783be4261dcc96e47e4b6d1305da4aa0abd65,0,0
f11796e6010c06726b7f7ce401e24ef1b139578b3d32716ccdc28d4849c0241e,0,0
f11ff98397f6a16e5747c014a13ed16582f297f9d07ce38dac507222a79f9a12,0,0
f122f7e967d81c68717352fd0171b62177e6c44165b8202d7963ef9d67c231fd,0,0
f123de2224244e42619d042870552f7698e268bf91f926e64f7069b8488c5504,0,0
f13130cf386a3848c31126017f6191df5a48774f71f4bf7ec61e02c4614a5280,0,0
f1556c75a85d212140394dd02e037380f71afee61a281d7bac6be5ac04ae88aa,0,0
f15625b21fbbc9435968b13da2fa76705ea9503da0db21639d97f1dcd8060719,0,0
f1574bd0c72d6c7c2b73abed67541669c8b8870d1342d229ef9d46e0907474c9,0,0
f15a990aa55d75b372abe50f131399a6989069bc5a6840598ef8df64783c0b10,0,0
f15d8b7d9dac285295e76261d6f115300665fa1a1812141a64984e5a37a779d4,0,0
f1602e2a76fd70517af50620058375bceb4d3771b08b7a8d8884bc0f1b86e2eb,0,0
f168b359452eb4bfc57405119cea4cc1eb2c8d1f3aed72438b00869924493dac,0,0
f178f308deb63d3908927405c604ca3a9f3d2e3c57a17446f59f40682f4f009e,0,0
f1812b92c749e2cb1784489a297db6cdfdff875f38d2b65931035442c51599e8,0,0
f18cd8096024f5d1e8fa2d868ba08bc708b151abbc7ec0390df890f8568c11c0,0,0
f18eaa7939864da28a86e2ff62bf94f1f708d63e54be28bd1919af925155052d,0,0
f198626a408ce71109f2319882db1297183d36140551dca84926d993c9491c84,0,0
f1a2e232ed64d202a87391caf20b2e640eebc44eaa4ab9d96e55984875390279,0,0
f1a6930dcec548b51e53e3d18192ebe615f8532fcbcbad6ebeab435d1055a3e0,0,0
f1b17f48863759dd4eacd3d7ef43a830566858a1fafa1dfb4d1099cfb2826c5c,0,0
f1c2b8b13105294a31c3d76689ccf8ef2e3e3928bf17b5e2250effb1e4025b35,0,0
f1c45c417c57ce351036ceb84ad63aadde778b5043813d27180a5ce108c39565,0,0
f1d32cc4d6e9c79dfd99301853e661b9b8cbb7a9af6e5dae8283aee7aa30587e,0,0
f1d3f4ab7c1610f2fa3b42f589bd9a9179a6deb594c2d120394739e100f67ba3,0,0
f1d511c9cb81149f987d1167e44a41eb0e345113fc6a23f409adab4c8da0dc1e,0,0
f1f1d65e7d670239d73c55a13c29725eca89ad6b6662974624b4f048ade6f4c6,0,0
f1fc432a8715db62418359ee67cf77ae8fc955c48238c8b6aa500b601ef2b983,0,0
f1fef83e0fba0511db67a7df2b425dc28708833920ac9d7b68c49a610c2ff137,0,0
f20424ce69ff8e06edcb4081b29926fdc5349606425c4d02b8e9f44203e0d820,0,0
f20598ca5e99e03fcfa7ede74a667eea0eb6c37bb735ade2ae2fe50c51cf7be0,0,0
f21a99bb7de15b88651188a8725051f46ad084649aecb9bd7a1ec26f89a44dc0,1,3
f24be8985f4ad4412b53d7eb05b925414d1d41c5371be6140cc0e5d9d6991777,0,0
f2590cb551260c071fdbcb4356e38a479cce5b6e0a163b16dd90319ac6440aef,0,0
f262176ff660dd0bdd4ed5d0d27f6a69ce420a3b09b25297647317123579c8fa,0,0
f26f5a922f637d10e4ab2338688deebc55cf81d77fbdf1056f8c20203b3d21bd,0,0
f2759298166d61ccfe37a5f466bbb792b5956eb36c1c7121a7e0b25cea5c442a,0,0
f27dca0fba159d174020e22792b37b7790eb08126a7207efb5530cc74fd6434c,0,0
f2810dc4f51842829d08123a3e044bac9137b0112b8cac2ebcab347651016849,0,0
f281afda6e22f3fcb0d22d7e587995d0e7ecc2111aca4edd8d2002f20a0da6cf,0,0
f29c0ccf65ca102fafefa228d76c5dde8a4eab9555b703579941d680acc2ab19,0,0
f2bbe43ac1bb89d67a5faed91e4545d29646d80ec6a0d6c78b5dddc9c0a5841b,0,0
f2c3055cbb01c8a892a86838733871d39b85a8aa8b66f5508bbaf49ebf813b1e,0,0
f2c38c1d23c7c41d1e9dda15528bf14e8028c857c7191bf1a659f654a0b7b718,0,0
f2c8f3ec7dbb7662b9f691bb64fc1720e41a4694f1aaf5dea172644fd8ef28ad,0,0
f2cd68d73d8f5b37af8047012839e1b46b53d4ccf51d427836672d9ccfaa6b98,0,0
f2ce9621d5f786e955996099b5b0a496ccf5aabc45a006f81bf3cce8f5782954,0,0
f2d8fb54ef0452300e924b7040fe4fbed8398ed764958b1e260f8f81f57e17f1,0,0
f2e4e5c4ec4d91fb49adc14cd0a4fa1ea85f568221f2b75c6d2f732da03b37ec,0,0
f30014537b9e4f3fdafddcf1f1456390de79221a7f69c9206592c8234da49e14,0,0
f303f8d9ce84a7beba0998059161a0b5394bb28e12064a517f9a955d30412ae3,0,0
f305e76bcf51eca325bdf3f196a3e35219d4f8de91502c68332f3a27e2460472,0,0
f30a8d03937bd49df0df6eebaead1220025a61cc387b17e205d41bb030def083,0,0
f30c43a7bcc82b85c6b9d84ddd8a14029d4d3b2861af9917ab6583285690b011,0,0
f3289fbb6a0b17ffa966af393829af508793e421eef7a5358db188135298daef,0,0
f33a5281760ed6c62fa26e3a89b0d5b73b4a61477a31257c1a073f6dde6c8fc3,0,0
f34ba8793d5918f62f5a714fa8bdde9fb8afddad43702e58be5f449ac8193346,0,0
f34ff0c27a8c2021f7d3f0536db06172a13e44193badb5775d81919546be1105,0,0
f35dea0a78397b41c6544954c7dc963fa73f1e0df1b975e918b5fb5cbbd36fae,0,0
f362ebb5d1d790ef68639fa348c2f975faae3579ef6a161e93315a79e3f989d3,0,0
f366ceea7bec87fbf801719cf2b0602c914caa642d2a427d61ec2430f739a94a,0,0
f3710cc9113a625fce37e765cdd1ab743201d1bfd6813dc630d5111445412a9d,0,0
f37b02e403afb0351565297b8a9964c3a81f7145966f65ca7d8216eba1d2b860,0,0
f38e7d80b760f23260ee394a4e3c732dcaf0a810010529d1ace183dbb91ac5d5,1,3
f3996cec4bb8e01abaa993e4592d323462c27e6eb0ac50fa963a7517cec98254,0,0
f39c0df457edfd555f3432c94d62ffb982caa09b31004f6f70f8ca74522773da,0,0
f3aa0b4208fa32941310fdf17ce0c630e7a818630634e23439164ed26ce9e8b3,0,0
f3c3c749cd0c985381b494c8c45eb7abc4efb04c3d6c0f38b50c7e0bce73b244,0,0
f3c9615bc03be57b3d94f327dad4e807129951e15a727a9c5df12106b81aa191,0,0
f3ca91b45b56868850f1eea129404f85dc0b3c4be53e7c0fab682d95ef3a22ff,0,0
f3d54e5755025e7be89f8336adc82def701586f95a2d9ac6c173b04970dddaf6,0,0
f3e2f31a47cedb221f861566ab314f5c04f28b0bf7e06f081876a6bf1d685ef0,0,0
f3e4c4eed27dce28c9be2e722bcb4dd1954376f0ced86702a01d9c467718f9de,0,0
f3e4fe68de65f6234a5e047c598cd746d77e8e262bf8d1dba929faf68179964b,0,0
f3e761cf98104158ae8da0554b20551685e780a010a8558e2b29c4c97671b82f,0,0
f3e954a6ee3cc4aa5eb5d9faf921eec81342d52cb2907e3f05922028a52100fa,0,0
f3ecb1d5bf5ebbf1de9026b4251eed43e6f5a7982cade2513f2897240ee2b882,0,0
f3f7484adbdba6ca2291ff77dabfe4598285830e86fa01cc15ef732e0d6f4e61,0,0
f408ad2e6338b9f3c0e8cb7e8e9de981dbee0b855ba620e4eedbccdd974d6aab,0,0
f408d6f1133e8015aeb0e92083b02998a5cc865ba425090d9fdd75292d4f9ad5,0,0
f40d07150b5c9684c868d0df32e810284aaedc05366551b354586e316bd571bc,0,0
f410a535d0545561b6888c64ea4faf842c390f2f473bd2ce5b7f2a1d7e830c64,0,0
f41631c31fdae729e2502d3368ebe79392682b94bb244c36b7535c73191be20c,0,0
f4178a7dde9b757f5ecdb00ea272b3a54fd1c8d0ab146d36bab6c09519015726,0,0
f42367d3e4e80a1ebef7f539f586639adb1e96bd927f5044eb176dd4b2ba3aa5,0,0
f426ba19a6e1e5277e80e4ffec8d199ebcbbd4bd4517078539acd63fffdac8c4,0,0
f42c32ffb52f71f7fd225bc64f5f0b8aaad5fe2ef319170e03ddfa154b90631b,0,0
f43d114da7d3673361565a6ef93ac0889bb56a67bcac0fc7a03815837b278be2,0,0
f443fb3626521d6cc43188b913660a5f1ee8b608e1e17135a75019f9bf2352b8,0,0
f44b416fb8455ff4056757c1d52cd56b9be2f3ffe6c74e1bb609e6e3f3c5f5fa,0,0
f45342818a37a77aa36063e4b6d93a9432d23723b23606f34d9f593bbf2b62e0,0,0
f45c8b147c34cc64716d2d565e3429f96f4ce6940a105822c4c5ca574c25c07c,0,0
f4619084343cd4ae205cb25dd744a68c2f24374954f61bf2c75a736027bc9c26,0,0
f472cf7bd9394a8ed8f7e2f6050c0737aee4a5057557f71c2c376c8538c7b912,0,0
f480f05121605344e0f9db70488bed95168c4fc8c52a20fcfcab21e67fee986d,0,0
f484959ef3f87d081695d24a7403df230296901a8b2ae8f45b437d7d85b3a5c2,0,0
f486d30cc8e806531b09a91b9fefdeaa7e264cebacaa7512df3fedbc5a07fec4,1,5
f4878ee34b32a0858afc807f60af7b18f6e68559a8ccd6ec3f69befeb9fd83d1,0,0
f48e1a378a322f05d1d713621e6552cb7d345455e241a0133ac3a89fd8763893,0,0
f48fcd58b68cb3e4f021f27e7149c0e0de40b5ab1903832e2caadbcfd024022a,0,0
f49bbba7dd9a5b6963751b17ebad07080f8a7b94d715852c46181f7320419989,0,0
f4ab3ccd9a994c110c7a010a836c215dc7facd587162d78a2d71d402fcc603f2,0,0
f4c44b28bac419ebbade19a02061018d3a01c25910fa526ae20504705cbab235,0,0
f4c468227d63a0ce7d6615856688af28a123e048277ebce78bbde2063d64da7e,0,0
f4e9c28fbe1b8d2c4e89c61516227fb67a1aea1e0ebc6c3f3611532645ef1397,0,0
f4ef547cce5eeb0aca413bf5be6c6ef401936ad39be3bbdcacc4a73ab903aac3,1,7
f4f1c37fa1bb08991c3e1b99a9390d9bc76f23aacff673097a4539fa529f7e97,0,0
f4fd03a2474e6f7c8ac638833fef2a9af435eb26340caba3d62300322da65b83,0,0
f5007ac3e587769ae666a70cf5c46fb73ca33c5caf6186ac171f7730d0d99aa0,0,0
f509a6d5a857353ec2764ffb05e261464b470263cbac333ece21dcf7ac590cc8,0,0
f533bc22f4d0ecb4b7f3e74c9c1a1e22c0fb9fdb76b950fe35be7a5af617fa08,0,0
f55bdcb80a49a7f7f5abb0ec85393b807cc04809f2fc53e0efcd0b545d4d3150,0,0
f564be452d4546ac7f98ad8afc87e180626097cd46402883fc4b6982ae7531cc,0,0
f56f9d74da114d46b382605c520d440df38675715e294ce20c1d932f27d7bd67,0,0
f5703b20cf38d00610dbd23afaeef49367547e214b3102361f82ee6700c8b55e,0,0
f57200fa01d54e054368d526507f4ff3e66f64470ca247d2d90e0b24f7fa4810,0,0
f58d1d76b74504ee0c88a3f3e4e3ea5acc80651c10161b7c01ca414e222be8aa,0,0
f59523fe4b4dd11a0b73b7dc6aaa383aed8862a4336dba35254d663d680bd253,0,0
f5ab48a0835ef7579531846ad6dd1920243b08d6faa3b0735d43c2be822c418a,0,0
f5b6df1ca17120f5e8b1962115ae1714724dac7f3c5b77dff38f5216e09084a6,0,0
f5b7a9ca35df6d1ddeb5564e850b6d12abc6e22651977d4c06b4efb75ae1feb6,0,0
f5befea7297622fab6878f8ed796967132738a8220c2291bb85452e222a02133,0,0
f5bf238bca6805e74b43cf5ef28b2616e55badedf3e451fb80bcd4ace2bf7f7f,0,0
f5c76d2428d3bf189d8baeedcec454a005fed1f281bfd0fdffa5f7473667eb21,0,0
f5cd86a548c0b2e24de7c6fb0015bdd71c270ae9f27980f6770a318ee80ceb5a,0,0
f5d1c1b4d4f648e1a0901601da0f83468646221566c001af603cfafaba6228fe,0,0
f5d2a350b902979b0ebc04c4fe4f62e7bbb191f01d2c1ff182b712f466ee5669,0,0
f5d44de4611959ebd22713e81ab19485fc89dbb8ce89cde34be6efde7a694ada,0,0
f5dc21f2e0ea92ab99ddc5f4cbf5ac0ffb16e4bdb537af80dc7dfd31d2a7eaee,0,0
f6024a1d4f68b742d769dd3ce089c9d44b745776f29ef34ca5057ef913cd8a2a,1,3
f602507ccb48fc800963e7c8e1e029e10ecc3cc578c1a305cecc9e8f9795b18b,0,0
f60664cf798676c3c423b64f774e2833e83f1a2736c010133a0563a4a8d2e88b,0,0
f609d190c4481eb1c28c31d8c5c8d2041aaf790c3dd1cc6010d59c0d8d043856,0,0
f60f61abd14f871ae96264867ebfc91f65a6b58b95128e6e595c00d0202e01e4,0,0
f616e1a21c7b619697fefef12560232c51407eef6eaf6fcec992d7d37419f10e,0,0
f617378adf5d5ff8c7004df4db154b46e75245f8fb35fa0aa203420354c44d20,0,0
f62d4da960096566d6f675fde3831e0b2980bdd3cd839680bc1c518c5024fdc7,0,0
f62ddd5f50e92f84a712826eb2f8967864244d1bfe46edac209ff05c551ffdb9,0,0
f630954304176be369e4bf4a0cd6b0fc347aabb3437f4d2b79d4620163bc77d4,0,0
f63a0ffabcb6505408e69f5bd2ff78ce32f46036835fd7994b0195f4721d52f4,0,0
f642b441e7d5fffee820d4e99808d30ae74bb2ee33b6c7eb65e3b0906095e9a9,0,0
f64a2f97d99e3dfee7ef5b8febd013165c8a7dbfa552b9d9f5486ea1d04fde23,0,0
f6578d377e250465f8265f5b9948463e8e7c28774d083b30e5b09d0d836cecb9,0,0
f65c20d748f82d9aa2f9c4dd572a736faca792bf0a0bc285a2973428a2f2aa2b,0,0
f6614545915eb2ab5e21bc3515609b42b920b1349d7a82c1bc720733a07857eb,1,2
f671f1ff6cbf518ccd09ddf39507bf74757adf9ee0967d886415f1a17b4f07ea,0,0
f6774916038f6a8338f70416210f9fc2dbe482dce40a0a76541799cee5eb92c4,0,0
f67e45df4e0036f979f58b057505b97e8221f3cbb634ca045a8f9cf5c1f52bce,0,0
f693686be54591c6e03d874b3716cb1360f35cd519f278922701f102d06797d2,0,0
f69a84389bcc897a5c5df0a9a0582f3bc85c365922edc9add848933295425d9a,0,0
f6aa07b47aea180f1a9909e2f5bbfdeae7e343322ebe7f155d5d608894a3e377,0,0
f6aed92e183bbf4716308bc4f925cbd0fca5caab4f9fea9038b14ea8e144682f,0,0
f6b67f49e7a8ac609414e7f3468b3aeefa1166db8ecd1747c067fe591cc3e118,0,0
f6b8cd3b34d12d567dc77435d3c84771cf731f595b07a8ba8f72bad53ad6fd68,0,0
f6bd628863aeabb6e457fafc3595cdb38b16364b94c918ade6b6b60740daaeda,0,0
f6bf9ae244a8c44f84314b77ce8dab58154a40299e2e8ae67993c8e4a4532f37,0,0
f6d949f0a326f1920c33533630a6b7c8f8b4578faa43cde2ca87eb57958d766b,0,0
f6e5f6948ed5c8c867aa1ff93369f2f4c1edd77de15132d96c3574c687bf0f4b,0,0
f6eb5f40a8e1a28a8bf8ce1c1c76093663bc7cdb85055b5cf97afc380ef7b28c,0,0
f703a9f01e97b8b68e3a11494ef42dadfd188033ece57a459263b9308848cade,0,0
f7049caab149f5d8637bcfee244d6320e5b79a47cf916908acaa32d70b97996a,0,0
f70c7d8ea23770299d393a7f3adfecf3b10945aef088d7d93438b671aa24a8b2,0,0
f713e02622fd271d7fb69a393bbdf9ff5c85ace5a2fc3b0799083cc9a2c87587,0,0
f72d4c307f91a3c0db8373f788a428444709756f48f8700db41ab7445413462f,0,0
f72defbb67f4ecfc0f8616ac3b531b32d30ced8b5522832e1454576cf2b5bf64,0,0
f738f0afdd4f69659f9584707015258e29e6ba47e6e392bc91f9d36913c8b83d,0,0
f7435493ca5751054749dd2d1785e8ff0a2a49828e9f7676cf49b1aa306557cc,0,0
f744cc47fecb9847e35cfbe40522d0917a79af331a19babb0d2d8fbcefb0c0f4,0,0
f7491aee5aaf6ed3cc771de725702ef39de133256436e809306ce736d77e1d41,0,0
f74dc2c585adf5bff45a94f5ba6ec2ba4c734a07902bf79b3c38e10677aae7da,0,0
f75eb80e3c24fcf57ae31caf02f1e446dd7eca39fb078f72bd5cb2f055239124,0,0
f75efdf036b62b00632a79253495d0f7bef2814c6eb073bf3428b63fbb87a536,0,0
f761d3e1815887c55866ea63b0c894e1c8b419acc37d2ed44160fcc4a4101886,0,0
f77487610c26f5519b8a37e49027e6873b23f138c6fa6612aacc274d72707acb,0,0
f77522dd8cfbe9b6bb065889f417ce6734d6a7e5f2b271b1164132aa007435ef,0,0
f7888ff693b995f4b1b6c215d55cf39df7a6f680de308eb91d38594d70ce545a,0,0
f78f5e6a69e4384ef1b7cbce24656cb954eac91d55b28fa40c094e8139b298bd,0,0
f794ae8f17923e183c1a79efb8f71b2e37a305a47faf96cb2ea9c7231b458df6,0,0
f795dbc925036d2a046443b6bcb93474b6ab46f1ff1c8c8f0e758f1ee54e3391,0,0
f79ba931554accd7f0c45ad7f2575eb9dc3d90144b5618d59ce0cbad959f1dcf,0,0
f7b2a3321429b7ffb8cfa58cf0d9ec747242d490ebfbd95f5702cd990f0d9771,0,0
f7b432e4de90cc2429cd7c9ea68925710b80f4d59a95b28e64a7efe39b3f3ff1,1,5
f7b7e0ba2f43cadfaa8a37f729e1213f7cb3729d7a6382ba4d5f26f147be2adc,0,0
f7b94ab9692e91be43101ddec04d29c57c9c617384c362a97e125c61a7f23df2,0,0
f7c5da36c4b9ca3ffda3b83146cfb0b4d4bb4c0eb7c61c6994ba24647b6297df,0,0
f7c68c3a4b80b25320920fc8f9c310786ef28e302d4b51da166dd6ef098a44e3,1,1
f7cfde8c8e31bf429e182efb2a256b1625548848dac29df3f2b9a534f330452a,0,0
f7d50c1342b3def907970b69285bb5f8ef0b2bbe3b09d39e6340c415b99b77b9,0,0
f7d8b497d392a8b866f2bb1a0827243f5ebc7727aa535678d28a6f310e229b77,0,0
f7dc8f26590f0e1870b5f6036ad8b20235c1198597b97ed2c4b8a1eacb3c427c,0,0
f7eb56c4e174b7cb01e6abafec57657b0010a3918351db86eaf4bb4bc90bc255,0,0
f7ee7207169e96dde82074e261644f5d3c02d25f96219a113bd72f79294ed0c8,0,0
f7f083faa9dd6ecad94c4829e8e00c147973b312f6c78dddac5b36eed545d30b,0,0
f7fd2b775c0cf259743f227fed2d095db7b91550d329872f41f6daae2da0a0c0,0,0
f7fee5eba9dc96cb3a69ccaa99ead7694f8fbe1cf0490b13ba2d26385dad834e,0,0
f8004de39ac5d745cb0d0ac8eaadc445640cfa8fccf4da1dc564a5cbdbdde4c8,0,0
f806bb5a858e678c4b920128db5fe49ec139124abc5c0f4662480924e4bc3c6e,0,0
f80eb518523b9cd75cc5ad3bfcf154079bfc48fcb52a6372f953b982fed146c3,0,0
f814ea64515b79f40a34f25f9872661e70cbad36fe2d06afbfcabff201faf20b,0,0
f81fecd7eceaf7375ea2d312ac748f3fea5a0053f2a022c4e89a0fe3ea17733d,0,0
f8215d50e10e49d86887ef055185e5e9c36e4b8b3434c02f3deba481e1be571a,0,0
f83cf188443ba5fdabed08ca75e6394971d4fe6dd3a8f37f9806a8b7105a346f,0,0
f84c6666032cd7bf27ca7147a688835c3b0c7fb75684d5324728a84e0856e473,0,0
f85ae29027727929302f36dde5de607d02723a02bf686bdc332ae65153d8ba2f,0,0
f85b5a8f2d18f85712ba98b64b335aac0fb01106bc87f7e1e8987e40f5e008ee,0,0
f85bd74d4119980f12bde4c9b653e04d1afeadefc5db4664defd7610019d3708,0,0
f860087ae0fe1314f7dd88dce6abd382478511e7b737af27ac1157c8bd5ed496,0,0
f86968811814921dec2a8102bb759a90c73f033bef0fa80322552089f60f297c,0,0
f86b6d3021be9bff6cfe00f4cd1b50a72852975198bfd27f3bb6e7c3c7eabd43,0,0
f87def915e956e085f132e2e508f712a75c2c92edb2f509c26817f38adb783d5,0,0
f8844f984b4bc843a5f7601dd04dfc6045a4860df54a3ceacf7bc5140ac49338,0,0
f895d6bd268c21d37a5d7b3c99d490a459708041c7dbad6f874f318386f5c5ff,0,0
f8a4ff2ebeed7d77b544f14505377e5d455fecf0273abb8693780b01d9e3678e,0,0
f8ab857bac69307b4114aa1e98de65c6f220bc0967018f922d76e02cbc64ca8c,0,0
f8ad3442e4ca01134ed118f32c3a638607edb3f4371b34c2aa2a8efd836562ca,0,0
f8b7996c1d30026e51b31690787e90a045a990f782b0539b8837ad0f571e6b49,0,0
f8bb12204fedebd2cbedb1659eeac5b95df13b420fb7ec0777f2e6833bf36f15,0,0
f8c34e3098c1b21b11f02a3429510d082e8d4d5c8c6f4e07edd75bf9f44f2248,0,0
f8cc0dbd4c3d7f0f4a6a1aa38d9102c8a92f5c67e6637e5fc750952c90c7f819,0,0
f8d06b4e49f403c278acc06612da42caf5e8321f5ba02aa619d6202688210ba1,0,0
f8d7ceda9123c5d4af135c8c2d926678d9f82b0795d46997f66215e3ae1fa336,0,0
f8d8df7ca26eda50ba5ca951a47bf14fa7a148cb133ae26a6b92bae9ef3e2ed3,0,0
f8e2075d2f3c870d1c1a092eaa049b1c8c5829535583dc7dcc3f732cc2216630,0,0
f8f093532f0d140e76ded86216fc6bc769e7a466d9e49425d2c9ca4c0b049cb0,0,0
f8fcded4d84c410b33f8aea7df52fddde704ef0a8860b5b2c85ef5eec4fdf6cf,0,0
f901b5575597ba7e215386be9477b2d24891aa56a0d1d6031f1744b1d0aaa134,0,0
f905760852b8c769949bb38ba49bd2c84b1ed95351022c9a5641901f776d27ea,0,0
f90dfd88006326c22e533b1cb78fa350c1e825eb0cb72f26b95874f410c554aa,0,0
f91896788202181ee15ae8dbb5dbd3632642a34f4d8088aa89da27b26d89203b,0,0
f9302da6894d1c462948af12b39e83039a4bb74f95706b6876fdadd2e997cff5,0,0
f944e3f3b6f432301cc12959a905026e4f4ca7ec64eab01e5549e7e5ffa8398c,0,0
f9584280bfe0eb7f310020097d6a476d095f3c11da2679fbed3f258e41a9ad05,0,0
f958ac993c548cd5487ef0c86ba75f4e523456b19797c7b53d50a7a3751aeb98,0,0
f95bcee3706a11f4f936c0b365cb5975a0aecc4f135bdb9bd6cb1a95dbbabb9d,0,0
f966072a09adb9765f7eef0f2e7dee38d76eca2b06c1a89c1518407b1399eb47,0,0
f9818808a2bd56aa51ca139484ba56166b9bd4b548cebe5b7e20aa2e9071bdb7,1,6
f984c8f738bbbc8cd1c5dfe29ccce27aa7b3c0c40e690a87731d7520ae32301b,0,0
f98d0f0d952757a3ace01d01dbc70390de9bbf34752d903396df47a22f470875,0,0
f9926304a4d4164019ffe98bbcb60cb42f7450ccd1ab9ef136a00c5623fdfb03,0,0
f9997c84ff140731381e2e9fc76cca17f71c6fd977ace191ba58c5a775f13a4f,0,0
f99becd4c7c5d035ba876409674be4b6565da9900a591d6c89e869ea1a84e8d5,0,0
f99fe3cecd18ec58a19a00ce44592892b6dc442aa5a69b6ff87329fb7c4dce97,0,0
f9aaf0cbe4f4deb74e0f76e94cea92912707ec85e0206a5a5a5b447c5abad959,0,0
f9ae9204bb5002c2295851131b63886ceae04b80a6430f040d3a9837487cd67e,0,0
f9af9f4f23fe2a6e2abf77c78783fbc1e2b7acc3dd0f842149e4c5b9f8ff991f,0,0
f9b033ff5705fafa9c9c03df3d43cc894e13b1db00c4a030565839c04ebcd6fb,0,0
f9b384b7e8bbfda723f3d58ea4806951ca357083c037259093998d43f5a76089,0,0
f9b741884d604635af8b0bf03d8029a077e371533fc0b539900c1bbaeae6e57f,0,0
f9c0e076d2aa423e577b682e6ef522934c7142aa3957585591bc7eccbd84fd15,0,0
f9c2a6b3a9580c7da8c4a708c351484d0bc4dc8c4f9fe0e5c18849e6d4b3142b,0,0
f9ce2d35158625316dc76404d06a85aa53ed5521cbde2e6ac6887ffb91a33694,0,0
f9d42042e376fab3c9593800ec6ce815219bfda92b1527fa103dc93d0166a2b9,0,0
f9e368a261495494ecbb682dfdb593afa86d447ba565f7bb60ee7383ee0c2c16,0,0
f9e95d774df58678312d4a8afecd0cf1f337c1987db236b357d461c2ba0ac867,0,0
f9e9e9bef9deddab898f2b835b8716630d21208d9b0b422b6179dbad6bb449e0,0,0
f9ee9c4f7c8234c159fdab705c17b39fef1b074756c38222b504373fb4ec780a,0,0
f9f5408a5f7b5d678d6e006cae36270eb14ad699f84f6908975fba52aa93fcd9,0,0
f9f5e5900d931098ff6e996232fe15308a534b9e6a8e654d5698ec63daed2b70,0,0
f9fa1a93fe1affa221996b7a36b01d3b2c3b14ebf576ab5df24d5475052e44a3,0,0
fa03ccbddea73551fe59d170b0a6c8ced1cf8561018384385323a3f0e4928f36,0,0
fa06f09b6a00b002376c3e7f20bc39578ddf624df220c8674d44c1f1e9a7e7f5,0,0
fa11585c5d623b88a8666bce1a7b4750931cc0c488bf7f80083fd6249990e721,0,0
fa1940c77ac9ad547edf2fc3fac8d36f039c20473b7d96ae69f6387630852287,0,0
fa2300f0317dd5c1050f6dc16d04e869a1bc386934340179454a17ea970df6e0,0,0
fa2334bee601b7c7c72f23c26188bcb6d7c5ed626837ee46d22ce66fe5a632f0,0,0
fa26789434c53e19630a27336b749987ca43aff2673b85e6c6fa209e1505628d,0,0
fa2a434e37564027fb970c7f92a9d2956560bb64799efa7354232b0206d12024,0,0
fa32390a498d22115c281a5318423610bd0e80e08e103d41da473079ade5917a,0,0
fa407ebfcc9a709128b214a370efcab0b827e8f74d5057f96b87a89335a49a12,0,0
fa5dd429884e2a406c09d657a4a6d4f5c347e078e37991d5cf338bbb564ced78,0,0
fa5ed5e42185c2f7973a5d19dd8cc96b577d21a4895d23d7e51f2714a871453e,0,0
fa6d106e10f2fdb8dd46ce5eaa203265f8ea88072da1d95c57ea9cfdc38a445a,0,0
fa79899466de50f0808d5e2640b2191e848b66091c0e6ce477224464689f7925,0,0
fa7f579ada509d2bcedf037093913b96042419fec288eae97b7b289c6f96bf3f,0,0
fa8db50cb22e94c87e2ddfdd63e03373e77063290910fa7e38ad852cefc5f368,0,0
fa9ce75387132527cbce4821993479d04c83cf5834941be2193d6f311ca3c4cc,0,0
faa01b11624c56e0ee6cfab98e190887ef390499948b43c25a153d84e8d15cf7,0,0
faa22c9fda0feff842a40cdc3ba90124dd1fa50290d7a13c68066545866024fe,0,0
faa7c6f63857928a0c25ce873ac28cb6bd8f544a2bdce538f7e0f550e9817f97,0,0
faad7dba12e2d65864a00b190e55bf3fee09f9b3721f7dc64218553e60a023f4,0,0
fab792d49712103cafc7bc652a0f76e0bac33a4d2f928d4e5bf3ca878d3ccb04,0,0
fabde5510857b4fdc9421c985a3673e18b2a167c5a242c3842db2e1e8cc572e7,0,0
faca78e2a15e5e09a42bef8adcf393816ba780577c04d29ce725cdc9c59fa273,0,0
facc4ad2f06a519e3b39ce08f8056197940a0871f4cbe7cbd855cb22374f67fe,0,0
fada1c8e5ed8f345a95e019ef5e508c3c9f24951ff8b5a7a62a2226af5b700eb,0,0
fada62879054e3b9845a2a038abb6da61741b107ce13362f70cd0c860b6b12f0,0,0
fae0297150bf05a4c5fe6fd858e1c1e1f06a29dbda33f528f2798fab70634b32,1,3
fae792af1a9c423cd75179cd8fd5682d272f509e51d94724013d4f4b849e3b66,0,0
faef875d0294be6f545d138bd23f11534c0fdfc962b45bce8037e616ba975b88,1,6
faf17f586371424475ba75b629c5c47f767deb4b50748418e3dad941811b45e9,0,0
faf492259570e2c2c53003be54b8d5b8dee3fb030d21bfb70360df5cfc973b5e,0,0
fb0a3c36819763a875d6b10639d86777b5f7aebaa569a8d92e5118af2d821e0a,0,0
fb11f57e9903175d0b55f501c8e0be7e32c9a2939ee116c5faebb41a32e2dcb6,0,0
fb14c2809e36dae8a897aef8ece19d970cb810e46b54477dfaaaa36d546ffc97,0,0
fb17efcd99ade03b15c0334776bb20c6ab11ca29a53087cb813494bd4f7d21b2,0,0
fb1b0ae0c1a56b24d8f4cad32e2c3462f483e86e582e29ec20dd12297179b0ac,0,0
fb1ba978e8506a1466303b81ca4ab0d91a58becdaf10779116b6f209a650aa1a,0,0
fb27404fc8cc474dd82e0cd0f932c69b900a97e8e12a0eeab7fc17fc2247eeb0,0,0
fb3871d56c4e049e2ccbeb1456710e757b30d06674605a5fd49e5d54c5764c6c,0,0
fb40210e2cda871b5253e507dd33bf4294d43e95e87d086966250f09994d97bb,0,0
fb48a03fbb374988cfe7271d825f1fa1d7c513c3b645af5f68b7cbd577bb3a7c,0,0
fb4f3260c434479862cfbf0a6ba93bc3640f5451d777e7b8fa95e5315015df56,0,0
fb530486c5156568956897282a31500de09753e597f394abbef4543f4288d91f,0,0
fb5454f54e81718d270c5a386074cef298ba8b2476207c357d4d5df8c9a39ae7,0,0
fb669e7c4811b47ceb3e7c979c1dd81f9bbc629210b662e51e801810b5b827ec,0,0
fb69eadfb45da88da998aa97362cc795e64b445bef5b00b91705d05b4350e767,0,0
fb7087f44b41b5dc5f0641e35da3aeeba21824cac83480e5b898a6d5de30675a,0,0
fb7bc0d82752abbc8e57ca7303175c4aade5ef8e78b613a1e557a245556a4e36,0,0
fb7d80cb122876bf72ab7fff1be56d3202d5f223c474aa8c96177e843a936a04,0,0
fb8fcb2bb8380c2f7fd475592617a69c8f2890f69c0a3d4da554e2b376e82e52,0,0
fb91288d9a56f5a904bed1ef4b3d799f8c2e63a37918ffd55b36ab07c0437a03,0,0
fb95475b80966bdf9e97d63683c27cb6f8bbef8d53ca51206d574ce727edbb54,0,0
fb99230b36f6297da1c78de7ea3753457249a4b161c7c5ca443cb3479743cab1,0,0
fb9956d0d6311dcd0a673c597d318231d45ddae7e44934e433321266b4155ab4,0,0
fba0bc8d036a30ae70dae674cd5440f632d36055c71eec8db150eb8789736046,0,0
fba78277c5530fcc43be11b3666cccfaf9e867968c780846dd599892afd57a05,0,0
fbab07aef513944fc9cd93642c84a34eba97ec567e61889d4f4b7de2d26fb572,0,0
fbacbf75a2be977d9cbea9c00cab407dfb7a3c2052d7ca19a7c7bca85d78ee1c,1,5
fbb007857ace016b969e70a9e35d29a95fd38c07385d1dab6e802ec4e681ce94,0,0
fbb01ca5ee4da8bf0e32497db7c6e1ce73bdb885f9166a3fe1c94b24904d9be8,0,0
fbccba18a9a83764f127193fb547e622ba3f7e1d04dec0ed89c41b4f73b0a0fd,0,0
fbcdd977b42b52102b15e70fd2ffeff96a072b96f520ab4b42ad5053e6a4f196,0,0
fbd18500e4a1339507d31b4f06c4480cb746a472420248d631fdf08cf15453ec,0,0
fbdaa01a8beadf42a1b363284c2d4628540a13ec0fafd8266198060445b257a2,0,0
fbdb2389429a390e238f2cd7ca9a4632fc13256eed6579249471b6120c7d1f8c,0,0
fbe388188649edbb57a3a123783794065439dcb175a5a198a87e60a407e35eec,0,0
fbf33b824d3f343dae51105dd65b8096ace98905e53bff7c86768aa3be196514,0,0
fc0786e6c05b6c177d44553934ae0e7a4040d537ab9de613d5622a825c08dfca,1,3
fc0aa45af2bf68ae7835c53bae8cfc1cb36358575a6fd1314b1403765b435655,0,0
fc16a0e26a6355d56ee87faad0fda782934804567f42ca81d834899c5e79cbad,0,0
fc2291b66174ac1396a16b6a74eb52ba735f2addddc9996cef867f8102ebbdec,0,0
fc2319c749a0da8d2389ee1ddfbaf6cd67ddf9af82f45ee5e25b0de19cf5193f,0,0
fc2385ddcf6dea97ba2b226345d0697c5378280b62725f7672aeb107da376281,0,0
fc2977f77d8d20d52b532ba3386363123656928c0a2149622bd9455ea28afa3c,0,0
fc2a89ae18fc4fb306f75e4b4ee71179247349c76e2cd0174940dee403838d1e,0,0
fc2fd75d97b490e148e92cc4a59650ce76b3a6d00927706b6d179d40f16e9b10,0,0
fc33e93d343a8db31d5e37fcff6f661983ba415f2be06797d6bf0d58089cdcdc,0,0
fc3b3db32f746ed6e9c298a0e06b4fad119569fbc0e0ac1312e0c8dc2d4c36df,0,0
fc42bbe4eb8bf67e4209cbbbd40045ed53842cf73a31305af519e3b8afb8e021,0,0
fc478f7d03a67f3db5703af43081a13418a4b81280c9b2d87229282d77ea92a9,0,0
fc4f33a6a101100419c840355a0303ae57de83d23b0bc5c31310581f02031b13,0,0
fc4fb6da8245b30ffe86d4eb331273066654197e73946799e17c74320c083f07,0,0
fc51595c96e7eb9700b9f1bed8adc64c2f2f99e15bacbe5ebb6034f9d53bdc34,0,0
fc596cca519fc6db66e68e573b8f37a917c7f483e629ea6e504e8916dc616477,0,0
fc6d185a1b9299032c4d44b6538f7ccf63a1db108c77326102c7e968133aee12,0,0
fc73a9c5ad7e56f792c87ec4e8e6f73288fc03bbcaaa5d87d409381e5d7d2383,0,0
fc8c6fcd5fc273614137e98a1847bd5d0ea53748477b3d1bb576f8a9d0d70d7d,0,0
fc9cea10ec50dd2905c848a57709f62dd5750b031c42a1a7f1419c6dcedd308f,0,0
fc9d598877c843920f9b355b999b87a6d4d2b87d34697625b6d7c538fcda9e63,0,0
fca0ad68b01f83ca51fd0df0c031ec35d222ed3c7f8d5baaed4aa0ebaf56ab20,0,0
fca19916aa9bb70a33972a72d7ce13e7b21a4afaaa706ffca4bf52a43db26a84,0,0
fcb3ae3613b8f5f23a5e702809fe77ce3f2cafa51ae7390d34512ba73fc8430c,0,0
fcb66c198df9ce52e7c7c7f5b286aee21fcbbac74234a04be2da3b8a885e3232,0,0
fcbeef44e81ae8315b70cc0bb51c1857b44f9afebad6c492fee95c4fd622b105,0,0
fcc8eabe04ce78b0304d9238fbc95f8228b7a5e1866e8f65f7b28f372d8fb8fe,0,0
fcc8f1245e1c433b49e1e98a1d3207c552e87199d095dfe49366f854d39a208a,0,0
fcd63b835631ca3c0a5634f1092b5ccf4948d45a0f4f3a6e708122bb04ab6cb2,0,0
fcdfb439b755888e396d12d0a9e106468b03c7ee451467ef40d8c3c73affa800,0,0
fce629ef6f60598e7970955bd65c761d8ab0a8ef45fc342b32f11c8adbd66338,0,0
fcee330322335eb22a4aa5ebb925e9230bbbd00635599e99b7b15313201f2608,0,0
fd02ad2277ca884da9b5e5b605491f46c415f149875a6c8d7ac90769e1c4bb0f,0,0
fd0c17411ba8bc84d7d9c9d190b2534a99e8d8443311453c344b91829556f29e,0,0
fd12c492dad45ce005eb5ca9cf6369936c07c3c8eaf9abd031b3f00231445dde,0,0
fd19d3accff9716243015dc69277791e5cf932033d6a37a66696954465770be2,0,0
fd223b885d68365ec9c43a90e7eb7223503728db50bc7d6498b2dec75accf051,1,3
fd23c49b0596bbd1e544d87f28b9639fd640636d469bafdf31776980becc71c9,0,0
fd259e888b4f5ed15b22ae51d21a4e37aa7cf0304d905abf0b277946732ef6ef,0,0
fd3286caf2ef0ae7ab9f8ec81b93deb06af49d235e22307342edfe36887492d9,0,0
fd372dc72fa9c359231107d85764300bed56e09ee83821fa76678abe3d478636,0,0
fd39e12b252167027d4398910262c4e27426a53ba7b6b254d69fac1e1602abf2,0,0
fd3cf96dbfb65fbd67adece45fa5e164fca6b10b5584de3af6e6ac5e8a3bcbc3,0,0
fd3e5e81344d62465a30adbe3bdc9dc1797c3ba82389cde2af1074db484121c6,0,0
fd4cbf96992f118d436d951948acd4c95d80f96c11e875b0341d20807b35251d,0,0
fd539aa2771b4de0fdce4d896fdcbb57070078d79319485ebcdcb89f0e1342c4,0,0
fd55d9dcdce6f0708f0392d55b7756ed7a3ceb1ceac31902acab4796c6624394,0,0
fd5d7bd7924d47db6b2175c7ddc737d6f571a8e0481392c7650edf4217fdde1c,0,0
fd5de3d065b3981f37536f0ac9dfd5bb4e6e7438f7954ee1b0a1a8019bfa7286,0,0
fd67344ffd3327d294d57637e27dea56f3e609e00f4e3c88da98e8e20d7d6f5d,0,0
fd689f459a7e7b4b304183d818de5862106d26942a2d60a1b3b68d6e0442316b,0,0
fd69ad101627d85e1e198b021c6332e3a643c65a6d39ee0e78001869f329248b,0,0
fd6a90d0195231da64f9614c28ebb0d18f4904ec328ab7f011bfe2293e8241fe,0,0
fd6d5418cc71623f107f8fd05ffd7bb627e82c37d9083f83b6eb88fe6961bfa6,0,0
fd751385022101fe0b86bd8471e2d12902acdbb3b68fa9cba1c67a46f2cf4046,0,0
fd83d0061a34cfb33a21a39959dcba1f77880788cd75bff18cdc132c4446c27c,0,0
fd88ad81283dcc9a1edde437e6cc599597e2fa525fdc082885f6aaebb91b12f1,0,0
fd95273d82d1dd07e7aa6fd7f24e93df035c3b55b35c9ce83dd88cbd343469f8,0,0
fda61916b2679f5f85d4e638327418b20e1c71b5ea0904e92748802709e691d6,0,0
fdbe9eab81a6fd5040b6d8964fd78b5fee46cb5224d208b5e36ea7df25ac63c2,0,0
fde02e1778fe2e8725d8b2d9b9685e2df710ec5f1a912bd242b50f7eee64f10a,0,0
fde33c8f78adc4522176a473e9b08a3ac2ff7c9ff181a2ef6ad2611b2267a639,0,0
fde9558fdf578c6b8a497633401c410b46cb9e753e11a241a4aa6d31b51a70b6,0,0
fdf4f20441003e33af4fb5272e6ada6ccca4496e412c987bb7e362f2b630b5f7,0,0
fdfc6d027232d3e81776867eed76b0ac8f38c58a787b198fc20c30b4fb90e769,0,0
fe0c0a6b8b765364ffb088bab71beedff87d296f21ee5497ad34c1dfe9e0207b,0,0
fe1d30ce612144b4bc15751dfa87c6d6f7103d09f430a6667841a2fa915fe5ac,0,0
fe40926f03b426c0313efc2d452e52d5e12e052be3c3f8762958825a6d828432,0,0
fe5cc222ad4619b06a477c399e15559893ce33ab1397e7e961ae052c33b97dce,0,0
fe62b6bb5166da2605f95821a722d49550a92215e5dbfad40b02da91f8ad6e1f,0,0
fe6bc9a211cd19408445e79d32b1c3d0ba7af9d073f852e6fc4dd244593578ae,0,0
fe70b92a77a969d1618721d097d217e28941132009821e08ca5179efc651c51b,0,0
fe7f8769637fa318c0b8dc8a7f775b9c99dcd2ed20bb8c5ce3d660e92e19c67b,0,0
fe8bb32228dda82e809c9f91f6ea426e267174ddba13570c1c881542f0091c52,0,0
fe978017a4a23462fe7596d32b5fe96d11c2dbafd19e2d8d17521ec7ee7e5637,0,0
feb10af970a7228cae1a06491c34a217a6fa02b58a84919cba01e0b3bb7e806e,0,0
feb67ef16f3c52136b03fb280c2c739b9ceb6b70987618b824ef02289c3c1fe1,0,0
febb97c406b4e7ffa49fcb4fc68cd2fb6fb4b18ebe3cbd780725a2dc4f0a35aa,0,0
fecb5d348ee6e02f002b9727c6ab32065edea8c155a53501e046b75ee44fe443,0,0
fed0a193650c2f4ac2d28d583846d53e302aa6ee4efa0ace28f01e82d5e2d8fe,0,0
fed838250410ab4decd572db13f11d88e3cc7ede14f02dd3441f2ffbe86155b0,0,0
fed8c0a0ec29e4d5458b20c78d4ae77f75b00bf74f89c824381394c260fcee02,0,0
feea2470572cbe0b3c76118b964dafe9606c84ace198cf47cdb3fe69b4f5c2a1,0,0
fef9d36aea14498db36f6e9b61eff16fb5c710f36f29ab818f1b5d687c389dc4,0,0
ff04d4a207ce1d3e38a744c892f03d2879eb79464c536dff7d21006ec7b6adbe,0,0
ff15cf8a0352500bdd0e4650f6e4351b7b590916def1f7111a7b8d664158d984,0,0
ff291c23e0fd05c437bcf106f270dea6ce49b8c94af293205b82c4113c778074,0,0
ff29f6f0beb47cc94c09fdce2180629f35cf5d10a73dd9d0f3dcfa258b2b17a7,0,0
ff2aff6a43ea1d49fd1bc6df4290b5bd642d42c88eea51058b0e7c40fa8c324f,0,0
ff2ca82ccfca494d357bf37e5a035c7550b61e1db0a80c547e721514f69040c2,0,0
ff388017e4789db64ae2a6510c6fad7445a03dc61fdced2458d69864cae25787,0,0
ff3f0198d339751d0c8b0a60ff5dd0b1fdcfb2d497fb1a609ea6dbf53267ba1c,0,0
ff447ba6f1f0d9521e3f3c06170afa9a8a6ae393d849e40e4488da4551c04425,0,0
ff5d8c7c495bd142976fac673735c6acdbf2277ded9891f49ed51ceead9f8082,0,0
ff60123636991db3159e562081b095101e41a2eefbdae811972244d21bc87f66,0,0
ff6a276d1e902cf3d7dc71a48ed75367bc3d6055406fadf1d6a7343079479694,0,0
ff6bb329f6e1cb120c8ca95109f69b2410764ac2b091fb1919f2946dd0935e17,0,0
ff7069e2e9eb749452df029df81109878f92c2eb120dace35b8b1b5700f5aab4,0,0
ff70c3ae85b9276c78c8a2c60258f3009d4c5f307677f9ad177eb194cbf753ee,0,0
ff766329f84e3ef9227b5bb0ebbd2b1650a27ec7da7745ea472b03f9ab43b378,0,0
ff77193070768b42b394d811ab8c41a95ce9a2c27030b6c2a0ac590653c4139a,0,0
ff79f38f179db17ca8c2effc10ae6c0fcbeb6e4bf3890ad6b31286049361de1b,0,0
ff81c42b52abc726bd94ad5224a9ad559194626cfd408fd50c13670293c04a42,0,0
ff87666a5f1cb8993bd7b63e4816c426a95ca61dc5c6c96d2c7f24549f7806d7,0,0
ff977280075059b9d5d234472b50e38cb42e10a4d76375fc2bbee33ae114a815,0,0
ffa2b6db13161a8ffb2d9ed1b2172170d39ee287167e586327212ded87727a79,0,0
ffabee321f7ab9e024c557cf6e652e9e7339f14c285141bd8b3ccc63ddd94bac,0,0
ffb64eb84622eb953abafc8cbdaf67a91e5e19dc72f6eeeae2df40fa9bd668f3,0,0
ffbbf19442443df4f8365844d660be8cd02fe8cad49b55d0db67b537085f1cd5,0,0
ffbccf04716c2841a55ee0c46fc322394992eecc7121fb6868dc2bde657365a7,0,0
ffce435fc67951aabb2d573b835e4d174b7b87f5586cbba520b9e5da8731a7e0,0,0
ffde5549283342df4d2a378da45426dc6d9c9af8c79f2b78d907bc4d8bc01620,0,0
ffecc5637d967a023dad3ed4ff0fa3424ee1139e2dc8228dd0188525242fd27b,0,0
ffee937abb61596d5228116c0bc53ee53b8f16901f0bd5833563abf9c9a142e1,0,0
fff02d200da2b812efa6fe9a61d42ff5db5f8c909742a36dcf550dfa578ae820,0,0
fffbcd89730c7a59efa0a16b685d0d257353fc4b10eadb71287273e8304e7ca1,0,0
fffbeb54be4386a3ba9df42c84257ec2075fa61e1ccad6486dc9261f6ccca2f9,0,0
